{
"type": "FeatureCollection",
"name": "osm_schools_processed",
"crs": { "type": "name", "properties": { "name": "urn:ogc:def:crs:EPSG::32642" } },
"features": [
{ "type": "Feature", "properties": { "id": "node/4542539589", "@id": "node/4542539589", "addr:city": null, "addr:country": null, "addr:district": null, "addr:housenumber": null, "addr:neighbourhood": null, "addr:postcode": null, "addr:state": null, "addr:street": "Sundar-Raiwind Road", "addr:subdistrict": null, "addr:suburb": null, "amenity": "school", "architect": null, "barrier": null, "building": null, "building:levels": null, "building:levels:underground": null, "check_date": null, "contact:facebook": null, "contact:instagram": null, "created_by": null, "denomination": null, "education": null, "ele": null, "email": null, "grades": null, "height": null, "image": null, "is_in": null, "level": null, "name": "Superior College Raiwind", "name:en": null, "name:ur": null, "name_1": null, "office": null, "opening_hours": null, "operator": null, "operator:type": null, "phone": "04235393292", "polling_station": null, "religion": null, "roof:colour": null, "school": null, "smoking": null, "source": "OSM (Private/Mixed)", "surface": null, "type": null, "website": null, "wheelchair": null, "wikidata": null, "wikipedia": null, "@geometry": null }, "geometry": { "type": "Point", "coordinates": [ 996016.274255839874968, 3469796.536820649169385 ] } },
{ "type": "Feature", "properties": { "id": "node/6514190911", "@id": "node/6514190911", "addr:city": "Manga Mandi", "addr:country": null, "addr:district": null, "addr:housenumber": "Al-Hadi Foundation", "addr:neighbourhood": null, "addr:postcode": "55270", "addr:state": null, "addr:street": "National Highway", "addr:subdistrict": null, "addr:suburb": null, "amenity": "school", "architect": null, "barrier": null, "building": null, "building:levels": null, "building:levels:underground": null, "check_date": null, "contact:facebook": null, "contact:instagram": null, "created_by": null, "denomination": null, "education": null, "ele": null, "email": null, "grades": null, "height": null, "image": null, "is_in": null, "level": null, "name": "Al-Hadi Foundation School", "name:en": null, "name:ur": null, "name_1": null, "office": null, "opening_hours": null, "operator": "Tanveer Akhtar", "operator:type": null, "phone": "+923004140046", "polling_station": null, "religion": "muslim", "roof:colour": null, "school": null, "smoking": null, "source": "OSM (Private/Mixed)", "surface": null, "type": null, "website": "https://ahf.business.site/", "wheelchair": null, "wikidata": null, "wikipedia": null, "@geometry": null }, "geometry": { "type": "Point", "coordinates": [ 981444.257160650915466, 3474287.102646185085177 ] } },
{ "type": "Feature", "properties": { "id": "way/960012775", "@id": "way/960012775", "addr:city": "Manga Mandi", "addr:country": null, "addr:district": null, "addr:housenumber": "Al-Hadi Foundation", "addr:neighbourhood": null, "addr:postcode": "55270", "addr:state": null, "addr:street": "Al-Hadi Street", "addr:subdistrict": null, "addr:suburb": null, "amenity": null, "architect": null, "barrier": null, "building": "school", "building:levels": null, "building:levels:underground": null, "check_date": null, "contact:facebook": null, "contact:instagram": null, "created_by": null, "denomination": null, "education": null, "ele": null, "email": null, "grades": null, "height": "7", "image": null, "is_in": null, "level": null, "name": "Al-Hadi Foundation School", "name:en": null, "name:ur": null, "name_1": "Al hadi", "office": null, "opening_hours": null, "operator": null, "operator:type": null, "phone": null, "polling_station": null, "religion": null, "roof:colour": null, "school": "al-hadi foundation", "smoking": null, "source": "OSM (Private/Mixed)", "surface": "compacted", "type": null, "website": null, "wheelchair": null, "wikidata": null, "wikipedia": null, "@geometry": "center" }, "geometry": { "type": "Point", "coordinates": [ 981462.551646096049808, 3474303.531886503566056 ] } },
{ "type": "Feature", "properties": { "id": "node/8459989517", "@id": "node/8459989517", "addr:city": null, "addr:country": null, "addr:district": null, "addr:housenumber": null, "addr:neighbourhood": null, "addr:postcode": null, "addr:state": null, "addr:street": "Raiwind Road", "addr:subdistrict": null, "addr:suburb": null, "amenity": "school", "architect": null, "barrier": null, "building": null, "building:levels": null, "building:levels:underground": null, "check_date": null, "contact:facebook": null, "contact:instagram": null, "created_by": null, "denomination": null, "education": null, "ele": null, "email": "gpstibbapajian@gmail.com", "grades": null, "height": null, "image": null, "is_in": null, "level": null, "name": "GPS Tibba Pajian Raiwind Road", "name:en": null, "name:ur": null, "name_1": null, "office": null, "opening_hours": null, "operator": null, "operator:type": null, "phone": "00923164830116", "polling_station": null, "religion": null, "roof:colour": null, "school": null, "smoking": null, "source": "OSM (Private/Mixed)", "surface": null, "type": null, "website": null, "wheelchair": null, "wikidata": null, "wikipedia": null, "@geometry": null }, "geometry": { "type": "Point", "coordinates": [ 997643.387436270946637, 3475627.789929933845997 ] } },
{ "type": "Feature", "properties": { "id": "node/3643340603", "@id": "node/3643340603", "addr:city": null, "addr:country": null, "addr:district": null, "addr:housenumber": null, "addr:neighbourhood": null, "addr:postcode": null, "addr:state": null, "addr:street": null, "addr:subdistrict": null, "addr:suburb": null, "amenity": "school", "architect": null, "barrier": null, "building": null, "building:levels": null, "building:levels:underground": null, "check_date": null, "contact:facebook": null, "contact:instagram": null, "created_by": null, "denomination": null, "education": null, "ele": null, "email": null, "grades": null, "height": null, "image": null, "is_in": null, "level": null, "name": "Oasis School", "name:en": null, "name:ur": null, "name_1": null, "office": null, "opening_hours": null, "operator": null, "operator:type": null, "phone": null, "polling_station": null, "religion": null, "roof:colour": null, "school": null, "smoking": null, "source": "OSM (Private/Mixed)", "surface": null, "type": null, "website": null, "wheelchair": null, "wikidata": null, "wikipedia": null, "@geometry": null }, "geometry": { "type": "Point", "coordinates": [ 994604.171290960512124, 3478257.589691391214728 ] } },
{ "type": "Feature", "properties": { "id": "way/1263438048", "@id": "way/1263438048", "addr:city": null, "addr:country": null, "addr:district": null, "addr:housenumber": null, "addr:neighbourhood": null, "addr:postcode": null, "addr:state": null, "addr:street": null, "addr:subdistrict": null, "addr:suburb": null, "amenity": null, "architect": null, "barrier": null, "building": "school", "building:levels": null, "building:levels:underground": null, "check_date": null, "contact:facebook": null, "contact:instagram": null, "created_by": null, "denomination": null, "education": null, "ele": null, "email": null, "grades": null, "height": null, "image": null, "is_in": null, "level": null, "name": null, "name:en": null, "name:ur": null, "name_1": null, "office": null, "opening_hours": null, "operator": null, "operator:type": null, "phone": null, "polling_station": null, "religion": null, "roof:colour": null, "school": null, "smoking": null, "source": "OSM (Private/Mixed)", "surface": null, "type": null, "website": null, "wheelchair": null, "wikidata": null, "wikipedia": null, "@geometry": "center" }, "geometry": { "type": "Point", "coordinates": [ 992480.725008449167944, 3479416.213626730255783 ] } },
{ "type": "Feature", "properties": { "id": "way/1263438046", "@id": "way/1263438046", "addr:city": null, "addr:country": null, "addr:district": null, "addr:housenumber": null, "addr:neighbourhood": null, "addr:postcode": null, "addr:state": null, "addr:street": null, "addr:subdistrict": null, "addr:suburb": null, "amenity": "school", "architect": null, "barrier": null, "building": null, "building:levels": null, "building:levels:underground": null, "check_date": null, "contact:facebook": null, "contact:instagram": null, "created_by": null, "denomination": null, "education": null, "ele": null, "email": null, "grades": null, "height": null, "image": null, "is_in": null, "level": null, "name": "Bahria Town School & College, Premier Campus", "name:en": null, "name:ur": null, "name_1": null, "office": null, "opening_hours": null, "operator": null, "operator:type": null, "phone": null, "polling_station": null, "religion": null, "roof:colour": null, "school": null, "smoking": null, "source": "OSM (Private/Mixed)", "surface": null, "type": null, "website": null, "wheelchair": null, "wikidata": null, "wikipedia": null, "@geometry": "center" }, "geometry": { "type": "Point", "coordinates": [ 992475.015887275454588, 3479419.405694180168211 ] } },
{ "type": "Feature", "properties": { "id": "way/445265465", "@id": "way/445265465", "addr:city": null, "addr:country": null, "addr:district": null, "addr:housenumber": null, "addr:neighbourhood": null, "addr:postcode": null, "addr:state": null, "addr:street": null, "addr:subdistrict": null, "addr:suburb": null, "amenity": "school", "architect": null, "barrier": null, "building": null, "building:levels": null, "building:levels:underground": null, "check_date": null, "contact:facebook": null, "contact:instagram": null, "created_by": null, "denomination": null, "education": null, "ele": null, "email": null, "grades": null, "height": null, "image": null, "is_in": null, "level": null, "name": "Beacon House School Bahria Town Campus", "name:en": null, "name:ur": null, "name_1": null, "office": null, "opening_hours": null, "operator": null, "operator:type": null, "phone": null, "polling_station": null, "religion": null, "roof:colour": null, "school": null, "smoking": null, "source": "OSM (Private/Mixed)", "surface": null, "type": null, "website": null, "wheelchair": null, "wikidata": null, "wikipedia": null, "@geometry": "center" }, "geometry": { "type": "Point", "coordinates": [ 993104.868050401099026, 3482065.010287672281265 ] } },
{ "type": "Feature", "properties": { "id": "way/1263451756", "@id": "way/1263451756", "addr:city": null, "addr:country": null, "addr:district": null, "addr:housenumber": null, "addr:neighbourhood": null, "addr:postcode": null, "addr:state": null, "addr:street": null, "addr:subdistrict": null, "addr:suburb": null, "amenity": null, "architect": null, "barrier": null, "building": "school", "building:levels": null, "building:levels:underground": null, "check_date": null, "contact:facebook": null, "contact:instagram": null, "created_by": null, "denomination": null, "education": null, "ele": null, "email": null, "grades": null, "height": null, "image": null, "is_in": null, "level": null, "name": null, "name:en": null, "name:ur": null, "name_1": null, "office": null, "opening_hours": null, "operator": null, "operator:type": null, "phone": null, "polling_station": null, "religion": null, "roof:colour": null, "school": null, "smoking": null, "source": "OSM (Private/Mixed)", "surface": null, "type": null, "website": null, "wheelchair": null, "wikidata": null, "wikipedia": null, "@geometry": "center" }, "geometry": { "type": "Point", "coordinates": [ 993275.787021597032435, 3483445.311666193418205 ] } },
{ "type": "Feature", "properties": { "id": "way/749113288", "@id": "way/749113288", "addr:city": null, "addr:country": null, "addr:district": null, "addr:housenumber": null, "addr:neighbourhood": null, "addr:postcode": null, "addr:state": null, "addr:street": null, "addr:subdistrict": null, "addr:suburb": null, "amenity": "school", "architect": null, "barrier": null, "building": null, "building:levels": null, "building:levels:underground": null, "check_date": null, "contact:facebook": null, "contact:instagram": null, "created_by": null, "denomination": null, "education": null, "ele": null, "email": null, "grades": null, "height": null, "image": null, "is_in": null, "level": null, "name": "بحریہ ٹاؤن گرلز اسکول اینڈ کالج", "name:en": null, "name:ur": null, "name_1": null, "office": null, "opening_hours": null, "operator": null, "operator:type": null, "phone": null, "polling_station": null, "religion": null, "roof:colour": null, "school": null, "smoking": null, "source": "OSM (Private/Mixed)", "surface": null, "type": null, "website": null, "wheelchair": null, "wikidata": null, "wikipedia": null, "@geometry": "center" }, "geometry": { "type": "Point", "coordinates": [ 993326.254259121604264, 3483463.532690715044737 ] } },
{ "type": "Feature", "properties": { "id": "way/1263451757", "@id": "way/1263451757", "addr:city": null, "addr:country": null, "addr:district": null, "addr:housenumber": null, "addr:neighbourhood": null, "addr:postcode": null, "addr:state": null, "addr:street": null, "addr:subdistrict": null, "addr:suburb": null, "amenity": null, "architect": null, "barrier": null, "building": "school", "building:levels": null, "building:levels:underground": null, "check_date": null, "contact:facebook": null, "contact:instagram": null, "created_by": null, "denomination": null, "education": null, "ele": null, "email": null, "grades": null, "height": null, "image": null, "is_in": null, "level": null, "name": null, "name:en": null, "name:ur": null, "name_1": null, "office": null, "opening_hours": null, "operator": null, "operator:type": null, "phone": null, "polling_station": null, "religion": null, "roof:colour": null, "school": null, "smoking": null, "source": "OSM (Private/Mixed)", "surface": null, "type": null, "website": null, "wheelchair": null, "wikidata": null, "wikipedia": null, "@geometry": "center" }, "geometry": { "type": "Point", "coordinates": [ 993320.768260646378621, 3483497.394571411889046 ] } },
{ "type": "Feature", "properties": { "id": "way/1263451758", "@id": "way/1263451758", "addr:city": null, "addr:country": null, "addr:district": null, "addr:housenumber": null, "addr:neighbourhood": null, "addr:postcode": null, "addr:state": null, "addr:street": null, "addr:subdistrict": null, "addr:suburb": null, "amenity": null, "architect": null, "barrier": null, "building": "school", "building:levels": null, "building:levels:underground": null, "check_date": null, "contact:facebook": null, "contact:instagram": null, "created_by": null, "denomination": null, "education": null, "ele": null, "email": null, "grades": null, "height": null, "image": null, "is_in": null, "level": null, "name": null, "name:en": null, "name:ur": null, "name_1": null, "office": null, "opening_hours": null, "operator": null, "operator:type": null, "phone": null, "polling_station": null, "religion": null, "roof:colour": null, "school": null, "smoking": null, "source": "OSM (Private/Mixed)", "surface": null, "type": null, "website": null, "wheelchair": null, "wikidata": null, "wikipedia": null, "@geometry": "center" }, "geometry": { "type": "Point", "coordinates": [ 993346.550971415825188, 3483500.337915942072868 ] } },
{ "type": "Feature", "properties": { "id": "node/4404141789", "@id": "node/4404141789", "addr:city": null, "addr:country": null, "addr:district": null, "addr:housenumber": null, "addr:neighbourhood": null, "addr:postcode": null, "addr:state": null, "addr:street": null, "addr:subdistrict": null, "addr:suburb": null, "amenity": "school", "architect": null, "barrier": null, "building": null, "building:levels": null, "building:levels:underground": null, "check_date": null, "contact:facebook": null, "contact:instagram": null, "created_by": null, "denomination": null, "education": null, "ele": null, "email": null, "grades": null, "height": null, "image": null, "is_in": null, "level": null, "name": "University Of Lahore Defence Road Campus", "name:en": null, "name:ur": null, "name_1": null, "office": null, "opening_hours": null, "operator": null, "operator:type": null, "phone": null, "polling_station": null, "religion": null, "roof:colour": null, "school": null, "smoking": null, "source": "OSM (Private/Mixed)", "surface": null, "type": null, "website": null, "wheelchair": null, "wikidata": null, "wikipedia": null, "@geometry": null }, "geometry": { "type": "Point", "coordinates": [ 998797.804145301110111, 3485001.438994560856372 ] } },
{ "type": "Feature", "properties": { "id": "node/304504129", "@id": "node/304504129", "addr:city": null, "addr:country": null, "addr:district": null, "addr:housenumber": null, "addr:neighbourhood": null, "addr:postcode": null, "addr:state": null, "addr:street": null, "addr:subdistrict": null, "addr:suburb": null, "amenity": "school", "architect": null, "barrier": null, "building": null, "building:levels": null, "building:levels:underground": null, "check_date": null, "contact:facebook": null, "contact:instagram": null, "created_by": null, "denomination": null, "education": null, "ele": null, "email": null, "grades": null, "height": null, "image": null, "is_in": null, "level": null, "name": "COMSAT University Lahore", "name:en": null, "name:ur": null, "name_1": null, "office": null, "opening_hours": null, "operator": null, "operator:type": null, "phone": null, "polling_station": null, "religion": null, "roof:colour": null, "school": null, "smoking": null, "source": "OSM (Private/Mixed)", "surface": null, "type": null, "website": null, "wheelchair": null, "wikidata": null, "wikipedia": null, "@geometry": null }, "geometry": { "type": "Point", "coordinates": [ 994499.555710915243253, 3485696.809549438301474 ] } },
{ "type": "Feature", "properties": { "id": "way/325985769", "@id": "way/325985769", "addr:city": "Lahore", "addr:country": null, "addr:district": null, "addr:housenumber": null, "addr:neighbourhood": null, "addr:postcode": null, "addr:state": null, "addr:street": "B-Block", "addr:subdistrict": null, "addr:suburb": null, "amenity": null, "architect": null, "barrier": null, "building": "school", "building:levels": null, "building:levels:underground": null, "check_date": null, "contact:facebook": null, "contact:instagram": null, "created_by": null, "denomination": null, "education": null, "ele": null, "email": null, "grades": null, "height": null, "image": null, "is_in": null, "level": null, "name": "Department of Electrical Engineering", "name:en": null, "name:ur": null, "name_1": null, "office": null, "opening_hours": null, "operator": null, "operator:type": null, "phone": null, "polling_station": null, "religion": null, "roof:colour": null, "school": null, "smoking": null, "source": "OSM (Private/Mixed)", "surface": null, "type": null, "website": null, "wheelchair": null, "wikidata": null, "wikipedia": null, "@geometry": "center" }, "geometry": { "type": "Point", "coordinates": [ 995991.812930117594078, 3485766.419272603001446 ] } },
{ "type": "Feature", "properties": { "id": "way/327095128", "@id": "way/327095128", "addr:city": null, "addr:country": null, "addr:district": null, "addr:housenumber": null, "addr:neighbourhood": null, "addr:postcode": null, "addr:state": null, "addr:street": null, "addr:subdistrict": null, "addr:suburb": null, "amenity": null, "architect": null, "barrier": null, "building": "school", "building:levels": null, "building:levels:underground": null, "check_date": null, "contact:facebook": null, "contact:instagram": null, "created_by": null, "denomination": null, "education": null, "ele": null, "email": null, "grades": null, "height": null, "image": null, "is_in": null, "level": null, "name": "Examination Office", "name:en": null, "name:ur": null, "name_1": null, "office": null, "opening_hours": null, "operator": null, "operator:type": null, "phone": null, "polling_station": null, "religion": null, "roof:colour": null, "school": null, "smoking": null, "source": "OSM (Private/Mixed)", "surface": null, "type": null, "website": null, "wheelchair": null, "wikidata": null, "wikipedia": null, "@geometry": "center" }, "geometry": { "type": "Point", "coordinates": [ 995205.016693943412974, 3485963.321709166280925 ] } },
{ "type": "Feature", "properties": { "id": "node/414646660", "@id": "node/414646660", "addr:city": null, "addr:country": null, "addr:district": null, "addr:housenumber": null, "addr:neighbourhood": null, "addr:postcode": null, "addr:state": null, "addr:street": null, "addr:subdistrict": null, "addr:suburb": null, "amenity": "school", "architect": null, "barrier": null, "building": null, "building:levels": null, "building:levels:underground": null, "check_date": null, "contact:facebook": null, "contact:instagram": null, "created_by": null, "denomination": null, "education": null, "ele": null, "email": null, "grades": null, "height": null, "image": null, "is_in": null, "level": null, "name": "Message Grammar School", "name:en": null, "name:ur": null, "name_1": null, "office": null, "opening_hours": null, "operator": null, "operator:type": null, "phone": null, "polling_station": null, "religion": null, "roof:colour": null, "school": null, "smoking": null, "source": "OSM (Private/Mixed)", "surface": null, "type": null, "website": null, "wheelchair": null, "wikidata": null, "wikipedia": null, "@geometry": null }, "geometry": { "type": "Point", "coordinates": [ 992844.306522673694417, 3486801.18439361685887 ] } },
{ "type": "Feature", "properties": { "id": "node/4538885890", "@id": "node/4538885890", "addr:city": null, "addr:country": null, "addr:district": null, "addr:housenumber": null, "addr:neighbourhood": null, "addr:postcode": null, "addr:state": null, "addr:street": null, "addr:subdistrict": null, "addr:suburb": null, "amenity": "school", "architect": null, "barrier": null, "building": null, "building:levels": null, "building:levels:underground": null, "check_date": null, "contact:facebook": null, "contact:instagram": null, "created_by": null, "denomination": null, "education": null, "ele": null, "email": null, "grades": null, "height": null, "image": null, "is_in": null, "level": null, "name": "University of Sarghoda, Lahore Campus", "name:en": "University of Sarghoda, Lahore Campus", "name:ur": null, "name_1": null, "office": null, "opening_hours": null, "operator": null, "operator:type": null, "phone": null, "polling_station": null, "religion": null, "roof:colour": null, "school": null, "smoking": null, "source": "OSM (Private/Mixed)", "surface": null, "type": null, "website": "http://uoslahore.edu.pk", "wheelchair": null, "wikidata": null, "wikipedia": null, "@geometry": null }, "geometry": { "type": "Point", "coordinates": [ 992287.252481117611751, 3487278.236108558718115 ] } },
{ "type": "Feature", "properties": { "id": "node/4778176640", "@id": "node/4778176640", "addr:city": null, "addr:country": null, "addr:district": null, "addr:housenumber": null, "addr:neighbourhood": null, "addr:postcode": null, "addr:state": null, "addr:street": "Raiwind Road", "addr:subdistrict": null, "addr:suburb": null, "amenity": "school", "architect": null, "barrier": null, "building": null, "building:levels": null, "building:levels:underground": null, "check_date": null, "contact:facebook": null, "contact:instagram": null, "created_by": null, "denomination": null, "education": null, "ele": null, "email": null, "grades": null, "height": null, "image": null, "is_in": null, "level": null, "name": "University of Sourh Asia , Raiwind Campus", "name:en": null, "name:ur": null, "name_1": null, "office": null, "opening_hours": "Mo-Sa 08:00-19:00", "operator": null, "operator:type": null, "phone": null, "polling_station": null, "religion": null, "roof:colour": null, "school": null, "smoking": null, "source": "OSM (Private/Mixed)", "surface": null, "type": null, "website": "https://www.usa.edu.pk/", "wheelchair": null, "wikidata": null, "wikipedia": null, "@geometry": null }, "geometry": { "type": "Point", "coordinates": [ 997483.544913435354829, 3488575.902045528404415 ] } },
{ "type": "Feature", "properties": { "id": "node/13382680422", "@id": "node/13382680422", "addr:city": null, "addr:country": null, "addr:district": null, "addr:housenumber": null, "addr:neighbourhood": null, "addr:postcode": null, "addr:state": null, "addr:street": null, "addr:subdistrict": null, "addr:suburb": null, "amenity": "school", "architect": null, "barrier": null, "building": null, "building:levels": null, "building:levels:underground": null, "check_date": "2025-12-17T00:00:00", "contact:facebook": null, "contact:instagram": null, "created_by": null, "denomination": null, "education": "school", "ele": null, "email": null, "grades": null, "height": null, "image": null, "is_in": null, "level": null, "name": "The Trust School", "name:en": null, "name:ur": null, "name_1": null, "office": null, "opening_hours": null, "operator": null, "operator:type": null, "phone": null, "polling_station": null, "religion": null, "roof:colour": null, "school": null, "smoking": null, "source": "OSM (Private/Mixed)", "surface": null, "type": null, "website": null, "wheelchair": null, "wikidata": null, "wikipedia": null, "@geometry": null }, "geometry": { "type": "Point", "coordinates": [ 999769.404416472301818, 3489639.154138059355319 ] } },
{ "type": "Feature", "properties": { "id": "node/4706323990", "@id": "node/4706323990", "addr:city": null, "addr:country": null, "addr:district": null, "addr:housenumber": null, "addr:neighbourhood": null, "addr:postcode": null, "addr:state": null, "addr:street": null, "addr:subdistrict": null, "addr:suburb": null, "amenity": "school", "architect": null, "barrier": null, "building": null, "building:levels": null, "building:levels:underground": null, "check_date": null, "contact:facebook": null, "contact:instagram": null, "created_by": null, "denomination": null, "education": null, "ele": null, "email": null, "grades": null, "height": null, "image": null, "is_in": null, "level": null, "name": "حارث کا گھر", "name:en": "حارث کا گھر", "name:ur": null, "name_1": null, "office": null, "opening_hours": null, "operator": null, "operator:type": null, "phone": null, "polling_station": null, "religion": null, "roof:colour": null, "school": null, "smoking": null, "source": "OSM (Private/Mixed)", "surface": null, "type": null, "website": null, "wheelchair": null, "wikidata": null, "wikipedia": null, "@geometry": null }, "geometry": { "type": "Point", "coordinates": [ 1000859.062432916020043, 3489978.383561837486923 ] } },
{ "type": "Feature", "properties": { "id": "way/360085758", "@id": "way/360085758", "addr:city": null, "addr:country": null, "addr:district": null, "addr:housenumber": null, "addr:neighbourhood": null, "addr:postcode": null, "addr:state": null, "addr:street": null, "addr:subdistrict": null, "addr:suburb": null, "amenity": "school", "architect": null, "barrier": null, "building": null, "building:levels": null, "building:levels:underground": null, "check_date": null, "contact:facebook": null, "contact:instagram": null, "created_by": null, "denomination": null, "education": null, "ele": null, "email": null, "grades": null, "height": null, "image": null, "is_in": null, "level": null, "name": "Siqarah Boys High School", "name:en": null, "name:ur": null, "name_1": null, "office": null, "opening_hours": null, "operator": null, "operator:type": null, "phone": null, "polling_station": null, "religion": null, "roof:colour": null, "school": null, "smoking": null, "source": "OSM (Private/Mixed)", "surface": null, "type": null, "website": null, "wheelchair": null, "wikidata": null, "wikipedia": null, "@geometry": "center" }, "geometry": { "type": "Point", "coordinates": [ 1003014.661506965290755, 3490297.125097285024822 ] } },
{ "type": "Feature", "properties": { "id": "way/360085759", "@id": "way/360085759", "addr:city": null, "addr:country": null, "addr:district": null, "addr:housenumber": null, "addr:neighbourhood": null, "addr:postcode": null, "addr:state": null, "addr:street": null, "addr:subdistrict": null, "addr:suburb": null, "amenity": "school", "architect": null, "barrier": null, "building": null, "building:levels": null, "building:levels:underground": null, "check_date": null, "contact:facebook": null, "contact:instagram": null, "created_by": null, "denomination": null, "education": null, "ele": null, "email": null, "grades": null, "height": null, "image": null, "is_in": null, "level": null, "name": "Siqarah Girls High School", "name:en": null, "name:ur": null, "name_1": null, "office": null, "opening_hours": null, "operator": null, "operator:type": null, "phone": null, "polling_station": null, "religion": null, "roof:colour": null, "school": null, "smoking": null, "source": "OSM (Private/Mixed)", "surface": null, "type": null, "website": null, "wheelchair": null, "wikidata": null, "wikipedia": null, "@geometry": "center" }, "geometry": { "type": "Point", "coordinates": [ 1002908.687650586129166, 3490372.695030995178968 ] } },
{ "type": "Feature", "properties": { "id": "node/1269536211", "@id": "node/1269536211", "addr:city": null, "addr:country": null, "addr:district": null, "addr:housenumber": null, "addr:neighbourhood": null, "addr:postcode": null, "addr:state": null, "addr:street": null, "addr:subdistrict": null, "addr:suburb": null, "amenity": "school", "architect": null, "barrier": null, "building": null, "building:levels": null, "building:levels:underground": null, "check_date": null, "contact:facebook": null, "contact:instagram": null, "created_by": null, "denomination": null, "education": null, "ele": null, "email": null, "grades": null, "height": null, "image": null, "is_in": null, "level": null, "name": null, "name:en": null, "name:ur": null, "name_1": null, "office": null, "opening_hours": null, "operator": null, "operator:type": null, "phone": null, "polling_station": null, "religion": null, "roof:colour": null, "school": null, "smoking": null, "source": "OSM (Private/Mixed)", "surface": null, "type": null, "website": null, "wheelchair": null, "wikidata": null, "wikipedia": null, "@geometry": null }, "geometry": { "type": "Point", "coordinates": [ 995923.832616995554417, 3491058.90150721790269 ] } },
{ "type": "Feature", "properties": { "id": "way/316723531", "@id": "way/316723531", "addr:city": null, "addr:country": null, "addr:district": null, "addr:housenumber": null, "addr:neighbourhood": null, "addr:postcode": null, "addr:state": null, "addr:street": null, "addr:subdistrict": null, "addr:suburb": null, "amenity": null, "architect": null, "barrier": null, "building": "school", "building:levels": null, "building:levels:underground": null, "check_date": null, "contact:facebook": null, "contact:instagram": null, "created_by": null, "denomination": null, "education": null, "ele": null, "email": null, "grades": null, "height": null, "image": null, "is_in": null, "level": null, "name": "SOAR Stem School EME Sector DHA", "name:en": null, "name:ur": null, "name_1": null, "office": null, "opening_hours": null, "operator": null, "operator:type": null, "phone": null, "polling_station": null, "religion": null, "roof:colour": null, "school": null, "smoking": null, "source": "OSM (Private/Mixed)", "surface": null, "type": null, "website": null, "wheelchair": null, "wikidata": null, "wikipedia": null, "@geometry": "center" }, "geometry": { "type": "Point", "coordinates": [ 995926.685860709869303, 3491074.31826008670032 ] } },
{ "type": "Feature", "properties": { "id": "node/4909417022", "@id": "node/4909417022", "addr:city": null, "addr:country": null, "addr:district": null, "addr:housenumber": null, "addr:neighbourhood": null, "addr:postcode": null, "addr:state": null, "addr:street": null, "addr:subdistrict": null, "addr:suburb": null, "amenity": "school", "architect": null, "barrier": null, "building": null, "building:levels": null, "building:levels:underground": null, "check_date": null, "contact:facebook": null, "contact:instagram": null, "created_by": null, "denomination": null, "education": null, "ele": null, "email": null, "grades": null, "height": null, "image": null, "is_in": null, "level": null, "name": "RPS. Muhafiz Town", "name:en": "RPS. Muhafiz Town", "name:ur": null, "name_1": null, "office": null, "opening_hours": null, "operator": null, "operator:type": null, "phone": null, "polling_station": null, "religion": null, "roof:colour": null, "school": null, "smoking": null, "source": "OSM (Private/Mixed)", "surface": null, "type": null, "website": null, "wheelchair": null, "wikidata": null, "wikipedia": null, "@geometry": null }, "geometry": { "type": "Point", "coordinates": [ 996466.878262662678026, 3491478.536243241280317 ] } },
{ "type": "Feature", "properties": { "id": "node/4909438421", "@id": "node/4909438421", "addr:city": null, "addr:country": null, "addr:district": null, "addr:housenumber": null, "addr:neighbourhood": null, "addr:postcode": null, "addr:state": null, "addr:street": "B block Muhafiz Town", "addr:subdistrict": null, "addr:suburb": null, "amenity": "school", "architect": null, "barrier": null, "building": null, "building:levels": null, "building:levels:underground": null, "check_date": null, "contact:facebook": null, "contact:instagram": null, "created_by": null, "denomination": null, "education": null, "ele": null, "email": null, "grades": null, "height": null, "image": null, "is_in": null, "level": null, "name": "Iqra Public School", "name:en": "Iqra Public School", "name:ur": "اقرا پبلک اسکول", "name_1": null, "office": null, "opening_hours": null, "operator": null, "operator:type": null, "phone": null, "polling_station": null, "religion": null, "roof:colour": null, "school": null, "smoking": null, "source": "OSM (Private/Mixed)", "surface": null, "type": null, "website": null, "wheelchair": null, "wikidata": null, "wikipedia": null, "@geometry": null }, "geometry": { "type": "Point", "coordinates": [ 996050.777282124618068, 3491603.040861591231078 ] } },
{ "type": "Feature", "properties": { "id": "node/540757181", "@id": "node/540757181", "addr:city": null, "addr:country": null, "addr:district": null, "addr:housenumber": null, "addr:neighbourhood": null, "addr:postcode": null, "addr:state": null, "addr:street": null, "addr:subdistrict": null, "addr:suburb": null, "amenity": "school", "architect": null, "barrier": null, "building": null, "building:levels": null, "building:levels:underground": null, "check_date": null, "contact:facebook": null, "contact:instagram": null, "created_by": null, "denomination": null, "education": null, "ele": null, "email": null, "grades": null, "height": null, "image": null, "is_in": null, "level": null, "name": "Junior Cadet School", "name:en": null, "name:ur": null, "name_1": null, "office": null, "opening_hours": null, "operator": null, "operator:type": null, "phone": null, "polling_station": null, "religion": null, "roof:colour": null, "school": null, "smoking": null, "source": "OSM (Private/Mixed)", "surface": null, "type": null, "website": null, "wheelchair": null, "wikidata": null, "wikipedia": null, "@geometry": null }, "geometry": { "type": "Point", "coordinates": [ 1003546.864785532234237, 3489361.25106837740168 ] } },
{ "type": "Feature", "properties": { "id": "way/360085757", "@id": "way/360085757", "addr:city": null, "addr:country": null, "addr:district": null, "addr:housenumber": null, "addr:neighbourhood": null, "addr:postcode": null, "addr:state": null, "addr:street": null, "addr:subdistrict": null, "addr:suburb": null, "amenity": "school", "architect": null, "barrier": null, "building": null, "building:levels": null, "building:levels:underground": null, "check_date": null, "contact:facebook": null, "contact:instagram": null, "created_by": null, "denomination": null, "education": null, "ele": null, "email": null, "grades": null, "height": null, "image": null, "is_in": null, "level": null, "name": "حکومتی پرائمری اسکول", "name:en": null, "name:ur": null, "name_1": null, "office": null, "opening_hours": null, "operator": null, "operator:type": null, "phone": null, "polling_station": null, "religion": null, "roof:colour": null, "school": null, "smoking": null, "source": "OSM (Private/Mixed)", "surface": null, "type": null, "website": null, "wheelchair": null, "wikidata": null, "wikipedia": null, "@geometry": "center" }, "geometry": { "type": "Point", "coordinates": [ 1003349.905964839272201, 3489940.046155465301126 ] } },
{ "type": "Feature", "properties": { "id": "node/5010999141", "@id": "node/5010999141", "addr:city": null, "addr:country": null, "addr:district": null, "addr:housenumber": null, "addr:neighbourhood": null, "addr:postcode": null, "addr:state": null, "addr:street": "College Road", "addr:subdistrict": null, "addr:suburb": null, "amenity": "school", "architect": null, "barrier": null, "building": null, "building:levels": null, "building:levels:underground": null, "check_date": null, "contact:facebook": null, "contact:instagram": null, "created_by": null, "denomination": null, "education": null, "ele": null, "email": null, "grades": null, "height": null, "image": null, "is_in": null, "level": null, "name": "university of Education", "name:en": null, "name:ur": null, "name_1": null, "office": null, "opening_hours": null, "operator": null, "operator:type": null, "phone": null, "polling_station": null, "religion": null, "roof:colour": null, "school": null, "smoking": null, "source": "OSM (Private/Mixed)", "surface": null, "type": null, "website": null, "wheelchair": null, "wikidata": null, "wikipedia": null, "@geometry": null }, "geometry": { "type": "Point", "coordinates": [ 1003744.996994097717106, 3491401.754576794337481 ] } },
{ "type": "Feature", "properties": { "id": "node/13475388702", "@id": "node/13475388702", "addr:city": null, "addr:country": null, "addr:district": null, "addr:housenumber": null, "addr:neighbourhood": null, "addr:postcode": null, "addr:state": null, "addr:street": null, "addr:subdistrict": null, "addr:suburb": null, "amenity": "school", "architect": null, "barrier": null, "building": null, "building:levels": null, "building:levels:underground": null, "check_date": null, "contact:facebook": null, "contact:instagram": null, "created_by": null, "denomination": null, "education": null, "ele": null, "email": null, "grades": null, "height": null, "image": null, "is_in": null, "level": null, "name": "Lecole Mondiale", "name:en": null, "name:ur": null, "name_1": null, "office": null, "opening_hours": null, "operator": null, "operator:type": null, "phone": null, "polling_station": null, "religion": null, "roof:colour": null, "school": null, "smoking": null, "source": "OSM (Private/Mixed)", "surface": null, "type": null, "website": null, "wheelchair": null, "wikidata": null, "wikipedia": null, "@geometry": null }, "geometry": { "type": "Point", "coordinates": [ 1003366.289836129173636, 3493139.770202980842441 ] } },
{ "type": "Feature", "properties": { "id": "node/13475388701", "@id": "node/13475388701", "addr:city": null, "addr:country": null, "addr:district": null, "addr:housenumber": null, "addr:neighbourhood": null, "addr:postcode": null, "addr:state": null, "addr:street": null, "addr:subdistrict": null, "addr:suburb": null, "amenity": "school", "architect": null, "barrier": null, "building": null, "building:levels": null, "building:levels:underground": null, "check_date": null, "contact:facebook": null, "contact:instagram": null, "created_by": null, "denomination": null, "education": null, "ele": null, "email": null, "grades": null, "height": null, "image": null, "is_in": null, "level": null, "name": "LACAS ALJT", "name:en": null, "name:ur": null, "name_1": null, "office": null, "opening_hours": "Su-Fr 08:00-16:00", "operator": null, "operator:type": null, "phone": null, "polling_station": null, "religion": null, "roof:colour": null, "school": null, "smoking": null, "source": "OSM (Private/Mixed)", "surface": null, "type": null, "website": null, "wheelchair": null, "wikidata": null, "wikipedia": null, "@geometry": null }, "geometry": { "type": "Point", "coordinates": [ 1003241.489294765051454, 3493794.712508251424879 ] } },
{ "type": "Feature", "properties": { "id": "node/4316884094", "@id": "node/4316884094", "addr:city": "Lahore", "addr:country": null, "addr:district": null, "addr:housenumber": "30-A", "addr:neighbourhood": null, "addr:postcode": null, "addr:state": null, "addr:street": "Maulana Shaukat Ali Road", "addr:subdistrict": null, "addr:suburb": null, "amenity": "school", "architect": null, "barrier": null, "building": null, "building:levels": null, "building:levels:underground": null, "check_date": null, "contact:facebook": null, "contact:instagram": null, "created_by": null, "denomination": null, "education": null, "ele": null, "email": null, "grades": null, "height": null, "image": null, "is_in": null, "level": null, "name": "Kips College 30-A", "name:en": null, "name:ur": null, "name_1": null, "office": null, "opening_hours": "Mo-Su 06:00-22:00", "operator": "Abid Wazir", "operator:type": null, "phone": null, "polling_station": null, "religion": null, "roof:colour": null, "school": null, "smoking": null, "source": "OSM (Private/Mixed)", "surface": null, "type": null, "website": null, "wheelchair": null, "wikidata": null, "wikipedia": null, "@geometry": null }, "geometry": { "type": "Point", "coordinates": [ 1004078.445171964587644, 3493904.937947591766715 ] } },
{ "type": "Feature", "properties": { "id": "node/4916785719", "@id": "node/4916785719", "addr:city": "Lahore", "addr:country": null, "addr:district": null, "addr:housenumber": null, "addr:neighbourhood": null, "addr:postcode": null, "addr:state": null, "addr:street": "Maulana Shaukat Ali Road", "addr:subdistrict": null, "addr:suburb": null, "amenity": "school", "architect": null, "barrier": null, "building": null, "building:levels": null, "building:levels:underground": null, "check_date": null, "contact:facebook": null, "contact:instagram": null, "created_by": null, "denomination": null, "education": null, "ele": null, "email": null, "grades": null, "height": null, "image": null, "is_in": null, "level": null, "name": "American Lycetuff School", "name:en": null, "name:ur": null, "name_1": null, "office": null, "opening_hours": null, "operator": null, "operator:type": null, "phone": null, "polling_station": null, "religion": null, "roof:colour": null, "school": null, "smoking": null, "source": "OSM (Private/Mixed)", "surface": null, "type": null, "website": null, "wheelchair": null, "wikidata": null, "wikipedia": null, "@geometry": null }, "geometry": { "type": "Point", "coordinates": [ 1003991.399906627833843, 3494145.916612801142037 ] } },
{ "type": "Feature", "properties": { "id": "node/5470536021", "@id": "node/5470536021", "addr:city": null, "addr:country": null, "addr:district": null, "addr:housenumber": "20", "addr:neighbourhood": null, "addr:postcode": null, "addr:state": null, "addr:street": "Faisal Town", "addr:subdistrict": null, "addr:suburb": null, "amenity": "school", "architect": null, "barrier": null, "building": null, "building:levels": null, "building:levels:underground": null, "check_date": null, "contact:facebook": null, "contact:instagram": null, "created_by": null, "denomination": null, "education": null, "ele": null, "email": null, "grades": null, "height": null, "image": null, "is_in": null, "level": null, "name": "Saint Anthony High School", "name:en": null, "name:ur": null, "name_1": null, "office": null, "opening_hours": null, "operator": null, "operator:type": null, "phone": "+924235166486", "polling_station": null, "religion": null, "roof:colour": null, "school": null, "smoking": null, "source": "OSM (Private/Mixed)", "surface": null, "type": null, "website": "https://stanthonysft.edu.pk/", "wheelchair": null, "wikidata": null, "wikipedia": null, "@geometry": null }, "geometry": { "type": "Point", "coordinates": [ 1003857.862028105999343, 3495014.552620378322899 ] } },
{ "type": "Feature", "properties": { "id": "node/4916641150", "@id": "node/4916641150", "addr:city": "Lahore", "addr:country": null, "addr:district": null, "addr:housenumber": null, "addr:neighbourhood": null, "addr:postcode": null, "addr:state": null, "addr:street": "Usmani Road", "addr:subdistrict": null, "addr:suburb": null, "amenity": "school", "architect": null, "barrier": null, "building": null, "building:levels": null, "building:levels:underground": null, "check_date": null, "contact:facebook": null, "contact:instagram": null, "created_by": null, "denomination": null, "education": null, "ele": null, "email": null, "grades": null, "height": null, "image": null, "is_in": null, "level": null, "name": "Leads School System", "name:en": null, "name:ur": null, "name_1": null, "office": null, "opening_hours": null, "operator": null, "operator:type": null, "phone": null, "polling_station": null, "religion": null, "roof:colour": null, "school": null, "smoking": null, "source": "OSM (Private/Mixed)", "surface": null, "type": null, "website": null, "wheelchair": null, "wikidata": null, "wikipedia": null, "@geometry": null }, "geometry": { "type": "Point", "coordinates": [ 1003644.373610110837035, 3495384.147387606557459 ] } },
{ "type": "Feature", "properties": { "id": "node/6369748585", "@id": "node/6369748585", "addr:city": null, "addr:country": null, "addr:district": null, "addr:housenumber": null, "addr:neighbourhood": null, "addr:postcode": null, "addr:state": null, "addr:street": null, "addr:subdistrict": null, "addr:suburb": null, "amenity": "school", "architect": null, "barrier": null, "building": null, "building:levels": null, "building:levels:underground": null, "check_date": null, "contact:facebook": null, "contact:instagram": null, "created_by": null, "denomination": null, "education": null, "ele": null, "email": null, "grades": null, "height": null, "image": null, "is_in": null, "level": null, "name": "Institute Of Quality And Technology Management", "name:en": null, "name:ur": null, "name_1": null, "office": null, "opening_hours": null, "operator": null, "operator:type": null, "phone": null, "polling_station": null, "religion": null, "roof:colour": null, "school": null, "smoking": null, "source": "OSM (Private/Mixed)", "surface": null, "type": null, "website": null, "wheelchair": null, "wikidata": null, "wikipedia": null, "@geometry": null }, "geometry": { "type": "Point", "coordinates": [ 1003732.431604765122756, 3496824.606625633314252 ] } },
{ "type": "Feature", "properties": { "id": "node/4249836089", "@id": "node/4249836089", "addr:city": null, "addr:country": null, "addr:district": null, "addr:housenumber": null, "addr:neighbourhood": null, "addr:postcode": null, "addr:state": null, "addr:street": "Raiwind Road", "addr:subdistrict": null, "addr:suburb": null, "amenity": "school", "architect": null, "barrier": null, "building": null, "building:levels": null, "building:levels:underground": null, "check_date": null, "contact:facebook": null, "contact:instagram": null, "created_by": null, "denomination": null, "education": null, "ele": null, "email": null, "grades": null, "height": null, "image": null, "is_in": null, "level": null, "name": "The University of lahore, Raiwand Road Campus", "name:en": null, "name:ur": null, "name_1": null, "office": null, "opening_hours": "24/7", "operator": null, "operator:type": null, "phone": null, "polling_station": null, "religion": null, "roof:colour": null, "school": null, "smoking": null, "source": "OSM (Private/Mixed)", "surface": null, "type": null, "website": null, "wheelchair": null, "wikidata": null, "wikipedia": null, "@geometry": null }, "geometry": { "type": "Point", "coordinates": [ 998494.003661781316623, 3492747.375800254754722 ] } },
{ "type": "Feature", "properties": { "id": "way/1035593058", "@id": "way/1035593058", "addr:city": null, "addr:country": null, "addr:district": null, "addr:housenumber": null, "addr:neighbourhood": null, "addr:postcode": null, "addr:state": null, "addr:street": null, "addr:subdistrict": null, "addr:suburb": null, "amenity": null, "architect": null, "barrier": null, "building": "school", "building:levels": null, "building:levels:underground": null, "check_date": null, "contact:facebook": null, "contact:instagram": null, "created_by": null, "denomination": null, "education": null, "ele": null, "email": null, "grades": null, "height": null, "image": null, "is_in": null, "level": null, "name": "LACAS", "name:en": null, "name:ur": null, "name_1": null, "office": null, "opening_hours": null, "operator": null, "operator:type": null, "phone": null, "polling_station": null, "religion": null, "roof:colour": null, "school": null, "smoking": null, "source": "OSM (Private/Mixed)", "surface": null, "type": null, "website": null, "wheelchair": null, "wikidata": null, "wikipedia": null, "@geometry": "center" }, "geometry": { "type": "Point", "coordinates": [ 1002035.954104924574494, 3493945.3991296030581 ] } },
{ "type": "Feature", "properties": { "id": "node/1146993017", "@id": "node/1146993017", "addr:city": null, "addr:country": null, "addr:district": null, "addr:housenumber": null, "addr:neighbourhood": null, "addr:postcode": null, "addr:state": null, "addr:street": null, "addr:subdistrict": null, "addr:suburb": null, "amenity": "school", "architect": null, "barrier": null, "building": null, "building:levels": null, "building:levels:underground": null, "check_date": null, "contact:facebook": null, "contact:instagram": null, "created_by": null, "denomination": null, "education": null, "ele": null, "email": null, "grades": null, "height": null, "image": null, "is_in": null, "level": null, "name": "Lacas", "name:en": null, "name:ur": null, "name_1": null, "office": null, "opening_hours": null, "operator": null, "operator:type": null, "phone": null, "polling_station": null, "religion": null, "roof:colour": null, "school": null, "smoking": null, "source": "OSM (Private/Mixed)", "surface": null, "type": null, "website": null, "wheelchair": null, "wikidata": null, "wikipedia": null, "@geometry": null }, "geometry": { "type": "Point", "coordinates": [ 1002023.828077607089654, 3493946.99552464671433 ] } },
{ "type": "Feature", "properties": { "id": "node/303945094", "@id": "node/303945094", "addr:city": null, "addr:country": null, "addr:district": null, "addr:housenumber": null, "addr:neighbourhood": null, "addr:postcode": null, "addr:state": null, "addr:street": null, "addr:subdistrict": null, "addr:suburb": null, "amenity": "school", "architect": null, "barrier": null, "building": null, "building:levels": null, "building:levels:underground": null, "check_date": null, "contact:facebook": null, "contact:instagram": null, "created_by": "Potlatch 0.10d", "denomination": null, "education": null, "ele": null, "email": null, "grades": null, "height": null, "image": null, "is_in": null, "level": null, "name": "Shofait Intl", "name:en": null, "name:ur": null, "name_1": null, "office": null, "opening_hours": null, "operator": null, "operator:type": null, "phone": null, "polling_station": null, "religion": null, "roof:colour": null, "school": null, "smoking": null, "source": "OSM (Private/Mixed)", "surface": null, "type": null, "website": null, "wheelchair": null, "wikidata": null, "wikipedia": null, "@geometry": null }, "geometry": { "type": "Point", "coordinates": [ 1001793.855244449339807, 3494267.405046192929149 ] } },
{ "type": "Feature", "properties": { "id": "node/4772160621", "@id": "node/4772160621", "addr:city": null, "addr:country": null, "addr:district": null, "addr:housenumber": null, "addr:neighbourhood": null, "addr:postcode": null, "addr:state": null, "addr:street": "Syed Kabir Ali Shah Road", "addr:subdistrict": null, "addr:suburb": null, "amenity": "school", "architect": null, "barrier": null, "building": null, "building:levels": null, "building:levels:underground": null, "check_date": null, "contact:facebook": null, "contact:instagram": null, "created_by": null, "denomination": null, "education": null, "ele": null, "email": null, "grades": null, "height": null, "image": null, "is_in": null, "level": null, "name": "Punjab University College of Information Technology (PUCIT)", "name:en": "Punjab University College of Information Technology (PUCIT)", "name:ur": null, "name_1": null, "office": null, "opening_hours": null, "operator": null, "operator:type": null, "phone": null, "polling_station": null, "religion": null, "roof:colour": null, "school": null, "smoking": null, "source": "OSM (Private/Mixed)", "surface": null, "type": null, "website": "https://pucit.edu.pk/", "wheelchair": null, "wikidata": null, "wikipedia": null, "@geometry": null }, "geometry": { "type": "Point", "coordinates": [ 1000439.384363214718178, 3494672.342010836582631 ] } },
{ "type": "Feature", "properties": { "id": "node/8398484969", "@id": "node/8398484969", "addr:city": null, "addr:country": null, "addr:district": null, "addr:housenumber": null, "addr:neighbourhood": null, "addr:postcode": null, "addr:state": null, "addr:street": null, "addr:subdistrict": null, "addr:suburb": null, "amenity": "school", "architect": null, "barrier": null, "building": null, "building:levels": null, "building:levels:underground": null, "check_date": null, "contact:facebook": null, "contact:instagram": null, "created_by": null, "denomination": null, "education": null, "ele": null, "email": null, "grades": null, "height": null, "image": null, "is_in": null, "level": null, "name": "Gov't Primary School Ahmedabad", "name:en": null, "name:ur": null, "name_1": null, "office": null, "opening_hours": null, "operator": null, "operator:type": null, "phone": null, "polling_station": null, "religion": null, "roof:colour": null, "school": null, "smoking": null, "source": "OSM (Private/Mixed)", "surface": null, "type": null, "website": null, "wheelchair": null, "wikidata": null, "wikipedia": null, "@geometry": null }, "geometry": { "type": "Point", "coordinates": [ 998012.816797425737604, 3495059.075378763023764 ] } },
{ "type": "Feature", "properties": { "id": "way/445034927", "@id": "way/445034927", "addr:city": null, "addr:country": null, "addr:district": null, "addr:housenumber": null, "addr:neighbourhood": null, "addr:postcode": null, "addr:state": null, "addr:street": null, "addr:subdistrict": null, "addr:suburb": null, "amenity": "school", "architect": null, "barrier": null, "building": null, "building:levels": null, "building:levels:underground": null, "check_date": null, "contact:facebook": null, "contact:instagram": null, "created_by": null, "denomination": null, "education": null, "ele": null, "email": null, "grades": null, "height": null, "image": null, "is_in": null, "level": null, "name": null, "name:en": null, "name:ur": null, "name_1": null, "office": null, "opening_hours": null, "operator": null, "operator:type": null, "phone": null, "polling_station": null, "religion": null, "roof:colour": null, "school": null, "smoking": null, "source": "OSM (Private/Mixed)", "surface": null, "type": null, "website": null, "wheelchair": null, "wikidata": null, "wikipedia": null, "@geometry": "center" }, "geometry": { "type": "Point", "coordinates": [ 998609.402505737263709, 3496108.257070855703205 ] } },
{ "type": "Feature", "properties": { "id": "node/935843937", "@id": "node/935843937", "addr:city": null, "addr:country": null, "addr:district": null, "addr:housenumber": null, "addr:neighbourhood": null, "addr:postcode": null, "addr:state": null, "addr:street": null, "addr:subdistrict": null, "addr:suburb": null, "amenity": "school", "architect": null, "barrier": null, "building": null, "building:levels": null, "building:levels:underground": null, "check_date": null, "contact:facebook": null, "contact:instagram": null, "created_by": null, "denomination": null, "education": null, "ele": null, "email": null, "grades": null, "height": null, "image": null, "is_in": null, "level": null, "name": null, "name:en": null, "name:ur": null, "name_1": null, "office": null, "opening_hours": null, "operator": null, "operator:type": null, "phone": null, "polling_station": null, "religion": null, "roof:colour": null, "school": null, "smoking": null, "source": "OSM (Private/Mixed)", "surface": null, "type": null, "website": null, "wheelchair": null, "wikidata": null, "wikipedia": null, "@geometry": null }, "geometry": { "type": "Point", "coordinates": [ 999794.51547392946668, 3497380.872130452655256 ] } },
{ "type": "Feature", "properties": { "id": "node/4909385122", "@id": "node/4909385122", "addr:city": null, "addr:country": null, "addr:district": null, "addr:housenumber": null, "addr:neighbourhood": null, "addr:postcode": null, "addr:state": null, "addr:street": "Karim Blk AIT", "addr:subdistrict": null, "addr:suburb": null, "amenity": "school", "architect": null, "barrier": null, "building": null, "building:levels": null, "building:levels:underground": null, "check_date": null, "contact:facebook": null, "contact:instagram": null, "created_by": null, "denomination": null, "education": null, "ele": null, "email": null, "grades": null, "height": null, "image": null, "is_in": null, "level": null, "name": "Govt. High School for boys", "name:en": "Govt. High School for boys", "name:ur": null, "name_1": null, "office": null, "opening_hours": null, "operator": null, "operator:type": null, "phone": null, "polling_station": null, "religion": null, "roof:colour": null, "school": null, "smoking": null, "source": "OSM (Private/Mixed)", "surface": null, "type": null, "website": null, "wheelchair": null, "wikidata": null, "wikipedia": null, "@geometry": null }, "geometry": { "type": "Point", "coordinates": [ 1001248.625611368915997, 3497594.045075493399054 ] } },
{ "type": "Feature", "properties": { "id": "node/4896578421", "@id": "node/4896578421", "addr:city": null, "addr:country": null, "addr:district": null, "addr:housenumber": null, "addr:neighbourhood": null, "addr:postcode": "57000", "addr:state": null, "addr:street": "Karim Blk AIT", "addr:subdistrict": null, "addr:suburb": null, "amenity": "school", "architect": null, "barrier": null, "building": null, "building:levels": null, "building:levels:underground": null, "check_date": null, "contact:facebook": null, "contact:instagram": null, "created_by": null, "denomination": null, "education": null, "ele": null, "email": null, "grades": null, "height": null, "image": null, "is_in": null, "level": null, "name": "Govt. High School for boys", "name:en": "Govt. High School for boys", "name:ur": null, "name_1": null, "office": null, "opening_hours": null, "operator": null, "operator:type": null, "phone": null, "polling_station": null, "religion": null, "roof:colour": null, "school": null, "smoking": null, "source": "OSM (Private/Mixed)", "surface": null, "type": null, "website": null, "wheelchair": null, "wikidata": null, "wikipedia": null, "@geometry": null }, "geometry": { "type": "Point", "coordinates": [ 1001254.886597378412262, 3497594.336036959663033 ] } },
{ "type": "Feature", "properties": { "id": "way/333761985", "@id": "way/333761985", "addr:city": null, "addr:country": null, "addr:district": null, "addr:housenumber": null, "addr:neighbourhood": null, "addr:postcode": null, "addr:state": null, "addr:street": "Faisal Town", "addr:subdistrict": null, "addr:suburb": null, "amenity": null, "architect": null, "barrier": null, "building": "school", "building:levels": null, "building:levels:underground": null, "check_date": null, "contact:facebook": null, "contact:instagram": null, "created_by": null, "denomination": null, "education": null, "ele": null, "email": null, "grades": null, "height": null, "image": null, "is_in": null, "level": null, "name": "LGS (Landmark)", "name:en": null, "name:ur": null, "name_1": null, "office": null, "opening_hours": null, "operator": null, "operator:type": null, "phone": null, "polling_station": null, "religion": null, "roof:colour": null, "school": null, "smoking": null, "source": "OSM (Private/Mixed)", "surface": null, "type": null, "website": null, "wheelchair": null, "wikidata": null, "wikipedia": null, "@geometry": "center" }, "geometry": { "type": "Point", "coordinates": [ 1004333.967567907646298, 3494044.641658131033182 ] } },
{ "type": "Feature", "properties": { "id": "way/333816974", "@id": "way/333816974", "addr:city": null, "addr:country": null, "addr:district": null, "addr:housenumber": null, "addr:neighbourhood": null, "addr:postcode": null, "addr:state": null, "addr:street": null, "addr:subdistrict": null, "addr:suburb": null, "amenity": null, "architect": null, "barrier": null, "building": "school", "building:levels": null, "building:levels:underground": null, "check_date": null, "contact:facebook": null, "contact:instagram": null, "created_by": null, "denomination": null, "education": null, "ele": null, "email": null, "grades": null, "height": null, "image": null, "is_in": null, "level": null, "name": null, "name:en": null, "name:ur": null, "name_1": null, "office": null, "opening_hours": null, "operator": null, "operator:type": null, "phone": null, "polling_station": null, "religion": null, "roof:colour": null, "school": null, "smoking": null, "source": "OSM (Private/Mixed)", "surface": null, "type": null, "website": null, "wheelchair": null, "wikidata": null, "wikipedia": null, "@geometry": "center" }, "geometry": { "type": "Point", "coordinates": [ 1004723.697507571312599, 3494180.01132871909067 ] } },
{ "type": "Feature", "properties": { "id": "node/4246311796", "@id": "node/4246311796", "addr:city": null, "addr:country": null, "addr:district": null, "addr:housenumber": null, "addr:neighbourhood": null, "addr:postcode": null, "addr:state": null, "addr:street": null, "addr:subdistrict": null, "addr:suburb": null, "amenity": "school", "architect": null, "barrier": null, "building": null, "building:levels": null, "building:levels:underground": null, "check_date": null, "contact:facebook": null, "contact:instagram": null, "created_by": null, "denomination": null, "education": null, "ele": null, "email": null, "grades": null, "height": null, "image": null, "is_in": null, "level": null, "name": "Scope Centre", "name:en": null, "name:ur": null, "name_1": null, "office": null, "opening_hours": null, "operator": null, "operator:type": null, "phone": null, "polling_station": null, "religion": null, "roof:colour": null, "school": null, "smoking": null, "source": "OSM (Private/Mixed)", "surface": null, "type": null, "website": null, "wheelchair": null, "wikidata": null, "wikipedia": null, "@geometry": null }, "geometry": { "type": "Point", "coordinates": [ 1004480.757521738065407, 3494969.952280567027628 ] } },
{ "type": "Feature", "properties": { "id": "node/4916250624", "@id": "node/4916250624", "addr:city": "Lahore", "addr:country": null, "addr:district": null, "addr:housenumber": null, "addr:neighbourhood": null, "addr:postcode": null, "addr:state": null, "addr:street": "Circular Road", "addr:subdistrict": null, "addr:suburb": null, "amenity": "school", "architect": null, "barrier": null, "building": null, "building:levels": null, "building:levels:underground": null, "check_date": null, "contact:facebook": null, "contact:instagram": null, "created_by": null, "denomination": null, "education": null, "ele": null, "email": null, "grades": null, "height": null, "image": null, "is_in": null, "level": null, "name": "DPS Girls Wing", "name:en": null, "name:ur": null, "name_1": null, "office": null, "opening_hours": null, "operator": null, "operator:type": null, "phone": null, "polling_station": null, "religion": null, "roof:colour": null, "school": null, "smoking": null, "source": "OSM (Private/Mixed)", "surface": null, "type": null, "website": null, "wheelchair": null, "wikidata": null, "wikipedia": null, "@geometry": null }, "geometry": { "type": "Point", "coordinates": [ 1006123.707181353936903, 3495136.159393551293761 ] } },
{ "type": "Feature", "properties": { "id": "node/4916641144", "@id": "node/4916641144", "addr:city": "Lahore", "addr:country": null, "addr:district": null, "addr:housenumber": null, "addr:neighbourhood": null, "addr:postcode": null, "addr:state": null, "addr:street": "Abdul Hassan Isfahani Road", "addr:subdistrict": null, "addr:suburb": null, "amenity": "school", "architect": null, "barrier": null, "building": null, "building:levels": null, "building:levels:underground": null, "check_date": null, "contact:facebook": null, "contact:instagram": null, "created_by": null, "denomination": null, "education": null, "ele": null, "email": null, "grades": null, "height": null, "image": null, "is_in": null, "level": null, "name": "The Educators", "name:en": null, "name:ur": "معلمین", "name_1": null, "office": null, "opening_hours": null, "operator": null, "operator:type": null, "phone": null, "polling_station": null, "religion": null, "roof:colour": null, "school": null, "smoking": null, "source": "OSM (Private/Mixed)", "surface": null, "type": null, "website": null, "wheelchair": null, "wikidata": null, "wikipedia": null, "@geometry": null }, "geometry": { "type": "Point", "coordinates": [ 1004168.407021033810452, 3495670.438521947246045 ] } },
{ "type": "Feature", "properties": { "id": "node/4916641138", "@id": "node/4916641138", "addr:city": "Lahore", "addr:country": null, "addr:district": null, "addr:housenumber": null, "addr:neighbourhood": null, "addr:postcode": null, "addr:state": null, "addr:street": "Usmani Road", "addr:subdistrict": null, "addr:suburb": null, "amenity": "school", "architect": null, "barrier": null, "building": null, "building:levels": null, "building:levels:underground": null, "check_date": null, "contact:facebook": null, "contact:instagram": null, "created_by": null, "denomination": null, "education": null, "ele": null, "email": null, "grades": null, "height": null, "image": null, "is_in": null, "level": null, "name": "American Lycetuff School", "name:en": null, "name:ur": "امریکن لائسیٹف سکول", "name_1": null, "office": null, "opening_hours": null, "operator": null, "operator:type": null, "phone": null, "polling_station": null, "religion": null, "roof:colour": null, "school": null, "smoking": null, "source": "OSM (Private/Mixed)", "surface": null, "type": null, "website": null, "wheelchair": null, "wikidata": null, "wikipedia": null, "@geometry": null }, "geometry": { "type": "Point", "coordinates": [ 1004246.331576263532043, 3495842.477293963544071 ] } },
{ "type": "Feature", "properties": { "id": "node/4916641142", "@id": "node/4916641142", "addr:city": "Lahore", "addr:country": null, "addr:district": null, "addr:housenumber": null, "addr:neighbourhood": null, "addr:postcode": null, "addr:state": null, "addr:street": "Usmani Road", "addr:subdistrict": null, "addr:suburb": null, "amenity": "school", "architect": null, "barrier": null, "building": null, "building:levels": null, "building:levels:underground": null, "check_date": null, "contact:facebook": null, "contact:instagram": null, "created_by": null, "denomination": null, "education": null, "ele": null, "email": null, "grades": null, "height": null, "image": null, "is_in": null, "level": null, "name": "The City School Model Town Junior", "name:en": null, "name:ur": "سٹی سکول ماڈل ٹاؤن جونیئر", "name_1": null, "office": null, "opening_hours": null, "operator": null, "operator:type": null, "phone": null, "polling_station": null, "religion": null, "roof:colour": null, "school": null, "smoking": null, "source": "OSM (Private/Mixed)", "surface": null, "type": null, "website": null, "wheelchair": null, "wikidata": null, "wikipedia": null, "@geometry": null }, "geometry": { "type": "Point", "coordinates": [ 1004278.683325694641098, 3495909.208799942396581 ] } },
{ "type": "Feature", "properties": { "id": "node/4916250626", "@id": "node/4916250626", "addr:city": "Lahore", "addr:country": null, "addr:district": null, "addr:housenumber": null, "addr:neighbourhood": null, "addr:postcode": null, "addr:state": null, "addr:street": "Circular Road", "addr:subdistrict": null, "addr:suburb": null, "amenity": "school", "architect": null, "barrier": null, "building": null, "building:levels": null, "building:levels:underground": null, "check_date": null, "contact:facebook": null, "contact:instagram": null, "created_by": null, "denomination": null, "education": null, "ele": null, "email": null, "grades": null, "height": null, "image": null, "is_in": null, "level": null, "name": null, "name:en": null, "name:ur": null, "name_1": null, "office": null, "opening_hours": null, "operator": null, "operator:type": null, "phone": null, "polling_station": null, "religion": null, "roof:colour": null, "school": null, "smoking": null, "source": "OSM (Private/Mixed)", "surface": null, "type": null, "website": null, "wheelchair": null, "wikidata": null, "wikipedia": null, "@geometry": null }, "geometry": { "type": "Point", "coordinates": [ 1005868.320296088466421, 3496052.85692056035623 ] } },
{ "type": "Feature", "properties": { "id": "node/4916641137", "@id": "node/4916641137", "addr:city": "Lahore", "addr:country": null, "addr:district": null, "addr:housenumber": null, "addr:neighbourhood": null, "addr:postcode": null, "addr:state": null, "addr:street": "Usmani Road", "addr:subdistrict": null, "addr:suburb": null, "amenity": "school", "architect": null, "barrier": null, "building": null, "building:levels": null, "building:levels:underground": null, "check_date": null, "contact:facebook": null, "contact:instagram": null, "created_by": null, "denomination": null, "education": null, "ele": null, "email": null, "grades": null, "height": null, "image": null, "is_in": null, "level": null, "name": "Unique High School", "name:en": null, "name:ur": "منفرد ہائی سکول", "name_1": null, "office": null, "opening_hours": null, "operator": null, "operator:type": null, "phone": null, "polling_station": null, "religion": null, "roof:colour": null, "school": null, "smoking": null, "source": "OSM (Private/Mixed)", "surface": null, "type": null, "website": null, "wheelchair": null, "wikidata": null, "wikipedia": null, "@geometry": null }, "geometry": { "type": "Point", "coordinates": [ 1004601.131888183765113, 3496333.563728822860867 ] } },
{ "type": "Feature", "properties": { "id": "node/11872569182", "@id": "node/11872569182", "addr:city": "Lahore", "addr:country": null, "addr:district": null, "addr:housenumber": null, "addr:neighbourhood": null, "addr:postcode": null, "addr:state": null, "addr:street": "Usmani Road", "addr:subdistrict": null, "addr:suburb": null, "amenity": "school", "architect": null, "barrier": null, "building": null, "building:levels": null, "building:levels:underground": null, "check_date": null, "contact:facebook": null, "contact:instagram": null, "created_by": null, "denomination": null, "education": null, "ele": null, "email": null, "grades": null, "height": null, "image": null, "is_in": null, "level": null, "name": "SKANS School of Accountancy ACCA Campus", "name:en": null, "name:ur": "SKANS سکول آف اکاؤنٹنسی ACCA کیمپس", "name_1": null, "office": null, "opening_hours": null, "operator": null, "operator:type": null, "phone": null, "polling_station": null, "religion": null, "roof:colour": null, "school": null, "smoking": null, "source": "OSM (Private/Mixed)", "surface": null, "type": null, "website": null, "wheelchair": null, "wikidata": null, "wikipedia": null, "@geometry": null }, "geometry": { "type": "Point", "coordinates": [ 1004873.546665845671669, 3496735.700005985796452 ] } },
{ "type": "Feature", "properties": { "id": "node/4365511490", "@id": "node/4365511490", "addr:city": null, "addr:country": null, "addr:district": null, "addr:housenumber": null, "addr:neighbourhood": null, "addr:postcode": null, "addr:state": null, "addr:street": "UBD Canal Bank Road", "addr:subdistrict": null, "addr:suburb": null, "amenity": "school", "architect": null, "barrier": null, "building": null, "building:levels": null, "building:levels:underground": null, "check_date": null, "contact:facebook": null, "contact:instagram": null, "created_by": null, "denomination": null, "education": null, "ele": null, "email": null, "grades": null, "height": null, "image": null, "is_in": null, "level": null, "name": null, "name:en": null, "name:ur": null, "name_1": null, "office": null, "opening_hours": "Su-Th 10:00-22:00", "operator": null, "operator:type": null, "phone": null, "polling_station": null, "religion": null, "roof:colour": null, "school": null, "smoking": null, "source": "OSM (Private/Mixed)", "surface": null, "type": null, "website": "https://www.hcc.edu.pk/", "wheelchair": null, "wikidata": null, "wikipedia": null, "@geometry": null }, "geometry": { "type": "Point", "coordinates": [ 1004005.31156900327187, 3496890.577566008083522 ] } },
{ "type": "Feature", "properties": { "id": "node/3582187617", "@id": "node/3582187617", "addr:city": null, "addr:country": null, "addr:district": null, "addr:housenumber": null, "addr:neighbourhood": null, "addr:postcode": null, "addr:state": null, "addr:street": null, "addr:subdistrict": null, "addr:suburb": null, "amenity": "school", "architect": null, "barrier": null, "building": null, "building:levels": null, "building:levels:underground": null, "check_date": null, "contact:facebook": null, "contact:instagram": null, "created_by": null, "denomination": null, "education": null, "ele": null, "email": null, "grades": null, "height": null, "image": null, "is_in": null, "level": null, "name": "Government High School for Girls", "name:en": null, "name:ur": null, "name_1": null, "office": null, "opening_hours": null, "operator": null, "operator:type": null, "phone": null, "polling_station": null, "religion": null, "roof:colour": null, "school": null, "smoking": null, "source": "OSM (Private/Mixed)", "surface": null, "type": null, "website": null, "wheelchair": null, "wikidata": null, "wikipedia": null, "@geometry": null }, "geometry": { "type": "Point", "coordinates": [ 1003457.443210092140362, 3498040.054046315606683 ] } },
{ "type": "Feature", "properties": { "id": "node/3582187618", "@id": "node/3582187618", "addr:city": null, "addr:country": null, "addr:district": null, "addr:housenumber": null, "addr:neighbourhood": null, "addr:postcode": null, "addr:state": null, "addr:street": null, "addr:subdistrict": null, "addr:suburb": null, "amenity": "school", "architect": null, "barrier": null, "building": null, "building:levels": null, "building:levels:underground": null, "check_date": null, "contact:facebook": null, "contact:instagram": null, "created_by": null, "denomination": null, "education": null, "ele": null, "email": null, "grades": null, "height": null, "image": null, "is_in": null, "level": null, "name": "Government Junior Model School", "name:en": null, "name:ur": "گورنمنٹ جونئیر ماڈل اسکول", "name_1": null, "office": null, "opening_hours": null, "operator": null, "operator:type": null, "phone": null, "polling_station": null, "religion": null, "roof:colour": null, "school": null, "smoking": null, "source": "OSM (Private/Mixed)", "surface": null, "type": null, "website": null, "wheelchair": null, "wikidata": null, "wikipedia": null, "@geometry": null }, "geometry": { "type": "Point", "coordinates": [ 1003570.591072322218679, 3498143.793419132009149 ] } },
{ "type": "Feature", "properties": { "id": "way/321064819", "@id": "way/321064819", "addr:city": null, "addr:country": null, "addr:district": null, "addr:housenumber": null, "addr:neighbourhood": null, "addr:postcode": null, "addr:state": null, "addr:street": null, "addr:subdistrict": null, "addr:suburb": null, "amenity": "school", "architect": null, "barrier": null, "building": null, "building:levels": null, "building:levels:underground": null, "check_date": null, "contact:facebook": null, "contact:instagram": null, "created_by": null, "denomination": null, "education": null, "ele": null, "email": null, "grades": null, "height": null, "image": null, "is_in": null, "level": null, "name": "گورنمنٹ پائلٹ سیکنڈری سکول برائے طلبہ", "name:en": "Government Pilot Secondary School For Boys", "name:ur": null, "name_1": null, "office": null, "opening_hours": null, "operator": null, "operator:type": null, "phone": null, "polling_station": null, "religion": null, "roof:colour": null, "school": null, "smoking": null, "source": "OSM (Private/Mixed)", "surface": null, "type": null, "website": null, "wheelchair": null, "wikidata": null, "wikipedia": null, "@geometry": "center" }, "geometry": { "type": "Point", "coordinates": [ 1003780.615968091180548, 3498549.736160065047443 ] } },
{ "type": "Feature", "properties": { "id": "node/4974663721", "@id": "node/4974663721", "addr:city": null, "addr:country": null, "addr:district": null, "addr:housenumber": null, "addr:neighbourhood": null, "addr:postcode": null, "addr:state": null, "addr:street": null, "addr:subdistrict": null, "addr:suburb": null, "amenity": "school", "architect": null, "barrier": null, "building": null, "building:levels": null, "building:levels:underground": null, "check_date": null, "contact:facebook": null, "contact:instagram": null, "created_by": null, "denomination": null, "education": null, "ele": null, "email": null, "grades": null, "height": null, "image": null, "is_in": null, "level": null, "name": "American Lycetuff", "name:en": "American Lycetuff", "name:ur": null, "name_1": null, "office": null, "opening_hours": null, "operator": null, "operator:type": null, "phone": null, "polling_station": null, "religion": null, "roof:colour": null, "school": null, "smoking": null, "source": "OSM (Private/Mixed)", "surface": null, "type": null, "website": null, "wheelchair": null, "wikidata": null, "wikipedia": null, "@geometry": null }, "geometry": { "type": "Point", "coordinates": [ 1003366.387855042004958, 3499187.255248763598502 ] } },
{ "type": "Feature", "properties": { "id": "node/4974663323", "@id": "node/4974663323", "addr:city": null, "addr:country": null, "addr:district": null, "addr:housenumber": null, "addr:neighbourhood": null, "addr:postcode": null, "addr:state": null, "addr:street": null, "addr:subdistrict": null, "addr:suburb": null, "amenity": "school", "architect": null, "barrier": null, "building": null, "building:levels": null, "building:levels:underground": null, "check_date": null, "contact:facebook": null, "contact:instagram": null, "created_by": null, "denomination": null, "education": null, "ele": null, "email": null, "grades": null, "height": null, "image": null, "is_in": null, "level": null, "name": "American Lycetuff", "name:en": "American Lycetuff", "name:ur": null, "name_1": null, "office": null, "opening_hours": null, "operator": null, "operator:type": null, "phone": null, "polling_station": null, "religion": null, "roof:colour": null, "school": null, "smoking": null, "source": "OSM (Private/Mixed)", "surface": null, "type": null, "website": null, "wheelchair": null, "wikidata": null, "wikipedia": null, "@geometry": null }, "geometry": { "type": "Point", "coordinates": [ 1003203.971055337693542, 3499282.456578475423157 ] } },
{ "type": "Feature", "properties": { "id": "node/6180693685", "@id": "node/6180693685", "addr:city": null, "addr:country": null, "addr:district": null, "addr:housenumber": null, "addr:neighbourhood": null, "addr:postcode": null, "addr:state": null, "addr:street": "Ghazali Road", "addr:subdistrict": null, "addr:suburb": null, "amenity": "school", "architect": null, "barrier": null, "building": null, "building:levels": null, "building:levels:underground": null, "check_date": null, "contact:facebook": null, "contact:instagram": null, "created_by": null, "denomination": null, "education": null, "ele": null, "email": null, "grades": null, "height": null, "image": null, "is_in": null, "level": null, "name": "The Educators Al Rauf Campus", "name:en": null, "name:ur": null, "name_1": null, "office": null, "opening_hours": "Mo-Fr 06:00-02:00", "operator": null, "operator:type": null, "phone": null, "polling_station": null, "religion": null, "roof:colour": null, "school": null, "smoking": null, "source": "OSM (Private/Mixed)", "surface": null, "type": null, "website": null, "wheelchair": null, "wikidata": null, "wikipedia": null, "@geometry": null }, "geometry": { "type": "Point", "coordinates": [ 1003783.736429680138826, 3500703.823188737034798 ] } },
{ "type": "Feature", "properties": { "id": "way/905264805", "@id": "way/905264805", "addr:city": null, "addr:country": null, "addr:district": null, "addr:housenumber": null, "addr:neighbourhood": null, "addr:postcode": null, "addr:state": null, "addr:street": null, "addr:subdistrict": null, "addr:suburb": null, "amenity": "school", "architect": null, "barrier": null, "building": null, "building:levels": null, "building:levels:underground": null, "check_date": null, "contact:facebook": null, "contact:instagram": null, "created_by": null, "denomination": null, "education": null, "ele": null, "email": null, "grades": null, "height": null, "image": null, "is_in": null, "level": null, "name": "Suleimania Public High School & Orphan Center", "name:en": null, "name:ur": null, "name_1": null, "office": null, "opening_hours": null, "operator": null, "operator:type": null, "phone": null, "polling_station": null, "religion": null, "roof:colour": null, "school": null, "smoking": null, "source": "OSM (Private/Mixed)", "surface": null, "type": null, "website": null, "wheelchair": null, "wikidata": null, "wikipedia": null, "@geometry": "center" }, "geometry": { "type": "Point", "coordinates": [ 1003981.187564607243985, 3500877.229643563274294 ] } },
{ "type": "Feature", "properties": { "id": "node/4699069324", "@id": "node/4699069324", "addr:city": null, "addr:country": null, "addr:district": null, "addr:housenumber": "46", "addr:neighbourhood": null, "addr:postcode": "54000", "addr:state": null, "addr:street": "Ghazali Road", "addr:subdistrict": null, "addr:suburb": null, "amenity": "school", "architect": null, "barrier": null, "building": null, "building:levels": null, "building:levels:underground": null, "check_date": null, "contact:facebook": null, "contact:instagram": null, "created_by": null, "denomination": null, "education": null, "ele": null, "email": null, "grades": null, "height": null, "image": null, "is_in": null, "level": null, "name": "Government Central Model High School Samanabad Lahore", "name:en": null, "name:ur": null, "name_1": null, "office": null, "opening_hours": "Mo-Sa 08:00-14:15", "operator": "Government of Punjab", "operator:type": null, "phone": null, "polling_station": null, "religion": null, "roof:colour": null, "school": null, "smoking": null, "source": "OSM (Private/Mixed)", "surface": null, "type": null, "website": null, "wheelchair": null, "wikidata": null, "wikipedia": null, "@geometry": null }, "geometry": { "type": "Point", "coordinates": [ 1003656.467340953298844, 3500929.464499875437468 ] } },
{ "type": "Feature", "properties": { "id": "way/905264807", "@id": "way/905264807", "addr:city": null, "addr:country": null, "addr:district": null, "addr:housenumber": null, "addr:neighbourhood": null, "addr:postcode": null, "addr:state": null, "addr:street": null, "addr:subdistrict": null, "addr:suburb": null, "amenity": "school", "architect": null, "barrier": null, "building": null, "building:levels": null, "building:levels:underground": null, "check_date": null, "contact:facebook": null, "contact:instagram": null, "created_by": null, "denomination": null, "education": null, "ele": null, "email": null, "grades": null, "height": null, "image": null, "is_in": null, "level": null, "name": "Govt. Girls High School Samanbad", "name:en": null, "name:ur": null, "name_1": null, "office": null, "opening_hours": null, "operator": null, "operator:type": null, "phone": null, "polling_station": null, "religion": null, "roof:colour": null, "school": null, "smoking": null, "source": "OSM (Private/Mixed)", "surface": null, "type": null, "website": null, "wheelchair": null, "wikidata": null, "wikipedia": null, "@geometry": "center" }, "geometry": { "type": "Point", "coordinates": [ 1003866.829385772580281, 3501912.272724361158907 ] } },
{ "type": "Feature", "properties": { "id": "node/4338127891", "@id": "node/4338127891", "addr:city": null, "addr:country": null, "addr:district": null, "addr:housenumber": null, "addr:neighbourhood": null, "addr:postcode": null, "addr:state": null, "addr:street": "Wahdat Road", "addr:subdistrict": null, "addr:suburb": null, "amenity": "school", "architect": null, "barrier": null, "building": null, "building:levels": null, "building:levels:underground": null, "check_date": null, "contact:facebook": null, "contact:instagram": null, "created_by": null, "denomination": null, "education": null, "ele": null, "email": null, "grades": null, "height": null, "image": null, "is_in": null, "level": null, "name": "Punjab University Examination Halls", "name:en": null, "name:ur": null, "name_1": null, "office": null, "opening_hours": null, "operator": null, "operator:type": null, "phone": null, "polling_station": null, "religion": null, "roof:colour": null, "school": null, "smoking": null, "source": "OSM (Private/Mixed)", "surface": null, "type": null, "website": null, "wheelchair": null, "wikidata": null, "wikipedia": null, "@geometry": null }, "geometry": { "type": "Point", "coordinates": [ 1003037.163165686884895, 3497730.396413445938379 ] } },
{ "type": "Feature", "properties": { "id": "way/359002101", "@id": "way/359002101", "addr:city": null, "addr:country": null, "addr:district": null, "addr:housenumber": null, "addr:neighbourhood": null, "addr:postcode": null, "addr:state": null, "addr:street": null, "addr:subdistrict": null, "addr:suburb": null, "amenity": "school", "architect": null, "barrier": null, "building": null, "building:levels": null, "building:levels:underground": null, "check_date": null, "contact:facebook": null, "contact:instagram": null, "created_by": null, "denomination": null, "education": null, "ele": null, "email": null, "grades": null, "height": null, "image": null, "is_in": null, "level": null, "name": "گورنمنٹ گریجویٹ کالج آف سائنس", "name:en": "Government Graduate College of Science", "name:ur": null, "name_1": null, "office": null, "opening_hours": null, "operator": null, "operator:type": null, "phone": null, "polling_station": null, "religion": null, "roof:colour": null, "school": null, "smoking": null, "source": "OSM (Private/Mixed)", "surface": null, "type": null, "website": null, "wheelchair": null, "wikidata": null, "wikipedia": null, "@geometry": "center" }, "geometry": { "type": "Point", "coordinates": [ 1003045.889354094862938, 3498273.101010847371072 ] } },
{ "type": "Feature", "properties": { "id": "node/4896578521", "@id": "node/4896578521", "addr:city": null, "addr:country": null, "addr:district": null, "addr:housenumber": null, "addr:neighbourhood": null, "addr:postcode": "57000", "addr:state": null, "addr:street": "Hasrat Mohani Road", "addr:subdistrict": null, "addr:suburb": null, "amenity": "school", "architect": null, "barrier": null, "building": null, "building:levels": null, "building:levels:underground": null, "check_date": null, "contact:facebook": null, "contact:instagram": null, "created_by": null, "denomination": null, "education": null, "ele": null, "email": null, "grades": null, "height": null, "image": null, "is_in": null, "level": null, "name": "Govt. High School for girls", "name:en": "Govt. High School for girls", "name:ur": null, "name_1": null, "office": null, "opening_hours": null, "operator": null, "operator:type": null, "phone": null, "polling_station": null, "religion": null, "roof:colour": null, "school": null, "smoking": null, "source": "OSM (Private/Mixed)", "surface": null, "type": null, "website": null, "wheelchair": null, "wikidata": null, "wikipedia": null, "@geometry": null }, "geometry": { "type": "Point", "coordinates": [ 1002106.908128442941234, 3498435.679223346523941 ] } },
{ "type": "Feature", "properties": { "id": "way/1009506903", "@id": "way/1009506903", "addr:city": null, "addr:country": null, "addr:district": null, "addr:housenumber": null, "addr:neighbourhood": null, "addr:postcode": null, "addr:state": null, "addr:street": null, "addr:subdistrict": null, "addr:suburb": null, "amenity": "school", "architect": null, "barrier": null, "building": null, "building:levels": null, "building:levels:underground": null, "check_date": null, "contact:facebook": null, "contact:instagram": null, "created_by": null, "denomination": null, "education": null, "ele": null, "email": null, "grades": null, "height": null, "image": null, "is_in": null, "level": null, "name": "گورمنتٹ اسلامیہ کالج آف کامرس", "name:en": "Govt. Islamia College of Commerce", "name:ur": "گورمنتٹ اسلامیہ کالج آف کامرس", "name_1": null, "office": null, "opening_hours": null, "operator": null, "operator:type": null, "phone": null, "polling_station": null, "religion": null, "roof:colour": null, "school": null, "smoking": null, "source": "OSM (Private/Mixed)", "surface": null, "type": null, "website": null, "wheelchair": null, "wikidata": null, "wikipedia": null, "@geometry": "center" }, "geometry": { "type": "Point", "coordinates": [ 1001943.286715951748192, 3498441.883947311434895 ] } },
{ "type": "Feature", "properties": { "id": "node/4974663921", "@id": "node/4974663921", "addr:city": null, "addr:country": null, "addr:district": null, "addr:housenumber": null, "addr:neighbourhood": null, "addr:postcode": null, "addr:state": null, "addr:street": null, "addr:subdistrict": null, "addr:suburb": null, "amenity": "school", "architect": null, "barrier": null, "building": null, "building:levels": null, "building:levels:underground": null, "check_date": null, "contact:facebook": null, "contact:instagram": null, "created_by": null, "denomination": null, "education": null, "ele": null, "email": null, "grades": null, "height": null, "image": null, "is_in": null, "level": null, "name": "Stars Academy", "name:en": "Stars Academy", "name:ur": null, "name_1": null, "office": null, "opening_hours": null, "operator": null, "operator:type": null, "phone": null, "polling_station": null, "religion": null, "roof:colour": null, "school": null, "smoking": null, "source": "OSM (Private/Mixed)", "surface": null, "type": null, "website": null, "wheelchair": null, "wikidata": null, "wikipedia": null, "@geometry": null }, "geometry": { "type": "Point", "coordinates": [ 1002637.346598699921742, 3499137.032751850783825 ] } },
{ "type": "Feature", "properties": { "id": "node/4974663322", "@id": "node/4974663322", "addr:city": null, "addr:country": null, "addr:district": null, "addr:housenumber": null, "addr:neighbourhood": null, "addr:postcode": null, "addr:state": null, "addr:street": null, "addr:subdistrict": null, "addr:suburb": null, "amenity": "school", "architect": null, "barrier": null, "building": null, "building:levels": null, "building:levels:underground": null, "check_date": null, "contact:facebook": null, "contact:instagram": null, "created_by": null, "denomination": null, "education": null, "ele": null, "email": null, "grades": null, "height": null, "image": null, "is_in": null, "level": null, "name": null, "name:en": null, "name:ur": null, "name_1": null, "office": null, "opening_hours": null, "operator": null, "operator:type": null, "phone": null, "polling_station": null, "religion": null, "roof:colour": null, "school": null, "smoking": null, "source": "OSM (Private/Mixed)", "surface": null, "type": null, "website": null, "wheelchair": null, "wikidata": null, "wikipedia": null, "@geometry": null }, "geometry": { "type": "Point", "coordinates": [ 1002264.627201916067861, 3499378.513973483815789 ] } },
{ "type": "Feature", "properties": { "id": "node/6591968693", "@id": "node/6591968693", "addr:city": null, "addr:country": null, "addr:district": null, "addr:housenumber": null, "addr:neighbourhood": null, "addr:postcode": null, "addr:state": null, "addr:street": null, "addr:subdistrict": null, "addr:suburb": null, "amenity": "school", "architect": null, "barrier": null, "building": null, "building:levels": null, "building:levels:underground": null, "check_date": null, "contact:facebook": null, "contact:instagram": null, "created_by": null, "denomination": null, "education": null, "ele": null, "email": null, "grades": null, "height": null, "image": null, "is_in": null, "level": null, "name": "The Readers School", "name:en": null, "name:ur": null, "name_1": null, "office": null, "opening_hours": null, "operator": null, "operator:type": null, "phone": null, "polling_station": null, "religion": null, "roof:colour": null, "school": null, "smoking": null, "source": "OSM (Private/Mixed)", "surface": null, "type": null, "website": null, "wheelchair": null, "wikidata": null, "wikipedia": null, "@geometry": null }, "geometry": { "type": "Point", "coordinates": [ 1002464.333610476343893, 3499672.985285624861717 ] } },
{ "type": "Feature", "properties": { "id": "way/682349336", "@id": "way/682349336", "addr:city": "Lahore", "addr:country": null, "addr:district": "Allama Iqbal Town", "addr:housenumber": "469", "addr:neighbourhood": null, "addr:postcode": null, "addr:state": null, "addr:street": null, "addr:subdistrict": "Huma Block", "addr:suburb": "Samanabad Zone", "amenity": "school", "architect": null, "barrier": null, "building": null, "building:levels": null, "building:levels:underground": null, "check_date": null, "contact:facebook": null, "contact:instagram": null, "created_by": null, "denomination": null, "education": null, "ele": null, "email": null, "grades": null, "height": null, "image": null, "is_in": null, "level": null, "name": "CDG Girls Middle School", "name:en": null, "name:ur": null, "name_1": null, "office": null, "opening_hours": null, "operator": null, "operator:type": null, "phone": null, "polling_station": null, "religion": null, "roof:colour": null, "school": null, "smoking": null, "source": "OSM (Private/Mixed)", "surface": null, "type": null, "website": null, "wheelchair": null, "wikidata": null, "wikipedia": null, "@geometry": "center" }, "geometry": { "type": "Point", "coordinates": [ 1002216.376846861094236, 3499728.22868016641587 ] } },
{ "type": "Feature", "properties": { "id": "way/1009521441", "@id": "way/1009521441", "addr:city": null, "addr:country": null, "addr:district": null, "addr:housenumber": null, "addr:neighbourhood": null, "addr:postcode": null, "addr:state": null, "addr:street": null, "addr:subdistrict": null, "addr:suburb": null, "amenity": "school", "architect": null, "barrier": null, "building": null, "building:levels": null, "building:levels:underground": null, "check_date": null, "contact:facebook": null, "contact:instagram": null, "created_by": null, "denomination": null, "education": null, "ele": null, "email": null, "grades": null, "height": null, "image": null, "is_in": null, "level": null, "name": "انجمن حمایتِ اسلام کالج", "name:en": "Anjuman Himayat-e-Islam College", "name:ur": null, "name_1": null, "office": null, "opening_hours": null, "operator": null, "operator:type": null, "phone": null, "polling_station": null, "religion": null, "roof:colour": null, "school": null, "smoking": null, "source": "OSM (Private/Mixed)", "surface": null, "type": null, "website": null, "wheelchair": null, "wikidata": null, "wikipedia": null, "@geometry": "center" }, "geometry": { "type": "Point", "coordinates": [ 1002370.091181298485026, 3500703.414964863099158 ] } },
{ "type": "Feature", "properties": { "id": "way/1417207570", "@id": "way/1417207570", "addr:city": null, "addr:country": null, "addr:district": null, "addr:housenumber": null, "addr:neighbourhood": null, "addr:postcode": null, "addr:state": null, "addr:street": null, "addr:subdistrict": null, "addr:suburb": null, "amenity": "school", "architect": null, "barrier": null, "building": null, "building:levels": null, "building:levels:underground": null, "check_date": null, "contact:facebook": null, "contact:instagram": null, "created_by": null, "denomination": null, "education": null, "ele": null, "email": null, "grades": null, "height": null, "image": null, "is_in": null, "level": null, "name": "Government Junior Model School", "name:en": null, "name:ur": null, "name_1": null, "office": null, "opening_hours": null, "operator": null, "operator:type": null, "phone": null, "polling_station": null, "religion": null, "roof:colour": null, "school": null, "smoking": null, "source": "OSM (Private/Mixed)", "surface": null, "type": null, "website": null, "wheelchair": null, "wikidata": null, "wikipedia": null, "@geometry": "center" }, "geometry": { "type": "Point", "coordinates": [ 1002933.524808574467897, 3501267.080235219560564 ] } },
{ "type": "Feature", "properties": { "id": "way/878211369", "@id": "way/878211369", "addr:city": null, "addr:country": null, "addr:district": null, "addr:housenumber": null, "addr:neighbourhood": null, "addr:postcode": null, "addr:state": null, "addr:street": null, "addr:subdistrict": null, "addr:suburb": null, "amenity": null, "architect": null, "barrier": null, "building": "school", "building:levels": null, "building:levels:underground": null, "check_date": null, "contact:facebook": null, "contact:instagram": null, "created_by": null, "denomination": null, "education": null, "ele": null, "email": null, "grades": null, "height": null, "image": null, "is_in": null, "level": null, "name": null, "name:en": null, "name:ur": null, "name_1": null, "office": null, "opening_hours": null, "operator": null, "operator:type": null, "phone": null, "polling_station": null, "religion": null, "roof:colour": null, "school": null, "smoking": null, "source": "OSM (Private/Mixed)", "surface": null, "type": null, "website": null, "wheelchair": null, "wikidata": null, "wikipedia": null, "@geometry": "center" }, "geometry": { "type": "Point", "coordinates": [ 1001636.760851565399207, 3501344.807333606760949 ] } },
{ "type": "Feature", "properties": { "id": "way/705667071", "@id": "way/705667071", "addr:city": "Lahore", "addr:country": null, "addr:district": null, "addr:housenumber": null, "addr:neighbourhood": null, "addr:postcode": null, "addr:state": null, "addr:street": null, "addr:subdistrict": null, "addr:suburb": null, "amenity": null, "architect": null, "barrier": null, "building": "school", "building:levels": null, "building:levels:underground": null, "check_date": null, "contact:facebook": null, "contact:instagram": null, "created_by": null, "denomination": null, "education": null, "ele": "3", "email": null, "grades": null, "height": null, "image": null, "is_in": null, "level": null, "name": "Razia Sehgal School", "name:en": null, "name:ur": null, "name_1": null, "office": null, "opening_hours": null, "operator": null, "operator:type": null, "phone": null, "polling_station": null, "religion": null, "roof:colour": null, "school": null, "smoking": null, "source": "OSM (Private/Mixed)", "surface": null, "type": null, "website": null, "wheelchair": null, "wikidata": null, "wikipedia": null, "@geometry": "center" }, "geometry": { "type": "Point", "coordinates": [ 1000048.935840166988783, 3501462.741426836699247 ] } },
{ "type": "Feature", "properties": { "id": "way/1417208191", "@id": "way/1417208191", "addr:city": null, "addr:country": null, "addr:district": null, "addr:housenumber": null, "addr:neighbourhood": null, "addr:postcode": null, "addr:state": null, "addr:street": null, "addr:subdistrict": null, "addr:suburb": null, "amenity": "school", "architect": null, "barrier": null, "building": null, "building:levels": null, "building:levels:underground": null, "check_date": null, "contact:facebook": null, "contact:instagram": null, "created_by": null, "denomination": null, "education": null, "ele": null, "email": null, "grades": null, "height": null, "image": null, "is_in": null, "level": null, "name": "Youth Campus School", "name:en": null, "name:ur": null, "name_1": null, "office": null, "opening_hours": null, "operator": null, "operator:type": null, "phone": null, "polling_station": null, "religion": null, "roof:colour": null, "school": null, "smoking": null, "source": "OSM (Private/Mixed)", "surface": null, "type": null, "website": null, "wheelchair": null, "wikidata": null, "wikipedia": null, "@geometry": "center" }, "geometry": { "type": "Point", "coordinates": [ 1002955.071577301830985, 3501491.247756343800575 ] } },
{ "type": "Feature", "properties": { "id": "way/729829628", "@id": "way/729829628", "addr:city": "Lahore", "addr:country": null, "addr:district": null, "addr:housenumber": null, "addr:neighbourhood": null, "addr:postcode": null, "addr:state": null, "addr:street": null, "addr:subdistrict": null, "addr:suburb": null, "amenity": null, "architect": null, "barrier": null, "building": "school", "building:levels": null, "building:levels:underground": null, "check_date": null, "contact:facebook": null, "contact:instagram": null, "created_by": null, "denomination": null, "education": null, "ele": "2", "email": null, "grades": null, "height": null, "image": null, "is_in": null, "level": null, "name": "Saint Merry's School", "name:en": null, "name:ur": null, "name_1": null, "office": null, "opening_hours": null, "operator": null, "operator:type": null, "phone": null, "polling_station": null, "religion": null, "roof:colour": null, "school": null, "smoking": null, "source": "OSM (Private/Mixed)", "surface": null, "type": null, "website": null, "wheelchair": null, "wikidata": null, "wikipedia": null, "@geometry": "center" }, "geometry": { "type": "Point", "coordinates": [ 1000748.498049358138815, 3501503.529917813837528 ] } },
{ "type": "Feature", "properties": { "id": "way/905357078", "@id": "way/905357078", "addr:city": null, "addr:country": null, "addr:district": null, "addr:housenumber": null, "addr:neighbourhood": null, "addr:postcode": null, "addr:state": null, "addr:street": null, "addr:subdistrict": null, "addr:suburb": null, "amenity": "school", "architect": null, "barrier": null, "building": null, "building:levels": null, "building:levels:underground": null, "check_date": null, "contact:facebook": null, "contact:instagram": null, "created_by": null, "denomination": null, "education": null, "ele": null, "email": null, "grades": null, "height": null, "image": null, "is_in": null, "level": null, "name": "سٹی ڈسٹرکٹ گورنمنٹ جونیئر ماڈل گرلز ہائی اسکول", "name:en": null, "name:ur": null, "name_1": null, "office": null, "opening_hours": null, "operator": null, "operator:type": null, "phone": null, "polling_station": null, "religion": null, "roof:colour": null, "school": null, "smoking": null, "source": "OSM (Private/Mixed)", "surface": null, "type": null, "website": null, "wheelchair": null, "wikidata": null, "wikipedia": null, "@geometry": "center" }, "geometry": { "type": "Point", "coordinates": [ 1002735.749010923551396, 3501724.933275938499719 ] } },
{ "type": "Feature", "properties": { "id": "way/905357065", "@id": "way/905357065", "addr:city": null, "addr:country": null, "addr:district": null, "addr:housenumber": null, "addr:neighbourhood": null, "addr:postcode": null, "addr:state": null, "addr:street": null, "addr:subdistrict": null, "addr:suburb": null, "amenity": "school", "architect": null, "barrier": null, "building": null, "building:levels": null, "building:levels:underground": null, "check_date": null, "contact:facebook": null, "contact:instagram": null, "created_by": null, "denomination": null, "education": null, "ele": null, "email": null, "grades": null, "height": null, "image": null, "is_in": null, "level": null, "name": "WASA Training Center", "name:en": null, "name:ur": null, "name_1": null, "office": null, "opening_hours": null, "operator": null, "operator:type": null, "phone": null, "polling_station": null, "religion": null, "roof:colour": null, "school": null, "smoking": null, "source": "OSM (Private/Mixed)", "surface": null, "type": null, "website": null, "wheelchair": null, "wikidata": null, "wikipedia": null, "@geometry": "center" }, "geometry": { "type": "Point", "coordinates": [ 1002270.454748485703021, 3502328.835568980313838 ] } },
{ "type": "Feature", "properties": { "id": "way/905357067", "@id": "way/905357067", "addr:city": null, "addr:country": null, "addr:district": null, "addr:housenumber": null, "addr:neighbourhood": null, "addr:postcode": null, "addr:state": null, "addr:street": null, "addr:subdistrict": null, "addr:suburb": null, "amenity": "school", "architect": null, "barrier": null, "building": null, "building:levels": null, "building:levels:underground": null, "check_date": null, "contact:facebook": null, "contact:instagram": null, "created_by": null, "denomination": null, "education": null, "ele": null, "email": null, "grades": null, "height": null, "image": null, "is_in": null, "level": null, "name": "Govt. Degree College for Women", "name:en": null, "name:ur": null, "name_1": null, "office": null, "opening_hours": null, "operator": null, "operator:type": null, "phone": null, "polling_station": null, "religion": null, "roof:colour": null, "school": null, "smoking": null, "source": "OSM (Private/Mixed)", "surface": null, "type": null, "website": null, "wheelchair": null, "wikidata": null, "wikipedia": null, "@geometry": "center" }, "geometry": { "type": "Point", "coordinates": [ 1001517.152758308686316, 3502570.453135910909623 ] } },
{ "type": "Feature", "properties": { "id": "way/905357075", "@id": "way/905357075", "addr:city": null, "addr:country": null, "addr:district": null, "addr:housenumber": null, "addr:neighbourhood": null, "addr:postcode": null, "addr:state": null, "addr:street": null, "addr:subdistrict": null, "addr:suburb": null, "amenity": "school", "architect": null, "barrier": null, "building": null, "building:levels": null, "building:levels:underground": null, "check_date": null, "contact:facebook": null, "contact:instagram": null, "created_by": null, "denomination": null, "education": null, "ele": null, "email": null, "grades": null, "height": null, "image": null, "is_in": null, "level": null, "name": "Pakistan Post Model Girls High School", "name:en": null, "name:ur": null, "name_1": null, "office": null, "opening_hours": null, "operator": null, "operator:type": null, "phone": null, "polling_station": null, "religion": null, "roof:colour": null, "school": null, "smoking": null, "source": "OSM (Private/Mixed)", "surface": null, "type": null, "website": null, "wheelchair": null, "wikidata": null, "wikipedia": null, "@geometry": "center" }, "geometry": { "type": "Point", "coordinates": [ 1003085.101006138138473, 3502578.075172074604779 ] } },
{ "type": "Feature", "properties": { "id": "way/905357061", "@id": "way/905357061", "addr:city": null, "addr:country": null, "addr:district": null, "addr:housenumber": null, "addr:neighbourhood": null, "addr:postcode": null, "addr:state": null, "addr:street": null, "addr:subdistrict": null, "addr:suburb": null, "amenity": "school", "architect": null, "barrier": null, "building": null, "building:levels": null, "building:levels:underground": null, "check_date": null, "contact:facebook": null, "contact:instagram": null, "created_by": null, "denomination": null, "education": null, "ele": null, "email": null, "grades": null, "height": null, "image": null, "is_in": null, "level": null, "name": "Lal School", "name:en": null, "name:ur": null, "name_1": null, "office": null, "opening_hours": null, "operator": null, "operator:type": null, "phone": null, "polling_station": null, "religion": null, "roof:colour": null, "school": null, "smoking": null, "source": "OSM (Private/Mixed)", "surface": null, "type": null, "website": null, "wheelchair": null, "wikidata": null, "wikipedia": null, "@geometry": "center" }, "geometry": { "type": "Point", "coordinates": [ 1001554.576652406482026, 3503456.578338380903006 ] } },
{ "type": "Feature", "properties": { "id": "node/4406335589", "@id": "node/4406335589", "addr:city": null, "addr:country": null, "addr:district": null, "addr:housenumber": null, "addr:neighbourhood": null, "addr:postcode": null, "addr:state": null, "addr:street": "Zahoor Din Rd", "addr:subdistrict": null, "addr:suburb": null, "amenity": "school", "architect": null, "barrier": null, "building": null, "building:levels": null, "building:levels:underground": null, "check_date": null, "contact:facebook": null, "contact:instagram": null, "created_by": null, "denomination": null, "education": null, "ele": null, "email": null, "grades": null, "height": null, "image": null, "is_in": null, "level": null, "name": "Pak public foundation school", "name:en": "Pak public foundation school", "name:ur": null, "name_1": null, "office": null, "opening_hours": null, "operator": null, "operator:type": null, "phone": null, "polling_station": null, "religion": null, "roof:colour": null, "school": null, "smoking": null, "source": "OSM (Private/Mixed)", "surface": null, "type": null, "website": null, "wheelchair": null, "wikidata": null, "wikipedia": null, "@geometry": null }, "geometry": { "type": "Point", "coordinates": [ 1001814.373561488930136, 3503779.837263591121882 ] } },
{ "type": "Feature", "properties": { "id": "way/618358785", "@id": "way/618358785", "addr:city": null, "addr:country": null, "addr:district": null, "addr:housenumber": null, "addr:neighbourhood": null, "addr:postcode": null, "addr:state": null, "addr:street": null, "addr:subdistrict": null, "addr:suburb": null, "amenity": "school", "architect": null, "barrier": null, "building": null, "building:levels": null, "building:levels:underground": null, "check_date": null, "contact:facebook": null, "contact:instagram": null, "created_by": null, "denomination": null, "education": null, "ele": null, "email": null, "grades": null, "height": null, "image": null, "is_in": null, "level": null, "name": "Government Degree College for Women", "name:en": null, "name:ur": null, "name_1": null, "office": null, "opening_hours": null, "operator": null, "operator:type": null, "phone": null, "polling_station": null, "religion": null, "roof:colour": null, "school": null, "smoking": null, "source": "OSM (Private/Mixed)", "surface": null, "type": null, "website": null, "wheelchair": null, "wikidata": null, "wikipedia": null, "@geometry": "center" }, "geometry": { "type": "Point", "coordinates": [ 1005063.744834005599841, 3502958.69456093152985 ] } },
{ "type": "Feature", "properties": { "id": "way/618358795", "@id": "way/618358795", "addr:city": null, "addr:country": null, "addr:district": null, "addr:housenumber": null, "addr:neighbourhood": null, "addr:postcode": null, "addr:state": null, "addr:street": null, "addr:subdistrict": null, "addr:suburb": null, "amenity": "school", "architect": null, "barrier": null, "building": null, "building:levels": null, "building:levels:underground": null, "check_date": null, "contact:facebook": null, "contact:instagram": null, "created_by": null, "denomination": null, "education": null, "ele": null, "email": null, "grades": null, "height": null, "image": null, "is_in": null, "level": null, "name": "YWCA High School", "name:en": null, "name:ur": null, "name_1": null, "office": null, "opening_hours": null, "operator": null, "operator:type": null, "phone": null, "polling_station": null, "religion": null, "roof:colour": null, "school": null, "smoking": null, "source": "OSM (Private/Mixed)", "surface": null, "type": null, "website": null, "wheelchair": null, "wikidata": null, "wikipedia": null, "@geometry": "center" }, "geometry": { "type": "Point", "coordinates": [ 1005333.373500547138974, 3503583.123020613566041 ] } },
{ "type": "Feature", "properties": { "id": "way/904354199", "@id": "way/904354199", "addr:city": null, "addr:country": null, "addr:district": null, "addr:housenumber": null, "addr:neighbourhood": null, "addr:postcode": null, "addr:state": null, "addr:street": null, "addr:subdistrict": null, "addr:suburb": null, "amenity": "school", "architect": null, "barrier": null, "building": null, "building:levels": null, "building:levels:underground": null, "check_date": null, "contact:facebook": null, "contact:instagram": null, "created_by": null, "denomination": null, "education": null, "ele": null, "email": null, "grades": null, "height": null, "image": null, "is_in": null, "level": null, "name": "Govt High School Mozang", "name:en": null, "name:ur": "گورنمنٹ ہائی اسکول موزنگ", "name_1": null, "office": null, "opening_hours": null, "operator": null, "operator:type": null, "phone": null, "polling_station": null, "religion": null, "roof:colour": null, "school": null, "smoking": null, "source": "OSM (Private/Mixed)", "surface": null, "type": null, "website": null, "wheelchair": null, "wikidata": null, "wikipedia": null, "@geometry": "center" }, "geometry": { "type": "Point", "coordinates": [ 1004550.960615993477404, 3503814.60781288985163 ] } },
{ "type": "Feature", "properties": { "id": "node/4584255090", "@id": "node/4584255090", "addr:city": null, "addr:country": null, "addr:district": null, "addr:housenumber": null, "addr:neighbourhood": null, "addr:postcode": null, "addr:state": null, "addr:street": null, "addr:subdistrict": null, "addr:suburb": null, "amenity": "school", "architect": null, "barrier": null, "building": null, "building:levels": null, "building:levels:underground": null, "check_date": null, "contact:facebook": null, "contact:instagram": null, "created_by": null, "denomination": null, "education": null, "ele": null, "email": null, "grades": null, "height": null, "image": null, "is_in": null, "level": null, "name": "St.Anthony's High School", "name:en": "St.Anthony's High School", "name:ur": null, "name_1": null, "office": null, "opening_hours": null, "operator": null, "operator:type": null, "phone": null, "polling_station": null, "religion": null, "roof:colour": null, "school": null, "smoking": null, "source": "OSM (Private/Mixed)", "surface": null, "type": null, "website": null, "wheelchair": null, "wikidata": null, "wikipedia": null, "@geometry": null }, "geometry": { "type": "Point", "coordinates": [ 1005226.354189020581543, 3503867.194935569539666 ] } },
{ "type": "Feature", "properties": { "id": "way/618358796", "@id": "way/618358796", "addr:city": null, "addr:country": null, "addr:district": null, "addr:housenumber": null, "addr:neighbourhood": null, "addr:postcode": null, "addr:state": null, "addr:street": null, "addr:subdistrict": null, "addr:suburb": null, "amenity": "school", "architect": null, "barrier": null, "building": null, "building:levels": null, "building:levels:underground": null, "check_date": null, "contact:facebook": null, "contact:instagram": null, "created_by": null, "denomination": null, "education": null, "ele": null, "email": null, "grades": null, "height": null, "image": null, "is_in": null, "level": null, "name": "Fatima Girls High School", "name:en": null, "name:ur": null, "name_1": null, "office": null, "opening_hours": null, "operator": null, "operator:type": null, "phone": null, "polling_station": null, "religion": null, "roof:colour": null, "school": null, "smoking": null, "source": "OSM (Private/Mixed)", "surface": null, "type": null, "website": null, "wheelchair": null, "wikidata": null, "wikipedia": null, "@geometry": "center" }, "geometry": { "type": "Point", "coordinates": [ 1004610.108956975396723, 3503972.125448784325272 ] } },
{ "type": "Feature", "properties": { "id": "way/618358797", "@id": "way/618358797", "addr:city": null, "addr:country": null, "addr:district": null, "addr:housenumber": null, "addr:neighbourhood": null, "addr:postcode": null, "addr:state": null, "addr:street": null, "addr:subdistrict": null, "addr:suburb": null, "amenity": "school", "architect": null, "barrier": null, "building": null, "building:levels": null, "building:levels:underground": null, "check_date": null, "contact:facebook": null, "contact:instagram": null, "created_by": null, "denomination": null, "education": null, "ele": null, "email": null, "grades": null, "height": null, "image": null, "is_in": null, "level": null, "name": "Women's Vocational High School", "name:en": null, "name:ur": null, "name_1": null, "office": null, "opening_hours": null, "operator": null, "operator:type": null, "phone": null, "polling_station": null, "religion": null, "roof:colour": null, "school": null, "smoking": null, "source": "OSM (Private/Mixed)", "surface": null, "type": null, "website": null, "wheelchair": null, "wikidata": null, "wikipedia": null, "@geometry": "center" }, "geometry": { "type": "Point", "coordinates": [ 1004216.577557525830343, 3503989.352869941387326 ] } },
{ "type": "Feature", "properties": { "id": "node/5188813721", "@id": "node/5188813721", "addr:city": null, "addr:country": null, "addr:district": null, "addr:housenumber": null, "addr:neighbourhood": null, "addr:postcode": null, "addr:state": null, "addr:street": null, "addr:subdistrict": null, "addr:suburb": null, "amenity": "school", "architect": null, "barrier": null, "building": null, "building:levels": null, "building:levels:underground": null, "check_date": null, "contact:facebook": null, "contact:instagram": null, "created_by": null, "denomination": null, "education": null, "ele": null, "email": null, "grades": null, "height": null, "image": null, "is_in": null, "level": null, "name": "Cathedral School", "name:en": null, "name:ur": null, "name_1": null, "office": null, "opening_hours": null, "operator": null, "operator:type": null, "phone": null, "polling_station": null, "religion": null, "roof:colour": null, "school": null, "smoking": null, "source": "OSM (Private/Mixed)", "surface": null, "type": null, "website": null, "wheelchair": null, "wikidata": null, "wikipedia": null, "@geometry": null }, "geometry": { "type": "Point", "coordinates": [ 1004903.538010311196558, 3504393.327712595462799 ] } },
{ "type": "Feature", "properties": { "id": "way/620993176", "@id": "way/620993176", "addr:city": null, "addr:country": null, "addr:district": null, "addr:housenumber": null, "addr:neighbourhood": null, "addr:postcode": null, "addr:state": null, "addr:street": null, "addr:subdistrict": null, "addr:suburb": null, "amenity": null, "architect": null, "barrier": null, "building": "school", "building:levels": null, "building:levels:underground": null, "check_date": null, "contact:facebook": null, "contact:instagram": null, "created_by": null, "denomination": null, "education": null, "ele": null, "email": null, "grades": null, "height": null, "image": null, "is_in": null, "level": null, "name": null, "name:en": null, "name:ur": null, "name_1": null, "office": null, "opening_hours": null, "operator": null, "operator:type": null, "phone": null, "polling_station": null, "religion": null, "roof:colour": null, "school": null, "smoking": null, "source": "OSM (Private/Mixed)", "surface": null, "type": null, "website": null, "wheelchair": null, "wikidata": null, "wikipedia": null, "@geometry": "center" }, "geometry": { "type": "Point", "coordinates": [ 1005753.011121373041533, 3504416.668124506715685 ] } },
{ "type": "Feature", "properties": { "id": "way/620993175", "@id": "way/620993175", "addr:city": null, "addr:country": null, "addr:district": null, "addr:housenumber": null, "addr:neighbourhood": null, "addr:postcode": null, "addr:state": null, "addr:street": null, "addr:subdistrict": null, "addr:suburb": null, "amenity": null, "architect": null, "barrier": null, "building": "school", "building:levels": null, "building:levels:underground": null, "check_date": null, "contact:facebook": null, "contact:instagram": null, "created_by": null, "denomination": null, "education": null, "ele": null, "email": null, "grades": null, "height": null, "image": null, "is_in": null, "level": null, "name": null, "name:en": null, "name:ur": null, "name_1": null, "office": null, "opening_hours": null, "operator": null, "operator:type": null, "phone": null, "polling_station": null, "religion": null, "roof:colour": null, "school": null, "smoking": null, "source": "OSM (Private/Mixed)", "surface": null, "type": null, "website": null, "wheelchair": null, "wikidata": null, "wikipedia": null, "@geometry": "center" }, "geometry": { "type": "Point", "coordinates": [ 1005720.128143626498058, 3504427.608969743363559 ] } },
{ "type": "Feature", "properties": { "id": "way/620993177", "@id": "way/620993177", "addr:city": null, "addr:country": null, "addr:district": null, "addr:housenumber": null, "addr:neighbourhood": null, "addr:postcode": null, "addr:state": null, "addr:street": null, "addr:subdistrict": null, "addr:suburb": null, "amenity": null, "architect": null, "barrier": null, "building": "school", "building:levels": null, "building:levels:underground": null, "check_date": null, "contact:facebook": null, "contact:instagram": null, "created_by": null, "denomination": null, "education": null, "ele": null, "email": null, "grades": null, "height": null, "image": null, "is_in": null, "level": null, "name": null, "name:en": null, "name:ur": null, "name_1": null, "office": null, "opening_hours": null, "operator": null, "operator:type": null, "phone": null, "polling_station": null, "religion": null, "roof:colour": null, "school": null, "smoking": null, "source": "OSM (Private/Mixed)", "surface": null, "type": null, "website": null, "wheelchair": null, "wikidata": null, "wikipedia": null, "@geometry": "center" }, "geometry": { "type": "Point", "coordinates": [ 1005814.402907496900298, 3504444.18732384359464 ] } },
{ "type": "Feature", "properties": { "id": "way/913261090", "@id": "way/913261090", "addr:city": null, "addr:country": null, "addr:district": null, "addr:housenumber": null, "addr:neighbourhood": null, "addr:postcode": null, "addr:state": null, "addr:street": null, "addr:subdistrict": null, "addr:suburb": null, "amenity": null, "architect": null, "barrier": null, "building": "school", "building:levels": null, "building:levels:underground": null, "check_date": null, "contact:facebook": null, "contact:instagram": null, "created_by": null, "denomination": null, "education": null, "ele": null, "email": null, "grades": null, "height": null, "image": null, "is_in": null, "level": null, "name": null, "name:en": null, "name:ur": null, "name_1": null, "office": null, "opening_hours": null, "operator": null, "operator:type": null, "phone": null, "polling_station": null, "religion": null, "roof:colour": null, "school": null, "smoking": null, "source": "OSM (Private/Mixed)", "surface": null, "type": null, "website": null, "wheelchair": null, "wikidata": null, "wikipedia": null, "@geometry": "center" }, "geometry": { "type": "Point", "coordinates": [ 1017701.073857719311491, 3492835.199827833101153 ] } },
{ "type": "Feature", "properties": { "id": "way/913261093", "@id": "way/913261093", "addr:city": null, "addr:country": null, "addr:district": null, "addr:housenumber": null, "addr:neighbourhood": null, "addr:postcode": null, "addr:state": null, "addr:street": null, "addr:subdistrict": null, "addr:suburb": null, "amenity": null, "architect": null, "barrier": null, "building": "school", "building:levels": null, "building:levels:underground": null, "check_date": null, "contact:facebook": null, "contact:instagram": null, "created_by": null, "denomination": null, "education": null, "ele": null, "email": null, "grades": null, "height": null, "image": null, "is_in": null, "level": null, "name": null, "name:en": null, "name:ur": null, "name_1": null, "office": null, "opening_hours": null, "operator": null, "operator:type": null, "phone": null, "polling_station": null, "religion": null, "roof:colour": null, "school": null, "smoking": null, "source": "OSM (Private/Mixed)", "surface": null, "type": null, "website": null, "wheelchair": null, "wikidata": null, "wikipedia": null, "@geometry": "center" }, "geometry": { "type": "Point", "coordinates": [ 1017683.234914776403457, 3492856.513102627824992 ] } },
{ "type": "Feature", "properties": { "id": "way/913261091", "@id": "way/913261091", "addr:city": null, "addr:country": null, "addr:district": null, "addr:housenumber": null, "addr:neighbourhood": null, "addr:postcode": null, "addr:state": null, "addr:street": null, "addr:subdistrict": null, "addr:suburb": null, "amenity": null, "architect": null, "barrier": null, "building": "school", "building:levels": null, "building:levels:underground": null, "check_date": null, "contact:facebook": null, "contact:instagram": null, "created_by": null, "denomination": null, "education": null, "ele": null, "email": null, "grades": null, "height": null, "image": null, "is_in": null, "level": null, "name": null, "name:en": null, "name:ur": null, "name_1": null, "office": null, "opening_hours": null, "operator": null, "operator:type": null, "phone": null, "polling_station": null, "religion": null, "roof:colour": null, "school": null, "smoking": null, "source": "OSM (Private/Mixed)", "surface": null, "type": null, "website": null, "wheelchair": null, "wikidata": null, "wikipedia": null, "@geometry": "center" }, "geometry": { "type": "Point", "coordinates": [ 1017729.644399800687097, 3492857.363176392391324 ] } },
{ "type": "Feature", "properties": { "id": "way/913265328", "@id": "way/913265328", "addr:city": null, "addr:country": null, "addr:district": null, "addr:housenumber": null, "addr:neighbourhood": null, "addr:postcode": null, "addr:state": null, "addr:street": null, "addr:subdistrict": null, "addr:suburb": null, "amenity": "school", "architect": null, "barrier": null, "building": null, "building:levels": null, "building:levels:underground": null, "check_date": null, "contact:facebook": null, "contact:instagram": null, "created_by": null, "denomination": null, "education": null, "ele": null, "email": null, "grades": null, "height": null, "image": null, "is_in": null, "level": null, "name": null, "name:en": null, "name:ur": null, "name_1": null, "office": null, "opening_hours": null, "operator": null, "operator:type": null, "phone": null, "polling_station": null, "religion": null, "roof:colour": null, "school": null, "smoking": null, "source": "OSM (Private/Mixed)", "surface": null, "type": null, "website": null, "wheelchair": null, "wikidata": null, "wikipedia": null, "@geometry": "center" }, "geometry": { "type": "Point", "coordinates": [ 1017721.417978452634998, 3492873.465254143811762 ] } },
{ "type": "Feature", "properties": { "id": "way/913261092", "@id": "way/913261092", "addr:city": null, "addr:country": null, "addr:district": null, "addr:housenumber": null, "addr:neighbourhood": null, "addr:postcode": null, "addr:state": null, "addr:street": null, "addr:subdistrict": null, "addr:suburb": null, "amenity": null, "architect": null, "barrier": null, "building": "school", "building:levels": null, "building:levels:underground": null, "check_date": null, "contact:facebook": null, "contact:instagram": null, "created_by": null, "denomination": null, "education": null, "ele": null, "email": null, "grades": null, "height": null, "image": null, "is_in": null, "level": null, "name": null, "name:en": null, "name:ur": null, "name_1": null, "office": null, "opening_hours": null, "operator": null, "operator:type": null, "phone": null, "polling_station": null, "religion": null, "roof:colour": null, "school": null, "smoking": null, "source": "OSM (Private/Mixed)", "surface": null, "type": null, "website": null, "wheelchair": null, "wikidata": null, "wikipedia": null, "@geometry": "center" }, "geometry": { "type": "Point", "coordinates": [ 1017698.394223975250497, 3492878.899974061641842 ] } },
{ "type": "Feature", "properties": { "id": "way/913261094", "@id": "way/913261094", "addr:city": null, "addr:country": null, "addr:district": null, "addr:housenumber": null, "addr:neighbourhood": null, "addr:postcode": null, "addr:state": null, "addr:street": null, "addr:subdistrict": null, "addr:suburb": null, "amenity": null, "architect": null, "barrier": null, "building": "school", "building:levels": null, "building:levels:underground": null, "check_date": null, "contact:facebook": null, "contact:instagram": null, "created_by": null, "denomination": null, "education": null, "ele": null, "email": null, "grades": null, "height": null, "image": null, "is_in": null, "level": null, "name": null, "name:en": null, "name:ur": null, "name_1": null, "office": null, "opening_hours": null, "operator": null, "operator:type": null, "phone": null, "polling_station": null, "religion": null, "roof:colour": null, "school": null, "smoking": null, "source": "OSM (Private/Mixed)", "surface": null, "type": null, "website": null, "wheelchair": null, "wikidata": null, "wikipedia": null, "@geometry": "center" }, "geometry": { "type": "Point", "coordinates": [ 1017724.528424264863133, 3492882.693968735169619 ] } },
{ "type": "Feature", "properties": { "id": "way/913261095", "@id": "way/913261095", "addr:city": null, "addr:country": null, "addr:district": null, "addr:housenumber": null, "addr:neighbourhood": null, "addr:postcode": null, "addr:state": null, "addr:street": null, "addr:subdistrict": null, "addr:suburb": null, "amenity": null, "architect": null, "barrier": null, "building": "school", "building:levels": null, "building:levels:underground": null, "check_date": null, "contact:facebook": null, "contact:instagram": null, "created_by": null, "denomination": null, "education": null, "ele": null, "email": null, "grades": null, "height": null, "image": null, "is_in": null, "level": null, "name": null, "name:en": null, "name:ur": null, "name_1": null, "office": null, "opening_hours": null, "operator": null, "operator:type": null, "phone": null, "polling_station": null, "religion": null, "roof:colour": null, "school": null, "smoking": null, "source": "OSM (Private/Mixed)", "surface": null, "type": null, "website": null, "wheelchair": null, "wikidata": null, "wikipedia": null, "@geometry": "center" }, "geometry": { "type": "Point", "coordinates": [ 1017728.296653213445097, 3492896.542501602787524 ] } },
{ "type": "Feature", "properties": { "id": "node/10279641409", "@id": "node/10279641409", "addr:city": null, "addr:country": null, "addr:district": null, "addr:housenumber": "64", "addr:neighbourhood": null, "addr:postcode": null, "addr:state": null, "addr:street": "Aashiana-e-Quaid Housing Scheme", "addr:subdistrict": null, "addr:suburb": null, "amenity": "school", "architect": null, "barrier": null, "building": null, "building:levels": null, "building:levels:underground": null, "check_date": null, "contact:facebook": null, "contact:instagram": null, "created_by": null, "denomination": null, "education": null, "ele": null, "email": null, "grades": null, "height": null, "image": null, "is_in": null, "level": null, "name": null, "name:en": null, "name:ur": null, "name_1": null, "office": null, "opening_hours": null, "operator": null, "operator:type": null, "phone": null, "polling_station": null, "religion": null, "roof:colour": null, "school": null, "smoking": null, "source": "OSM (Private/Mixed)", "surface": null, "type": null, "website": null, "wheelchair": null, "wikidata": null, "wikipedia": null, "@geometry": null }, "geometry": { "type": "Point", "coordinates": [ 1012253.19739668443799, 3489474.96730058407411 ] } },
{ "type": "Feature", "properties": { "id": "node/13255813504", "@id": "node/13255813504", "addr:city": "Lahore", "addr:country": null, "addr:district": null, "addr:housenumber": null, "addr:neighbourhood": null, "addr:postcode": null, "addr:state": null, "addr:street": "Formanites Housing Scheme, Block A", "addr:subdistrict": null, "addr:suburb": null, "amenity": "school", "architect": null, "barrier": null, "building": null, "building:levels": null, "building:levels:underground": null, "check_date": null, "contact:facebook": null, "contact:instagram": null, "created_by": null, "denomination": null, "education": "school", "ele": null, "email": null, "grades": null, "height": null, "image": null, "is_in": null, "level": null, "name": "Leads School System, Formanites Campus", "name:en": null, "name:ur": null, "name_1": null, "office": null, "opening_hours": null, "operator": null, "operator:type": null, "phone": null, "polling_station": null, "religion": null, "roof:colour": null, "school": null, "smoking": null, "source": "OSM (Private/Mixed)", "surface": null, "type": null, "website": null, "wheelchair": null, "wikidata": null, "wikipedia": null, "@geometry": null }, "geometry": { "type": "Point", "coordinates": [ 1014274.282827916089445, 3491409.479200817644596 ] } },
{ "type": "Feature", "properties": { "id": "way/719327225", "@id": "way/719327225", "addr:city": "Lahore", "addr:country": null, "addr:district": null, "addr:housenumber": null, "addr:neighbourhood": null, "addr:postcode": null, "addr:state": null, "addr:street": null, "addr:subdistrict": null, "addr:suburb": null, "amenity": null, "architect": null, "barrier": null, "building": "school", "building:levels": null, "building:levels:underground": null, "check_date": null, "contact:facebook": null, "contact:instagram": null, "created_by": null, "denomination": null, "education": null, "ele": "3", "email": null, "grades": null, "height": null, "image": null, "is_in": null, "level": null, "name": "Government Girls High School", "name:en": null, "name:ur": null, "name_1": null, "office": null, "opening_hours": null, "operator": null, "operator:type": null, "phone": null, "polling_station": null, "religion": null, "roof:colour": null, "school": null, "smoking": null, "source": "OSM (Private/Mixed)", "surface": null, "type": null, "website": null, "wheelchair": null, "wikidata": null, "wikipedia": null, "@geometry": "center" }, "geometry": { "type": "Point", "coordinates": [ 1012653.679074308369309, 3491689.584332125727087 ] } },
{ "type": "Feature", "properties": { "id": "way/1273079558", "@id": "way/1273079558", "addr:city": null, "addr:country": null, "addr:district": null, "addr:housenumber": null, "addr:neighbourhood": null, "addr:postcode": null, "addr:state": null, "addr:street": null, "addr:subdistrict": null, "addr:suburb": null, "amenity": null, "architect": null, "barrier": null, "building": "school", "building:levels": null, "building:levels:underground": null, "check_date": null, "contact:facebook": null, "contact:instagram": null, "created_by": null, "denomination": null, "education": null, "ele": null, "email": null, "grades": null, "height": null, "image": null, "is_in": null, "level": null, "name": "Roots School", "name:en": null, "name:ur": null, "name_1": null, "office": null, "opening_hours": null, "operator": null, "operator:type": null, "phone": null, "polling_station": null, "religion": null, "roof:colour": null, "school": null, "smoking": null, "source": "OSM (Private/Mixed)", "surface": null, "type": null, "website": null, "wheelchair": null, "wikidata": null, "wikipedia": null, "@geometry": "center" }, "geometry": { "type": "Point", "coordinates": [ 1016578.199054272146896, 3492036.478993223048747 ] } },
{ "type": "Feature", "properties": { "id": "way/1273087693", "@id": "way/1273087693", "addr:city": null, "addr:country": null, "addr:district": null, "addr:housenumber": null, "addr:neighbourhood": null, "addr:postcode": null, "addr:state": null, "addr:street": null, "addr:subdistrict": null, "addr:suburb": null, "amenity": "school", "architect": null, "barrier": null, "building": null, "building:levels": null, "building:levels:underground": null, "check_date": null, "contact:facebook": null, "contact:instagram": null, "created_by": null, "denomination": null, "education": null, "ele": null, "email": null, "grades": null, "height": null, "image": null, "is_in": null, "level": null, "name": null, "name:en": null, "name:ur": null, "name_1": null, "office": null, "opening_hours": null, "operator": null, "operator:type": null, "phone": null, "polling_station": null, "religion": null, "roof:colour": null, "school": null, "smoking": null, "source": "OSM (Private/Mixed)", "surface": null, "type": null, "website": null, "wheelchair": null, "wikidata": null, "wikipedia": null, "@geometry": "center" }, "geometry": { "type": "Point", "coordinates": [ 1016560.269141650060192, 3492045.041616884060204 ] } },
{ "type": "Feature", "properties": { "id": "node/4713553791", "@id": "node/4713553791", "addr:city": null, "addr:country": null, "addr:district": null, "addr:housenumber": null, "addr:neighbourhood": null, "addr:postcode": null, "addr:state": null, "addr:street": "Sui Gas Cop Socity", "addr:subdistrict": null, "addr:suburb": null, "amenity": "school", "architect": null, "barrier": null, "building": null, "building:levels": null, "building:levels:underground": null, "check_date": null, "contact:facebook": null, "contact:instagram": null, "created_by": null, "denomination": null, "education": null, "ele": null, "email": null, "grades": null, "height": null, "image": null, "is_in": null, "level": null, "name": null, "name:en": null, "name:ur": null, "name_1": null, "office": null, "opening_hours": null, "operator": null, "operator:type": null, "phone": null, "polling_station": null, "religion": null, "roof:colour": null, "school": null, "smoking": null, "source": "OSM (Private/Mixed)", "surface": null, "type": null, "website": null, "wheelchair": null, "wikidata": null, "wikipedia": null, "@geometry": null }, "geometry": { "type": "Point", "coordinates": [ 1013339.11047196877189, 3492627.089714280329645 ] } },
{ "type": "Feature", "properties": { "id": "node/271696527", "@id": "node/271696527", "addr:city": null, "addr:country": null, "addr:district": null, "addr:housenumber": null, "addr:neighbourhood": null, "addr:postcode": null, "addr:state": null, "addr:street": null, "addr:subdistrict": null, "addr:suburb": null, "amenity": "school", "architect": null, "barrier": null, "building": null, "building:levels": null, "building:levels:underground": null, "check_date": null, "contact:facebook": null, "contact:instagram": null, "created_by": "Potlatch 0.10e", "denomination": null, "education": null, "ele": null, "email": null, "grades": null, "height": null, "image": null, "is_in": null, "level": null, "name": "Girls Collage", "name:en": null, "name:ur": null, "name_1": null, "office": null, "opening_hours": null, "operator": null, "operator:type": null, "phone": null, "polling_station": null, "religion": null, "roof:colour": null, "school": null, "smoking": null, "source": "OSM (Private/Mixed)", "surface": null, "type": null, "website": null, "wheelchair": null, "wikidata": null, "wikipedia": null, "@geometry": null }, "geometry": { "type": "Point", "coordinates": [ 1012412.198400474735536, 3493510.003578387200832 ] } },
{ "type": "Feature", "properties": { "id": "way/437072504", "@id": "way/437072504", "addr:city": null, "addr:country": null, "addr:district": null, "addr:housenumber": null, "addr:neighbourhood": null, "addr:postcode": null, "addr:state": null, "addr:street": null, "addr:subdistrict": null, "addr:suburb": null, "amenity": null, "architect": null, "barrier": null, "building": "school", "building:levels": null, "building:levels:underground": null, "check_date": null, "contact:facebook": null, "contact:instagram": null, "created_by": null, "denomination": null, "education": null, "ele": null, "email": null, "grades": null, "height": null, "image": null, "is_in": null, "level": null, "name": "Main Building", "name:en": null, "name:ur": null, "name_1": null, "office": null, "opening_hours": null, "operator": null, "operator:type": null, "phone": null, "polling_station": null, "religion": null, "roof:colour": null, "school": null, "smoking": null, "source": "OSM (Private/Mixed)", "surface": null, "type": null, "website": null, "wheelchair": null, "wikidata": null, "wikipedia": null, "@geometry": "center" }, "geometry": { "type": "Point", "coordinates": [ 1012406.118065300630406, 3493530.577964245807379 ] } },
{ "type": "Feature", "properties": { "id": "way/546081343", "@id": "way/546081343", "addr:city": null, "addr:country": null, "addr:district": null, "addr:housenumber": null, "addr:neighbourhood": null, "addr:postcode": null, "addr:state": null, "addr:street": null, "addr:subdistrict": null, "addr:suburb": null, "amenity": null, "architect": null, "barrier": null, "building": "school", "building:levels": null, "building:levels:underground": null, "check_date": null, "contact:facebook": null, "contact:instagram": null, "created_by": null, "denomination": null, "education": null, "ele": "2", "email": null, "grades": null, "height": null, "image": null, "is_in": null, "level": null, "name": "The Guitar School", "name:en": null, "name:ur": null, "name_1": null, "office": null, "opening_hours": null, "operator": null, "operator:type": null, "phone": null, "polling_station": null, "religion": null, "roof:colour": null, "school": null, "smoking": null, "source": "OSM (Private/Mixed)", "surface": null, "type": null, "website": null, "wheelchair": null, "wikidata": null, "wikipedia": null, "@geometry": "center" }, "geometry": { "type": "Point", "coordinates": [ 1011969.299528647447005, 3493623.139411839656532 ] } },
{ "type": "Feature", "properties": { "id": "node/9673745117", "@id": "node/9673745117", "addr:city": null, "addr:country": null, "addr:district": null, "addr:housenumber": "483/3 Sector G", "addr:neighbourhood": null, "addr:postcode": null, "addr:state": null, "addr:street": null, "addr:subdistrict": null, "addr:suburb": null, "amenity": "school", "architect": null, "barrier": null, "building": null, "building:levels": null, "building:levels:underground": null, "check_date": null, "contact:facebook": "tnsbeaconhouse", "contact:instagram": "tns.dha", "created_by": null, "denomination": null, "education": null, "ele": null, "email": null, "grades": null, "height": null, "image": null, "is_in": null, "level": null, "name": "TNS Beaconhouse Defence", "name:en": null, "name:ur": null, "name_1": null, "office": null, "opening_hours": null, "operator": null, "operator:type": null, "phone": null, "polling_station": null, "religion": null, "roof:colour": null, "school": null, "smoking": null, "source": "OSM (Private/Mixed)", "surface": null, "type": null, "website": "https://tns.edu.pk/", "wheelchair": null, "wikidata": null, "wikipedia": null, "@geometry": null }, "geometry": { "type": "Point", "coordinates": [ 1012761.84247799962759, 3493646.995475865900517 ] } },
{ "type": "Feature", "properties": { "id": "way/544976772", "@id": "way/544976772", "addr:city": null, "addr:country": null, "addr:district": null, "addr:housenumber": null, "addr:neighbourhood": null, "addr:postcode": null, "addr:state": null, "addr:street": null, "addr:subdistrict": null, "addr:suburb": null, "amenity": null, "architect": null, "barrier": null, "building": "school", "building:levels": null, "building:levels:underground": null, "check_date": null, "contact:facebook": null, "contact:instagram": null, "created_by": null, "denomination": null, "education": null, "ele": "2", "email": null, "grades": null, "height": null, "image": null, "is_in": null, "level": null, "name": "Scarsdale International School", "name:en": null, "name:ur": null, "name_1": null, "office": null, "opening_hours": null, "operator": null, "operator:type": null, "phone": null, "polling_station": null, "religion": null, "roof:colour": null, "school": null, "smoking": null, "source": "OSM (Private/Mixed)", "surface": null, "type": null, "website": null, "wheelchair": null, "wikidata": null, "wikipedia": null, "@geometry": "center" }, "geometry": { "type": "Point", "coordinates": [ 1010942.708767020376399, 3493469.453574704937637 ] } },
{ "type": "Feature", "properties": { "id": "way/796935096", "@id": "way/796935096", "addr:city": null, "addr:country": null, "addr:district": null, "addr:housenumber": null, "addr:neighbourhood": null, "addr:postcode": null, "addr:state": null, "addr:street": null, "addr:subdistrict": null, "addr:suburb": null, "amenity": null, "architect": null, "barrier": null, "building": "school", "building:levels": "3", "building:levels:underground": null, "check_date": null, "contact:facebook": null, "contact:instagram": null, "created_by": null, "denomination": null, "education": null, "ele": null, "email": null, "grades": null, "height": null, "image": null, "is_in": null, "level": null, "name": null, "name:en": null, "name:ur": null, "name_1": null, "office": null, "opening_hours": null, "operator": null, "operator:type": null, "phone": null, "polling_station": null, "religion": null, "roof:colour": null, "school": null, "smoking": null, "source": "OSM (Private/Mixed)", "surface": null, "type": null, "website": null, "wheelchair": null, "wikidata": null, "wikipedia": null, "@geometry": "center" }, "geometry": { "type": "Point", "coordinates": [ 1010569.698388019576669, 3493890.125170934014022 ] } },
{ "type": "Feature", "properties": { "id": "node/271110942", "@id": "node/271110942", "addr:city": null, "addr:country": null, "addr:district": null, "addr:housenumber": null, "addr:neighbourhood": null, "addr:postcode": null, "addr:state": null, "addr:street": null, "addr:subdistrict": null, "addr:suburb": null, "amenity": "school", "architect": null, "barrier": null, "building": null, "building:levels": null, "building:levels:underground": null, "check_date": null, "contact:facebook": null, "contact:instagram": null, "created_by": null, "denomination": null, "education": null, "ele": null, "email": null, "grades": null, "height": null, "image": null, "is_in": null, "level": null, "name": null, "name:en": null, "name:ur": null, "name_1": null, "office": null, "opening_hours": null, "operator": null, "operator:type": null, "phone": null, "polling_station": null, "religion": null, "roof:colour": null, "school": null, "smoking": null, "source": "OSM (Private/Mixed)", "surface": null, "type": null, "website": null, "wheelchair": null, "wikidata": null, "wikipedia": null, "@geometry": null }, "geometry": { "type": "Point", "coordinates": [ 1010550.829842115170322, 3493891.770714930724353 ] } },
{ "type": "Feature", "properties": { "id": "way/795627072", "@id": "way/795627072", "addr:city": null, "addr:country": null, "addr:district": null, "addr:housenumber": null, "addr:neighbourhood": null, "addr:postcode": null, "addr:state": null, "addr:street": null, "addr:subdistrict": null, "addr:suburb": null, "amenity": "school", "architect": null, "barrier": null, "building": null, "building:levels": null, "building:levels:underground": null, "check_date": null, "contact:facebook": null, "contact:instagram": null, "created_by": null, "denomination": null, "education": null, "ele": null, "email": null, "grades": null, "height": null, "image": null, "is_in": null, "level": null, "name": null, "name:en": null, "name:ur": null, "name_1": null, "office": null, "opening_hours": null, "operator": null, "operator:type": null, "phone": null, "polling_station": null, "religion": null, "roof:colour": null, "school": null, "smoking": null, "source": "OSM (Private/Mixed)", "surface": null, "type": null, "website": null, "wheelchair": null, "wikidata": null, "wikipedia": null, "@geometry": "center" }, "geometry": { "type": "Point", "coordinates": [ 1011777.301384019432589, 3494374.083406040910631 ] } },
{ "type": "Feature", "properties": { "id": "node/271107138", "@id": "node/271107138", "addr:city": null, "addr:country": null, "addr:district": null, "addr:housenumber": null, "addr:neighbourhood": null, "addr:postcode": null, "addr:state": null, "addr:street": null, "addr:subdistrict": null, "addr:suburb": null, "amenity": "school", "architect": null, "barrier": null, "building": null, "building:levels": null, "building:levels:underground": null, "check_date": null, "contact:facebook": null, "contact:instagram": null, "created_by": "Potlatch 0.9c", "denomination": null, "education": null, "ele": null, "email": null, "grades": null, "height": null, "image": null, "is_in": "Lahore DHA, Lahore, Punjab, Pakistan", "level": null, "name": "DPS Sec Z Ph 3", "name:en": null, "name:ur": null, "name_1": null, "office": null, "opening_hours": null, "operator": null, "operator:type": null, "phone": null, "polling_station": null, "religion": null, "roof:colour": null, "school": null, "smoking": null, "source": "OSM (Private/Mixed)", "surface": null, "type": null, "website": null, "wheelchair": null, "wikidata": null, "wikipedia": null, "@geometry": null }, "geometry": { "type": "Point", "coordinates": [ 1011750.834684894187376, 3494396.738569241482764 ] } },
{ "type": "Feature", "properties": { "id": "way/800400674", "@id": "way/800400674", "addr:city": null, "addr:country": null, "addr:district": null, "addr:housenumber": null, "addr:neighbourhood": null, "addr:postcode": null, "addr:state": null, "addr:street": null, "addr:subdistrict": null, "addr:suburb": null, "amenity": null, "architect": null, "barrier": null, "building": "school", "building:levels": null, "building:levels:underground": null, "check_date": null, "contact:facebook": null, "contact:instagram": null, "created_by": null, "denomination": null, "education": null, "ele": null, "email": null, "grades": null, "height": null, "image": null, "is_in": null, "level": null, "name": null, "name:en": null, "name:ur": null, "name_1": null, "office": null, "opening_hours": null, "operator": null, "operator:type": null, "phone": null, "polling_station": null, "religion": null, "roof:colour": null, "school": null, "smoking": null, "source": "OSM (Private/Mixed)", "surface": null, "type": null, "website": null, "wheelchair": null, "wikidata": null, "wikipedia": null, "@geometry": "center" }, "geometry": { "type": "Point", "coordinates": [ 1010911.678288594819605, 3494834.73740146914497 ] } },
{ "type": "Feature", "properties": { "id": "way/800400673", "@id": "way/800400673", "addr:city": null, "addr:country": null, "addr:district": null, "addr:housenumber": null, "addr:neighbourhood": null, "addr:postcode": null, "addr:state": null, "addr:street": null, "addr:subdistrict": null, "addr:suburb": null, "amenity": "school", "architect": null, "barrier": null, "building": null, "building:levels": null, "building:levels:underground": null, "check_date": null, "contact:facebook": null, "contact:instagram": null, "created_by": null, "denomination": null, "education": null, "ele": null, "email": null, "grades": null, "height": null, "image": null, "is_in": null, "level": null, "name": null, "name:en": null, "name:ur": null, "name_1": null, "office": null, "opening_hours": null, "operator": null, "operator:type": null, "phone": null, "polling_station": null, "religion": null, "roof:colour": null, "school": null, "smoking": null, "source": "OSM (Private/Mixed)", "surface": null, "type": null, "website": null, "wheelchair": null, "wikidata": null, "wikipedia": null, "@geometry": "center" }, "geometry": { "type": "Point", "coordinates": [ 1010918.151495447847992, 3494872.905780345667154 ] } },
{ "type": "Feature", "properties": { "id": "node/533746958", "@id": "node/533746958", "addr:city": null, "addr:country": null, "addr:district": null, "addr:housenumber": null, "addr:neighbourhood": null, "addr:postcode": null, "addr:state": null, "addr:street": null, "addr:subdistrict": null, "addr:suburb": null, "amenity": "school", "architect": null, "barrier": null, "building": null, "building:levels": null, "building:levels:underground": null, "check_date": null, "contact:facebook": null, "contact:instagram": null, "created_by": null, "denomination": null, "education": null, "ele": null, "email": null, "grades": null, "height": null, "image": null, "is_in": null, "level": null, "name": null, "name:en": null, "name:ur": null, "name_1": null, "office": null, "opening_hours": null, "operator": null, "operator:type": null, "phone": null, "polling_station": null, "religion": null, "roof:colour": null, "school": null, "smoking": null, "source": "OSM (Private/Mixed)", "surface": null, "type": null, "website": null, "wheelchair": null, "wikidata": null, "wikipedia": null, "@geometry": null }, "geometry": { "type": "Point", "coordinates": [ 1010899.71097030187957, 3494888.397933220025152 ] } },
{ "type": "Feature", "properties": { "id": "way/800400672", "@id": "way/800400672", "addr:city": null, "addr:country": null, "addr:district": null, "addr:housenumber": null, "addr:neighbourhood": null, "addr:postcode": null, "addr:state": null, "addr:street": null, "addr:subdistrict": null, "addr:suburb": null, "amenity": null, "architect": null, "barrier": null, "building": "school", "building:levels": null, "building:levels:underground": null, "check_date": null, "contact:facebook": null, "contact:instagram": null, "created_by": null, "denomination": null, "education": null, "ele": null, "email": null, "grades": null, "height": null, "image": null, "is_in": null, "level": null, "name": null, "name:en": null, "name:ur": null, "name_1": null, "office": null, "opening_hours": null, "operator": null, "operator:type": null, "phone": null, "polling_station": null, "religion": null, "roof:colour": null, "school": null, "smoking": null, "source": "OSM (Private/Mixed)", "surface": null, "type": null, "website": null, "wheelchair": null, "wikidata": null, "wikipedia": null, "@geometry": "center" }, "geometry": { "type": "Point", "coordinates": [ 1010902.784336737124249, 3494908.765463843010366 ] } },
{ "type": "Feature", "properties": { "id": "way/540214823", "@id": "way/540214823", "addr:city": null, "addr:country": null, "addr:district": null, "addr:housenumber": null, "addr:neighbourhood": null, "addr:postcode": null, "addr:state": null, "addr:street": null, "addr:subdistrict": null, "addr:suburb": null, "amenity": null, "architect": null, "barrier": null, "building": "school", "building:levels": null, "building:levels:underground": null, "check_date": null, "contact:facebook": null, "contact:instagram": null, "created_by": null, "denomination": null, "education": null, "ele": null, "email": null, "grades": null, "height": null, "image": null, "is_in": null, "level": null, "name": "Beacon House Defence", "name:en": null, "name:ur": null, "name_1": null, "office": null, "opening_hours": null, "operator": null, "operator:type": null, "phone": null, "polling_station": null, "religion": null, "roof:colour": null, "school": null, "smoking": null, "source": "OSM (Private/Mixed)", "surface": null, "type": null, "website": null, "wheelchair": null, "wikidata": null, "wikipedia": null, "@geometry": "center" }, "geometry": { "type": "Point", "coordinates": [ 1011032.139757425058633, 3494949.943718687165529 ] } },
{ "type": "Feature", "properties": { "id": "way/776304578", "@id": "way/776304578", "addr:city": "Lahore", "addr:country": null, "addr:district": null, "addr:housenumber": "483/4", "addr:neighbourhood": null, "addr:postcode": "54792", "addr:state": null, "addr:street": "G Block Education City Phase 5 D.H.A Lahore Cantt", "addr:subdistrict": null, "addr:suburb": null, "amenity": "school", "architect": null, "barrier": null, "building": null, "building:levels": "5", "building:levels:underground": "1", "check_date": null, "contact:facebook": null, "contact:instagram": null, "created_by": null, "denomination": null, "education": null, "ele": null, "email": null, "grades": null, "height": null, "image": null, "is_in": null, "level": null, "name": "Lahore Grammar School Phase V", "name:en": null, "name:ur": null, "name_1": null, "office": null, "opening_hours": null, "operator": "yes", "operator:type": "private", "phone": null, "polling_station": null, "religion": null, "roof:colour": "red", "school": null, "smoking": null, "source": "OSM (Private/Mixed)", "surface": null, "type": null, "website": "https://www.lgsdefence.edu.pk/", "wheelchair": "yes", "wikidata": "Q6473375", "wikipedia": "en:Lahore Grammar School", "@geometry": "center" }, "geometry": { "type": "Point", "coordinates": [ 1012751.370877564419061, 3493836.616190530359745 ] } },
{ "type": "Feature", "properties": { "id": "way/544524819", "@id": "way/544524819", "addr:city": null, "addr:country": null, "addr:district": null, "addr:housenumber": null, "addr:neighbourhood": null, "addr:postcode": null, "addr:state": null, "addr:street": null, "addr:subdistrict": null, "addr:suburb": null, "amenity": null, "architect": null, "barrier": null, "building": "school", "building:levels": null, "building:levels:underground": null, "check_date": null, "contact:facebook": null, "contact:instagram": null, "created_by": null, "denomination": null, "education": null, "ele": "3", "email": null, "grades": null, "height": null, "image": null, "is_in": null, "level": null, "name": "Defence Public School Junior Campus", "name:en": null, "name:ur": null, "name_1": null, "office": null, "opening_hours": null, "operator": null, "operator:type": null, "phone": null, "polling_station": null, "religion": null, "roof:colour": null, "school": null, "smoking": null, "source": "OSM (Private/Mixed)", "surface": null, "type": null, "website": null, "wheelchair": null, "wikidata": null, "wikipedia": null, "@geometry": "center" }, "geometry": { "type": "Point", "coordinates": [ 1013720.212289058370516, 3494681.500866803340614 ] } },
{ "type": "Feature", "properties": { "id": "way/544692857", "@id": "way/544692857", "addr:city": null, "addr:country": null, "addr:district": null, "addr:housenumber": null, "addr:neighbourhood": null, "addr:postcode": null, "addr:state": null, "addr:street": null, "addr:subdistrict": null, "addr:suburb": null, "amenity": null, "architect": null, "barrier": null, "building": "school", "building:levels": null, "building:levels:underground": null, "check_date": null, "contact:facebook": null, "contact:instagram": null, "created_by": null, "denomination": null, "education": null, "ele": "2", "email": null, "grades": null, "height": null, "image": null, "is_in": null, "level": null, "name": "DHA Senior School for Boys", "name:en": null, "name:ur": null, "name_1": null, "office": null, "opening_hours": null, "operator": null, "operator:type": null, "phone": null, "polling_station": null, "religion": null, "roof:colour": null, "school": null, "smoking": null, "source": "OSM (Private/Mixed)", "surface": null, "type": null, "website": null, "wheelchair": null, "wikidata": null, "wikipedia": null, "@geometry": "center" }, "geometry": { "type": "Point", "coordinates": [ 1013340.539710289100185, 3494754.934737188275903 ] } },
{ "type": "Feature", "properties": { "id": "node/271096995", "@id": "node/271096995", "addr:city": null, "addr:country": null, "addr:district": null, "addr:housenumber": null, "addr:neighbourhood": null, "addr:postcode": null, "addr:state": null, "addr:street": null, "addr:subdistrict": null, "addr:suburb": null, "amenity": "school", "architect": null, "barrier": null, "building": null, "building:levels": null, "building:levels:underground": null, "check_date": null, "contact:facebook": null, "contact:instagram": null, "created_by": null, "denomination": null, "education": null, "ele": null, "email": null, "grades": null, "height": null, "image": null, "is_in": null, "level": null, "name": "DPS Girls", "name:en": null, "name:ur": null, "name_1": null, "office": null, "opening_hours": null, "operator": null, "operator:type": null, "phone": null, "polling_station": null, "religion": null, "roof:colour": null, "school": null, "smoking": null, "source": "OSM (Private/Mixed)", "surface": null, "type": null, "website": null, "wheelchair": null, "wikidata": null, "wikipedia": null, "@geometry": null }, "geometry": { "type": "Point", "coordinates": [ 1013365.06867056991905, 3494784.946378852240741 ] } },
{ "type": "Feature", "properties": { "id": "way/545986256", "@id": "way/545986256", "addr:city": "Lahore", "addr:country": null, "addr:district": null, "addr:housenumber": null, "addr:neighbourhood": null, "addr:postcode": "54000", "addr:state": null, "addr:street": "Street 18", "addr:subdistrict": null, "addr:suburb": null, "amenity": null, "architect": null, "barrier": null, "building": "school", "building:levels": null, "building:levels:underground": null, "check_date": null, "contact:facebook": null, "contact:instagram": null, "created_by": null, "denomination": null, "education": null, "ele": "2", "email": null, "grades": null, "height": null, "image": null, "is_in": null, "level": null, "name": "Allied School Defence View Campus", "name:en": null, "name:ur": null, "name_1": null, "office": null, "opening_hours": null, "operator": null, "operator:type": null, "phone": null, "polling_station": null, "religion": null, "roof:colour": null, "school": null, "smoking": null, "source": "OSM (Private/Mixed)", "surface": null, "type": null, "website": null, "wheelchair": null, "wikidata": null, "wikipedia": null, "@geometry": "center" }, "geometry": { "type": "Point", "coordinates": [ 1014717.60994476499036, 3494785.267122424207628 ] } },
{ "type": "Feature", "properties": { "id": "way/546246847", "@id": "way/546246847", "addr:city": "Lahore", "addr:country": null, "addr:district": null, "addr:housenumber": null, "addr:neighbourhood": null, "addr:postcode": "54000", "addr:state": null, "addr:street": "Bedian Road", "addr:subdistrict": null, "addr:suburb": null, "amenity": null, "architect": null, "barrier": null, "building": "school", "building:levels": null, "building:levels:underground": null, "check_date": null, "contact:facebook": null, "contact:instagram": null, "created_by": null, "denomination": null, "education": null, "ele": "2", "email": null, "grades": null, "height": null, "image": null, "is_in": null, "level": null, "name": "Allied School Defence Bedian Road Campus", "name:en": null, "name:ur": null, "name_1": null, "office": null, "opening_hours": null, "operator": null, "operator:type": null, "phone": null, "polling_station": null, "religion": null, "roof:colour": null, "school": null, "smoking": null, "source": "OSM (Private/Mixed)", "surface": null, "type": null, "website": null, "wheelchair": null, "wikidata": null, "wikipedia": null, "@geometry": "center" }, "geometry": { "type": "Point", "coordinates": [ 1015620.272222985164262, 3494844.097809405066073 ] } },
{ "type": "Feature", "properties": { "id": "way/543666128", "@id": "way/543666128", "addr:city": "Lahore", "addr:country": null, "addr:district": null, "addr:housenumber": null, "addr:neighbourhood": null, "addr:postcode": "54000", "addr:state": null, "addr:street": null, "addr:subdistrict": null, "addr:suburb": null, "amenity": null, "architect": null, "barrier": null, "building": "school", "building:levels": null, "building:levels:underground": null, "check_date": null, "contact:facebook": null, "contact:instagram": null, "created_by": null, "denomination": null, "education": null, "ele": "2", "email": null, "grades": null, "height": null, "image": null, "is_in": null, "level": null, "name": "Lahore City School", "name:en": null, "name:ur": null, "name_1": null, "office": null, "opening_hours": null, "operator": null, "operator:type": null, "phone": null, "polling_station": null, "religion": null, "roof:colour": null, "school": null, "smoking": null, "source": "OSM (Private/Mixed)", "surface": null, "type": null, "website": null, "wheelchair": null, "wikidata": null, "wikipedia": null, "@geometry": "center" }, "geometry": { "type": "Point", "coordinates": [ 1015697.936852346756496, 3495404.150318911299109 ] } },
{ "type": "Feature", "properties": { "id": "way/544946681", "@id": "way/544946681", "addr:city": "Lahore", "addr:country": null, "addr:district": null, "addr:housenumber": null, "addr:neighbourhood": null, "addr:postcode": "54000", "addr:state": null, "addr:street": "Malikpur Road", "addr:subdistrict": null, "addr:suburb": null, "amenity": null, "architect": null, "barrier": null, "building": "school", "building:levels": null, "building:levels:underground": null, "check_date": null, "contact:facebook": null, "contact:instagram": null, "created_by": null, "denomination": null, "education": null, "ele": "2", "email": null, "grades": null, "height": null, "image": null, "is_in": null, "level": null, "name": "Govt. Arif Higher Secadry School Mustaf Abad Lahore Cant", "name:en": null, "name:ur": null, "name_1": null, "office": null, "opening_hours": null, "operator": null, "operator:type": null, "phone": null, "polling_station": null, "religion": null, "roof:colour": null, "school": null, "smoking": null, "source": "OSM (Private/Mixed)", "surface": null, "type": null, "website": null, "wheelchair": null, "wikidata": null, "wikipedia": null, "@geometry": "center" }, "geometry": { "type": "Point", "coordinates": [ 1015006.037239153287373, 3495493.971364903729409 ] } },
{ "type": "Feature", "properties": { "id": "node/271140455", "@id": "node/271140455", "addr:city": null, "addr:country": null, "addr:district": null, "addr:housenumber": null, "addr:neighbourhood": null, "addr:postcode": null, "addr:state": null, "addr:street": null, "addr:subdistrict": null, "addr:suburb": null, "amenity": "school", "architect": null, "barrier": null, "building": null, "building:levels": null, "building:levels:underground": null, "check_date": null, "contact:facebook": null, "contact:instagram": null, "created_by": "Potlatch 0.9c", "denomination": null, "education": null, "ele": null, "email": null, "grades": null, "height": null, "image": null, "is_in": null, "level": null, "name": "Lhr Grammer", "name:en": null, "name:ur": null, "name_1": null, "office": null, "opening_hours": null, "operator": null, "operator:type": null, "phone": null, "polling_station": null, "religion": null, "roof:colour": null, "school": null, "smoking": null, "source": "OSM (Private/Mixed)", "surface": null, "type": null, "website": null, "wheelchair": null, "wikidata": null, "wikipedia": null, "@geometry": null }, "geometry": { "type": "Point", "coordinates": [ 1012397.279567150166258, 3495513.706498968414962 ] } },
{ "type": "Feature", "properties": { "id": "way/544739514", "@id": "way/544739514", "addr:city": null, "addr:country": null, "addr:district": null, "addr:housenumber": null, "addr:neighbourhood": null, "addr:postcode": null, "addr:state": null, "addr:street": null, "addr:subdistrict": null, "addr:suburb": null, "amenity": null, "architect": null, "barrier": null, "building": "school", "building:levels": "1", "building:levels:underground": null, "check_date": null, "contact:facebook": null, "contact:instagram": null, "created_by": null, "denomination": null, "education": null, "ele": null, "email": null, "grades": null, "height": null, "image": null, "is_in": null, "level": null, "name": "Lahore Grammar School", "name:en": null, "name:ur": null, "name_1": null, "office": null, "opening_hours": null, "operator": null, "operator:type": null, "phone": null, "polling_station": null, "religion": null, "roof:colour": null, "school": null, "smoking": null, "source": "OSM (Private/Mixed)", "surface": null, "type": null, "website": null, "wheelchair": null, "wikidata": null, "wikipedia": null, "@geometry": "center" }, "geometry": { "type": "Point", "coordinates": [ 1012401.868355643819086, 3495514.099636637605727 ] } },
{ "type": "Feature", "properties": { "id": "node/271138954", "@id": "node/271138954", "addr:city": null, "addr:country": null, "addr:district": null, "addr:housenumber": null, "addr:neighbourhood": null, "addr:postcode": null, "addr:state": null, "addr:street": null, "addr:subdistrict": null, "addr:suburb": null, "amenity": "school", "architect": null, "barrier": null, "building": null, "building:levels": null, "building:levels:underground": null, "check_date": null, "contact:facebook": null, "contact:instagram": null, "created_by": "Potlatch 0.9c", "denomination": null, "education": null, "ele": null, "email": null, "grades": null, "height": null, "image": null, "is_in": null, "level": null, "name": "The Lhr ALMA", "name:en": null, "name:ur": null, "name_1": null, "office": null, "opening_hours": null, "operator": null, "operator:type": null, "phone": null, "polling_station": null, "religion": null, "roof:colour": null, "school": null, "smoking": null, "source": "OSM (Private/Mixed)", "surface": null, "type": null, "website": null, "wheelchair": null, "wikidata": null, "wikipedia": null, "@geometry": null }, "geometry": { "type": "Point", "coordinates": [ 1011982.596170032862574, 3495553.584054506383836 ] } },
{ "type": "Feature", "properties": { "id": "way/544945677", "@id": "way/544945677", "addr:city": "Lahore", "addr:country": null, "addr:district": null, "addr:housenumber": null, "addr:neighbourhood": null, "addr:postcode": "54000", "addr:state": null, "addr:street": "Bedian Road", "addr:subdistrict": null, "addr:suburb": null, "amenity": null, "architect": null, "barrier": null, "building": "school", "building:levels": null, "building:levels:underground": null, "check_date": null, "contact:facebook": null, "contact:instagram": null, "created_by": null, "denomination": null, "education": null, "ele": "2", "email": null, "grades": null, "height": null, "image": null, "is_in": null, "level": null, "name": "Netsol Technologies", "name:en": null, "name:ur": null, "name_1": null, "office": null, "opening_hours": null, "operator": null, "operator:type": null, "phone": null, "polling_station": null, "religion": null, "roof:colour": null, "school": null, "smoking": null, "source": "OSM (Private/Mixed)", "surface": null, "type": null, "website": null, "wheelchair": null, "wikidata": null, "wikipedia": null, "@geometry": "center" }, "geometry": { "type": "Point", "coordinates": [ 1015345.967943976284005, 3495625.209215859882534 ] } },
{ "type": "Feature", "properties": { "id": "way/544983814", "@id": "way/544983814", "addr:city": "Lahore", "addr:country": null, "addr:district": null, "addr:housenumber": null, "addr:neighbourhood": null, "addr:postcode": "54000", "addr:state": null, "addr:street": "Malikpur Road", "addr:subdistrict": null, "addr:suburb": null, "amenity": null, "architect": null, "barrier": null, "building": "school", "building:levels": null, "building:levels:underground": null, "check_date": null, "contact:facebook": null, "contact:instagram": null, "created_by": null, "denomination": null, "education": null, "ele": "2", "email": null, "grades": null, "height": null, "image": null, "is_in": null, "level": null, "name": "Ali Garh Public Hiigh School & Computer College", "name:en": null, "name:ur": null, "name_1": null, "office": null, "opening_hours": null, "operator": null, "operator:type": null, "phone": null, "polling_station": null, "religion": null, "roof:colour": null, "school": null, "smoking": null, "source": "OSM (Private/Mixed)", "surface": null, "type": null, "website": null, "wheelchair": null, "wikidata": null, "wikipedia": null, "@geometry": "center" }, "geometry": { "type": "Point", "coordinates": [ 1014729.245500539196655, 3495653.742797198705375 ] } },
{ "type": "Feature", "properties": { "id": "way/543664787", "@id": "way/543664787", "addr:city": "Lahore", "addr:country": null, "addr:district": null, "addr:housenumber": null, "addr:neighbourhood": null, "addr:postcode": "54000", "addr:state": null, "addr:street": null, "addr:subdistrict": null, "addr:suburb": null, "amenity": null, "architect": null, "barrier": null, "building": "school", "building:levels": null, "building:levels:underground": null, "check_date": null, "contact:facebook": null, "contact:instagram": null, "created_by": null, "denomination": null, "education": null, "ele": "2", "email": null, "grades": null, "height": null, "image": null, "is_in": null, "level": null, "name": "Govt. Girls High School", "name:en": null, "name:ur": null, "name_1": null, "office": null, "opening_hours": null, "operator": null, "operator:type": null, "phone": null, "polling_station": null, "religion": null, "roof:colour": null, "school": null, "smoking": null, "source": "OSM (Private/Mixed)", "surface": null, "type": null, "website": null, "wheelchair": null, "wikidata": null, "wikipedia": null, "@geometry": "center" }, "geometry": { "type": "Point", "coordinates": [ 1016135.24328428437002, 3495689.622772095259279 ] } },
{ "type": "Feature", "properties": { "id": "way/543662231", "@id": "way/543662231", "addr:city": "Lahore", "addr:country": null, "addr:district": null, "addr:housenumber": null, "addr:neighbourhood": null, "addr:postcode": "54000", "addr:state": null, "addr:street": null, "addr:subdistrict": null, "addr:suburb": null, "amenity": null, "architect": null, "barrier": null, "building": "school", "building:levels": null, "building:levels:underground": null, "check_date": null, "contact:facebook": null, "contact:instagram": null, "created_by": null, "denomination": null, "education": null, "ele": "2", "email": null, "grades": null, "height": null, "image": null, "is_in": null, "level": null, "name": "Mubeen School System", "name:en": null, "name:ur": null, "name_1": null, "office": null, "opening_hours": null, "operator": null, "operator:type": null, "phone": null, "polling_station": null, "religion": null, "roof:colour": null, "school": null, "smoking": null, "source": "OSM (Private/Mixed)", "surface": null, "type": null, "website": null, "wheelchair": null, "wikidata": null, "wikipedia": null, "@geometry": "center" }, "geometry": { "type": "Point", "coordinates": [ 1015488.486178711988032, 3495764.327098469249904 ] } },
{ "type": "Feature", "properties": { "id": "way/683333319", "@id": "way/683333319", "addr:city": "Lahore", "addr:country": null, "addr:district": null, "addr:housenumber": null, "addr:neighbourhood": null, "addr:postcode": "54000", "addr:state": null, "addr:street": null, "addr:subdistrict": null, "addr:suburb": null, "amenity": null, "architect": null, "barrier": null, "building": "school", "building:levels": null, "building:levels:underground": null, "check_date": null, "contact:facebook": null, "contact:instagram": null, "created_by": null, "denomination": null, "education": null, "ele": null, "email": null, "grades": null, "height": null, "image": null, "is_in": null, "level": null, "name": "Rising Star Pre-School & Academy", "name:en": null, "name:ur": null, "name_1": null, "office": null, "opening_hours": null, "operator": null, "operator:type": null, "phone": null, "polling_station": null, "religion": null, "roof:colour": null, "school": null, "smoking": null, "source": "OSM (Private/Mixed)", "surface": null, "type": null, "website": null, "wheelchair": null, "wikidata": null, "wikipedia": null, "@geometry": "center" }, "geometry": { "type": "Point", "coordinates": [ 1014135.029298030538484, 3495863.881232455838472 ] } },
{ "type": "Feature", "properties": { "id": "way/544473114", "@id": "way/544473114", "addr:city": "Lahore", "addr:country": null, "addr:district": null, "addr:housenumber": null, "addr:neighbourhood": null, "addr:postcode": "54000", "addr:state": null, "addr:street": null, "addr:subdistrict": null, "addr:suburb": null, "amenity": null, "architect": null, "barrier": null, "building": "school", "building:levels": null, "building:levels:underground": null, "check_date": null, "contact:facebook": null, "contact:instagram": null, "created_by": null, "denomination": null, "education": null, "ele": "1", "email": null, "grades": null, "height": null, "image": null, "is_in": null, "level": null, "name": "Cantt View Public High School", "name:en": null, "name:ur": null, "name_1": null, "office": null, "opening_hours": null, "operator": null, "operator:type": null, "phone": null, "polling_station": null, "religion": null, "roof:colour": null, "school": null, "smoking": null, "source": "OSM (Private/Mixed)", "surface": null, "type": null, "website": null, "wheelchair": null, "wikidata": null, "wikipedia": null, "@geometry": "center" }, "geometry": { "type": "Point", "coordinates": [ 1014804.606364674866199, 3495992.550871333573014 ] } },
{ "type": "Feature", "properties": { "id": "node/5251896816", "@id": "node/5251896816", "addr:city": "Lahore", "addr:country": null, "addr:district": null, "addr:housenumber": null, "addr:neighbourhood": null, "addr:postcode": null, "addr:state": null, "addr:street": "Bedian Road", "addr:subdistrict": null, "addr:suburb": null, "amenity": "school", "architect": null, "barrier": null, "building": null, "building:levels": null, "building:levels:underground": null, "check_date": null, "contact:facebook": null, "contact:instagram": null, "created_by": null, "denomination": null, "education": null, "ele": null, "email": null, "grades": null, "height": null, "image": null, "is_in": null, "level": null, "name": "Meridian's School System & Academy", "name:en": null, "name:ur": null, "name_1": null, "office": null, "opening_hours": null, "operator": null, "operator:type": null, "phone": null, "polling_station": null, "religion": null, "roof:colour": null, "school": null, "smoking": null, "source": "OSM (Private/Mixed)", "surface": null, "type": null, "website": null, "wheelchair": null, "wikidata": null, "wikipedia": null, "@geometry": null }, "geometry": { "type": "Point", "coordinates": [ 1014955.914784191409126, 3496072.656080567277968 ] } },
{ "type": "Feature", "properties": { "id": "way/544707360", "@id": "way/544707360", "addr:city": "Lahore", "addr:country": null, "addr:district": null, "addr:housenumber": null, "addr:neighbourhood": null, "addr:postcode": "54000", "addr:state": null, "addr:street": "Malikpur Road", "addr:subdistrict": null, "addr:suburb": null, "amenity": null, "architect": null, "barrier": null, "building": "school", "building:levels": null, "building:levels:underground": null, "check_date": null, "contact:facebook": null, "contact:instagram": null, "created_by": null, "denomination": null, "education": null, "ele": "2", "email": null, "grades": null, "height": null, "image": null, "is_in": null, "level": null, "name": "Nazeeria Islamic School", "name:en": null, "name:ur": null, "name_1": null, "office": null, "opening_hours": null, "operator": null, "operator:type": null, "phone": null, "polling_station": null, "religion": null, "roof:colour": null, "school": null, "smoking": null, "source": "OSM (Private/Mixed)", "surface": null, "type": null, "website": null, "wheelchair": null, "wikidata": null, "wikipedia": null, "@geometry": "center" }, "geometry": { "type": "Point", "coordinates": [ 1015458.84734721458517, 3496211.788091237191111 ] } },
{ "type": "Feature", "properties": { "id": "node/4547389489", "@id": "node/4547389489", "addr:city": null, "addr:country": null, "addr:district": null, "addr:housenumber": "A1 Madeena park", "addr:neighbourhood": null, "addr:postcode": "54000", "addr:state": null, "addr:street": "Bedian Road", "addr:subdistrict": null, "addr:suburb": null, "amenity": "school", "architect": null, "barrier": null, "building": null, "building:levels": null, "building:levels:underground": null, "check_date": null, "contact:facebook": null, "contact:instagram": null, "created_by": null, "denomination": null, "education": null, "ele": null, "email": "issac@teachers.org", "grades": null, "height": null, "image": null, "is_in": null, "level": null, "name": "ISSAC", "name:en": null, "name:ur": null, "name_1": null, "office": null, "opening_hours": "Mo-Fr 07:30-14:15", "operator": "Mr. Athar", "operator:type": null, "phone": "04237397070", "polling_station": null, "religion": null, "roof:colour": null, "school": null, "smoking": null, "source": "OSM (Private/Mixed)", "surface": null, "type": null, "website": "https://scholar.edu.pk/", "wheelchair": null, "wikidata": null, "wikipedia": null, "@geometry": null }, "geometry": { "type": "Point", "coordinates": [ 1015285.812143752234988, 3496479.78349922504276 ] } },
{ "type": "Feature", "properties": { "id": "way/913261101", "@id": "way/913261101", "addr:city": null, "addr:country": null, "addr:district": null, "addr:housenumber": null, "addr:neighbourhood": null, "addr:postcode": null, "addr:state": null, "addr:street": null, "addr:subdistrict": null, "addr:suburb": null, "amenity": null, "architect": null, "barrier": null, "building": "school", "building:levels": null, "building:levels:underground": null, "check_date": null, "contact:facebook": null, "contact:instagram": null, "created_by": null, "denomination": null, "education": null, "ele": null, "email": null, "grades": null, "height": null, "image": null, "is_in": null, "level": null, "name": null, "name:en": null, "name:ur": null, "name_1": null, "office": null, "opening_hours": null, "operator": null, "operator:type": null, "phone": null, "polling_station": null, "religion": null, "roof:colour": null, "school": null, "smoking": null, "source": "OSM (Private/Mixed)", "surface": null, "type": null, "website": null, "wheelchair": null, "wikidata": null, "wikipedia": null, "@geometry": "center" }, "geometry": { "type": "Point", "coordinates": [ 1017684.882696671178564, 3492897.066115415655077 ] } },
{ "type": "Feature", "properties": { "id": "way/913261104", "@id": "way/913261104", "addr:city": null, "addr:country": null, "addr:district": null, "addr:housenumber": null, "addr:neighbourhood": null, "addr:postcode": null, "addr:state": null, "addr:street": null, "addr:subdistrict": null, "addr:suburb": null, "amenity": null, "architect": null, "barrier": null, "building": "school", "building:levels": null, "building:levels:underground": null, "check_date": null, "contact:facebook": null, "contact:instagram": null, "created_by": null, "denomination": null, "education": null, "ele": null, "email": null, "grades": null, "height": null, "image": null, "is_in": null, "level": null, "name": null, "name:en": null, "name:ur": null, "name_1": null, "office": null, "opening_hours": null, "operator": null, "operator:type": null, "phone": null, "polling_station": null, "religion": null, "roof:colour": null, "school": null, "smoking": null, "source": "OSM (Private/Mixed)", "surface": null, "type": null, "website": null, "wheelchair": null, "wikidata": null, "wikipedia": null, "@geometry": "center" }, "geometry": { "type": "Point", "coordinates": [ 1017713.275102404411882, 3492899.591837914194912 ] } },
{ "type": "Feature", "properties": { "id": "way/913261103", "@id": "way/913261103", "addr:city": null, "addr:country": null, "addr:district": null, "addr:housenumber": null, "addr:neighbourhood": null, "addr:postcode": null, "addr:state": null, "addr:street": null, "addr:subdistrict": null, "addr:suburb": null, "amenity": null, "architect": null, "barrier": null, "building": "school", "building:levels": null, "building:levels:underground": null, "check_date": null, "contact:facebook": null, "contact:instagram": null, "created_by": null, "denomination": null, "education": null, "ele": null, "email": null, "grades": null, "height": null, "image": null, "is_in": null, "level": null, "name": null, "name:en": null, "name:ur": null, "name_1": null, "office": null, "opening_hours": null, "operator": null, "operator:type": null, "phone": null, "polling_station": null, "religion": null, "roof:colour": null, "school": null, "smoking": null, "source": "OSM (Private/Mixed)", "surface": null, "type": null, "website": null, "wheelchair": null, "wikidata": null, "wikipedia": null, "@geometry": "center" }, "geometry": { "type": "Point", "coordinates": [ 1017678.453188217012212, 3492920.984390735626221 ] } },
{ "type": "Feature", "properties": { "id": "way/913265329", "@id": "way/913265329", "addr:city": null, "addr:country": null, "addr:district": null, "addr:housenumber": null, "addr:neighbourhood": null, "addr:postcode": null, "addr:state": null, "addr:street": null, "addr:subdistrict": null, "addr:suburb": null, "amenity": "school", "architect": null, "barrier": null, "building": null, "building:levels": null, "building:levels:underground": null, "check_date": null, "contact:facebook": null, "contact:instagram": null, "created_by": null, "denomination": null, "education": null, "ele": null, "email": null, "grades": null, "height": null, "image": null, "is_in": null, "level": null, "name": null, "name:en": null, "name:ur": null, "name_1": null, "office": null, "opening_hours": null, "operator": null, "operator:type": null, "phone": null, "polling_station": null, "religion": null, "roof:colour": null, "school": null, "smoking": null, "source": "OSM (Private/Mixed)", "surface": null, "type": null, "website": null, "wheelchair": null, "wikidata": null, "wikipedia": null, "@geometry": "center" }, "geometry": { "type": "Point", "coordinates": [ 1017695.390755498083308, 3492924.888691765256226 ] } },
{ "type": "Feature", "properties": { "id": "way/913261102", "@id": "way/913261102", "addr:city": null, "addr:country": null, "addr:district": null, "addr:housenumber": null, "addr:neighbourhood": null, "addr:postcode": null, "addr:state": null, "addr:street": null, "addr:subdistrict": null, "addr:suburb": null, "amenity": null, "architect": null, "barrier": null, "building": "school", "building:levels": null, "building:levels:underground": null, "check_date": null, "contact:facebook": null, "contact:instagram": null, "created_by": null, "denomination": null, "education": null, "ele": null, "email": null, "grades": null, "height": null, "image": null, "is_in": null, "level": null, "name": null, "name:en": null, "name:ur": null, "name_1": null, "office": null, "opening_hours": null, "operator": null, "operator:type": null, "phone": null, "polling_station": null, "religion": null, "roof:colour": null, "school": null, "smoking": null, "source": "OSM (Private/Mixed)", "surface": null, "type": null, "website": null, "wheelchair": null, "wikidata": null, "wikipedia": null, "@geometry": "center" }, "geometry": { "type": "Point", "coordinates": [ 1017686.393064177129418, 3492944.793545601889491 ] } },
{ "type": "Feature", "properties": { "id": "node/5737704522", "@id": "node/5737704522", "addr:city": "Lahore", "addr:country": null, "addr:district": null, "addr:housenumber": "Main Campus", "addr:neighbourhood": null, "addr:postcode": "54000", "addr:state": null, "addr:street": "Sector C DHA Phase 6", "addr:subdistrict": null, "addr:suburb": null, "amenity": "school", "architect": null, "barrier": null, "building": null, "building:levels": null, "building:levels:underground": null, "check_date": null, "contact:facebook": null, "contact:instagram": null, "created_by": null, "denomination": "muslim", "education": null, "ele": null, "email": null, "grades": "12", "height": null, "image": null, "is_in": null, "level": null, "name": "Lahore Garission University", "name:en": null, "name:ur": "لاہور گیریژن یونیورسٹی", "name_1": null, "office": null, "opening_hours": null, "operator": null, "operator:type": null, "phone": null, "polling_station": null, "religion": "muslim", "roof:colour": null, "school": null, "smoking": null, "source": "OSM (Private/Mixed)", "surface": null, "type": null, "website": "info@lgu.edu.pk", "wheelchair": null, "wikidata": null, "wikipedia": null, "@geometry": null }, "geometry": { "type": "Point", "coordinates": [ 1017459.775614223442972, 3493855.637164134066552 ] } },
{ "type": "Feature", "properties": { "id": "way/319302622", "@id": "way/319302622", "addr:city": "Lahore", "addr:country": null, "addr:district": null, "addr:housenumber": null, "addr:neighbourhood": "Phase 6, DHA", "addr:postcode": "54000", "addr:state": "Punjab", "addr:street": null, "addr:subdistrict": null, "addr:suburb": null, "amenity": null, "architect": "OH+A", "barrier": null, "building": "school", "building:levels": "4", "building:levels:underground": null, "check_date": null, "contact:facebook": null, "contact:instagram": null, "created_by": null, "denomination": null, "education": null, "ele": null, "email": null, "grades": null, "height": null, "image": null, "is_in": null, "level": null, "name": "بیکن ہاؤس - نیو لینڈز", "name:en": null, "name:ur": null, "name_1": null, "office": null, "opening_hours": null, "operator": "Beaconhouse School System", "operator:type": null, "phone": null, "polling_station": "no", "religion": null, "roof:colour": null, "school": null, "smoking": "no", "source": "OSM (Private/Mixed)", "surface": null, "type": null, "website": null, "wheelchair": "no", "wikidata": null, "wikipedia": null, "@geometry": "center" }, "geometry": { "type": "Point", "coordinates": [ 1018824.011313755647279, 3495858.556588087696582 ] } },
{ "type": "Feature", "properties": { "id": "way/381179133", "@id": "way/381179133", "addr:city": "Lahore", "addr:country": null, "addr:district": null, "addr:housenumber": null, "addr:neighbourhood": null, "addr:postcode": null, "addr:state": null, "addr:street": "Barki Road", "addr:subdistrict": null, "addr:suburb": null, "amenity": "school", "architect": null, "barrier": null, "building": null, "building:levels": null, "building:levels:underground": null, "check_date": null, "contact:facebook": null, "contact:instagram": null, "created_by": null, "denomination": null, "education": null, "ele": null, "email": null, "grades": null, "height": null, "image": null, "is_in": null, "level": null, "name": "Lahore School of Economics", "name:en": null, "name:ur": null, "name_1": null, "office": null, "opening_hours": null, "operator": null, "operator:type": null, "phone": null, "polling_station": null, "religion": null, "roof:colour": null, "school": null, "smoking": null, "source": "OSM (Private/Mixed)", "surface": null, "type": null, "website": null, "wheelchair": null, "wikidata": null, "wikipedia": null, "@geometry": "center" }, "geometry": { "type": "Point", "coordinates": [ 1020238.863754660822451, 3498316.234682181850076 ] } },
{ "type": "Feature", "properties": { "id": "way/688300483", "@id": "way/688300483", "addr:city": "lahore", "addr:country": null, "addr:district": null, "addr:housenumber": "Main Barki Rd, Sector S DHA Phase 8, Lahore, Punjab, Pakistan", "addr:neighbourhood": null, "addr:postcode": null, "addr:state": null, "addr:street": null, "addr:subdistrict": null, "addr:suburb": null, "amenity": "school", "architect": null, "barrier": null, "building": null, "building:levels": null, "building:levels:underground": null, "check_date": null, "contact:facebook": null, "contact:instagram": null, "created_by": null, "denomination": null, "education": null, "ele": null, "email": null, "grades": null, "height": null, "image": null, "is_in": null, "level": null, "name": "SCIL School Barki Road Branch", "name:en": null, "name:ur": "ایس سی آئی ایل سکول برکی روڈ برانچ", "name_1": null, "office": null, "opening_hours": null, "operator": "abdullah", "operator:type": null, "phone": null, "polling_station": null, "religion": null, "roof:colour": null, "school": null, "smoking": null, "source": "OSM (Private/Mixed)", "surface": null, "type": null, "website": null, "wheelchair": null, "wikidata": null, "wikipedia": null, "@geometry": "center" }, "geometry": { "type": "Point", "coordinates": [ 1019736.874030531616881, 3498868.261338336393237 ] } },
{ "type": "Feature", "properties": { "id": "way/691417189", "@id": "way/691417189", "addr:city": "Lahore", "addr:country": null, "addr:district": null, "addr:housenumber": null, "addr:neighbourhood": null, "addr:postcode": null, "addr:state": null, "addr:street": null, "addr:subdistrict": null, "addr:suburb": null, "amenity": null, "architect": null, "barrier": null, "building": "school", "building:levels": null, "building:levels:underground": null, "check_date": null, "contact:facebook": null, "contact:instagram": null, "created_by": null, "denomination": null, "education": null, "ele": "3", "email": null, "grades": null, "height": null, "image": null, "is_in": null, "level": null, "name": "LACAS Burki Campus", "name:en": null, "name:ur": null, "name_1": null, "office": null, "opening_hours": null, "operator": null, "operator:type": null, "phone": null, "polling_station": null, "religion": null, "roof:colour": null, "school": null, "smoking": null, "source": "OSM (Private/Mixed)", "surface": null, "type": null, "website": null, "wheelchair": null, "wikidata": null, "wikipedia": null, "@geometry": "center" }, "geometry": { "type": "Point", "coordinates": [ 1018092.904858876951039, 3500586.56124061672017 ] } },
{ "type": "Feature", "properties": { "id": "way/542236596", "@id": "way/542236596", "addr:city": "Lahore", "addr:country": null, "addr:district": null, "addr:housenumber": null, "addr:neighbourhood": null, "addr:postcode": "54000", "addr:state": null, "addr:street": "Airport Ghazi Rd", "addr:subdistrict": null, "addr:suburb": null, "amenity": null, "architect": null, "barrier": null, "building": "school", "building:levels": null, "building:levels:underground": null, "check_date": null, "contact:facebook": null, "contact:instagram": null, "created_by": null, "denomination": null, "education": null, "ele": "1", "email": null, "grades": null, "height": null, "image": null, "is_in": null, "level": null, "name": "Bagh-e-Rehmat Trust Elementary School", "name:en": null, "name:ur": null, "name_1": null, "office": null, "opening_hours": null, "operator": null, "operator:type": null, "phone": null, "polling_station": null, "religion": null, "roof:colour": null, "school": null, "smoking": null, "source": "OSM (Private/Mixed)", "surface": null, "type": null, "website": null, "wheelchair": null, "wikidata": null, "wikipedia": null, "@geometry": "center" }, "geometry": { "type": "Point", "coordinates": [ 1014572.49161159270443, 3496708.056803438346833 ] } },
{ "type": "Feature", "properties": { "id": "way/542242622", "@id": "way/542242622", "addr:city": "Lahore", "addr:country": null, "addr:district": null, "addr:housenumber": null, "addr:neighbourhood": null, "addr:postcode": "54000", "addr:state": null, "addr:street": "Service Road", "addr:subdistrict": null, "addr:suburb": null, "amenity": null, "architect": null, "barrier": null, "building": "school", "building:levels": null, "building:levels:underground": null, "check_date": null, "contact:facebook": null, "contact:instagram": null, "created_by": null, "denomination": null, "education": null, "ele": "2", "email": null, "grades": null, "height": null, "image": null, "is_in": null, "level": null, "name": "Emmanuel Primary School", "name:en": null, "name:ur": "ایمانوئیل پرائمری اسکول", "name_1": null, "office": null, "opening_hours": null, "operator": null, "operator:type": null, "phone": null, "polling_station": null, "religion": null, "roof:colour": null, "school": null, "smoking": null, "source": "OSM (Private/Mixed)", "surface": null, "type": null, "website": null, "wheelchair": null, "wikidata": null, "wikipedia": null, "@geometry": "center" }, "geometry": { "type": "Point", "coordinates": [ 1016113.631403196370229, 3496881.19218678586185 ] } },
{ "type": "Feature", "properties": { "id": "way/674384778", "@id": "way/674384778", "addr:city": null, "addr:country": null, "addr:district": null, "addr:housenumber": null, "addr:neighbourhood": null, "addr:postcode": null, "addr:state": null, "addr:street": null, "addr:subdistrict": null, "addr:suburb": null, "amenity": null, "architect": null, "barrier": null, "building": "school", "building:levels": "1", "building:levels:underground": null, "check_date": null, "contact:facebook": null, "contact:instagram": null, "created_by": null, "denomination": null, "education": null, "ele": "1", "email": null, "grades": null, "height": null, "image": null, "is_in": null, "level": null, "name": "American International School", "name:en": null, "name:ur": null, "name_1": null, "office": null, "opening_hours": null, "operator": null, "operator:type": null, "phone": null, "polling_station": null, "religion": null, "roof:colour": null, "school": null, "smoking": null, "source": "OSM (Private/Mixed)", "surface": null, "type": null, "website": null, "wheelchair": null, "wikidata": null, "wikipedia": null, "@geometry": "center" }, "geometry": { "type": "Point", "coordinates": [ 1014856.576496257912368, 3496907.962576970923692 ] } },
{ "type": "Feature", "properties": { "id": "way/542237082", "@id": "way/542237082", "addr:city": "Lahore", "addr:country": null, "addr:district": null, "addr:housenumber": null, "addr:neighbourhood": null, "addr:postcode": "54000", "addr:state": null, "addr:street": "Malikpur Road", "addr:subdistrict": null, "addr:suburb": null, "amenity": null, "architect": null, "barrier": null, "building": "school", "building:levels": null, "building:levels:underground": null, "check_date": null, "contact:facebook": null, "contact:instagram": null, "created_by": null, "denomination": null, "education": null, "ele": "2", "email": null, "grades": null, "height": null, "image": null, "is_in": null, "level": null, "name": "Al-Maher Public High School", "name:en": null, "name:ur": null, "name_1": null, "office": null, "opening_hours": null, "operator": null, "operator:type": null, "phone": null, "polling_station": null, "religion": null, "roof:colour": null, "school": null, "smoking": null, "source": "OSM (Private/Mixed)", "surface": null, "type": null, "website": null, "wheelchair": null, "wikidata": null, "wikipedia": null, "@geometry": "center" }, "geometry": { "type": "Point", "coordinates": [ 1015559.132667277706787, 3497034.520586893893778 ] } },
{ "type": "Feature", "properties": { "id": "way/683288181", "@id": "way/683288181", "addr:city": null, "addr:country": null, "addr:district": null, "addr:housenumber": null, "addr:neighbourhood": null, "addr:postcode": null, "addr:state": null, "addr:street": null, "addr:subdistrict": null, "addr:suburb": null, "amenity": null, "architect": null, "barrier": null, "building": "school", "building:levels": "3", "building:levels:underground": null, "check_date": null, "contact:facebook": null, "contact:instagram": null, "created_by": null, "denomination": null, "education": null, "ele": null, "email": null, "grades": null, "height": null, "image": null, "is_in": null, "level": null, "name": "Syed Public School, Nadirabad", "name:en": null, "name:ur": null, "name_1": null, "office": null, "opening_hours": null, "operator": null, "operator:type": null, "phone": null, "polling_station": null, "religion": null, "roof:colour": null, "school": null, "smoking": null, "source": "OSM (Private/Mixed)", "surface": null, "type": null, "website": null, "wheelchair": null, "wikidata": null, "wikipedia": null, "@geometry": "center" }, "geometry": { "type": "Point", "coordinates": [ 1013722.922608499065973, 3497072.863432220648974 ] } },
{ "type": "Feature", "properties": { "id": "way/683344196", "@id": "way/683344196", "addr:city": "Lahore", "addr:country": null, "addr:district": null, "addr:housenumber": null, "addr:neighbourhood": null, "addr:postcode": null, "addr:state": null, "addr:street": "Gohawa Tibba, Lahore, Punjab, Pakistan", "addr:subdistrict": null, "addr:suburb": null, "amenity": null, "architect": null, "barrier": null, "building": "school", "building:levels": null, "building:levels:underground": null, "check_date": null, "contact:facebook": null, "contact:instagram": null, "created_by": null, "denomination": null, "education": null, "ele": "3", "email": null, "grades": null, "height": null, "image": null, "is_in": null, "level": null, "name": "Govt High School، Gohawa Tibba, Lahore, Punjab, Pakistan", "name:en": null, "name:ur": null, "name_1": null, "office": null, "opening_hours": null, "operator": null, "operator:type": null, "phone": null, "polling_station": null, "religion": null, "roof:colour": null, "school": null, "smoking": null, "source": "OSM (Private/Mixed)", "surface": null, "type": null, "website": null, "wheelchair": null, "wikidata": null, "wikipedia": null, "@geometry": "center" }, "geometry": { "type": "Point", "coordinates": [ 1015924.265614927047864, 3497098.945962307043374 ] } },
{ "type": "Feature", "properties": { "id": "way/683311180", "@id": "way/683311180", "addr:city": null, "addr:country": null, "addr:district": null, "addr:housenumber": null, "addr:neighbourhood": null, "addr:postcode": null, "addr:state": null, "addr:street": null, "addr:subdistrict": null, "addr:suburb": null, "amenity": null, "architect": null, "barrier": null, "building": "school", "building:levels": "3", "building:levels:underground": null, "check_date": null, "contact:facebook": null, "contact:instagram": null, "created_by": null, "denomination": null, "education": null, "ele": null, "email": null, "grades": null, "height": null, "image": null, "is_in": null, "level": null, "name": "سید پبلک رہِ دانش گرلز اسکول", "name:en": null, "name:ur": null, "name_1": null, "office": null, "opening_hours": null, "operator": null, "operator:type": null, "phone": null, "polling_station": null, "religion": null, "roof:colour": null, "school": null, "smoking": null, "source": "OSM (Private/Mixed)", "surface": null, "type": null, "website": null, "wheelchair": null, "wikidata": null, "wikipedia": null, "@geometry": "center" }, "geometry": { "type": "Point", "coordinates": [ 1013613.514877292094752, 3497123.39879531878978 ] } },
{ "type": "Feature", "properties": { "id": "way/699559938", "@id": "way/699559938", "addr:city": null, "addr:country": null, "addr:district": null, "addr:housenumber": null, "addr:neighbourhood": null, "addr:postcode": null, "addr:state": null, "addr:street": null, "addr:subdistrict": null, "addr:suburb": null, "amenity": null, "architect": null, "barrier": null, "building": "school", "building:levels": null, "building:levels:underground": null, "check_date": null, "contact:facebook": null, "contact:instagram": null, "created_by": null, "denomination": null, "education": null, "ele": null, "email": null, "grades": null, "height": null, "image": null, "is_in": null, "level": null, "name": "Bismillah High School", "name:en": null, "name:ur": null, "name_1": null, "office": null, "opening_hours": null, "operator": null, "operator:type": null, "phone": null, "polling_station": null, "religion": null, "roof:colour": null, "school": null, "smoking": null, "source": "OSM (Private/Mixed)", "surface": null, "type": null, "website": null, "wheelchair": null, "wikidata": null, "wikipedia": null, "@geometry": "center" }, "geometry": { "type": "Point", "coordinates": [ 1012604.883196024573408, 3497172.743779708631337 ] } },
{ "type": "Feature", "properties": { "id": "way/290394190", "@id": "way/290394190", "addr:city": null, "addr:country": null, "addr:district": null, "addr:housenumber": null, "addr:neighbourhood": null, "addr:postcode": null, "addr:state": null, "addr:street": "Bedian Road", "addr:subdistrict": null, "addr:suburb": null, "amenity": "school", "architect": null, "barrier": null, "building": null, "building:levels": null, "building:levels:underground": null, "check_date": null, "contact:facebook": null, "contact:instagram": null, "created_by": null, "denomination": null, "education": null, "ele": null, "email": null, "grades": null, "height": null, "image": null, "is_in": null, "level": null, "name": null, "name:en": null, "name:ur": null, "name_1": null, "office": null, "opening_hours": null, "operator": null, "operator:type": null, "phone": null, "polling_station": null, "religion": null, "roof:colour": null, "school": null, "smoking": null, "source": "OSM (Private/Mixed)", "surface": null, "type": null, "website": null, "wheelchair": null, "wikidata": null, "wikipedia": null, "@geometry": "center" }, "geometry": { "type": "Point", "coordinates": [ 1012761.371035248273984, 3497534.679338708054274 ] } },
{ "type": "Feature", "properties": { "id": "node/3228646370", "@id": "node/3228646370", "addr:city": null, "addr:country": null, "addr:district": null, "addr:housenumber": null, "addr:neighbourhood": null, "addr:postcode": null, "addr:state": null, "addr:street": null, "addr:subdistrict": null, "addr:suburb": null, "amenity": "school", "architect": null, "barrier": null, "building": null, "building:levels": null, "building:levels:underground": null, "check_date": null, "contact:facebook": null, "contact:instagram": null, "created_by": null, "denomination": null, "education": null, "ele": null, "email": null, "grades": null, "height": null, "image": null, "is_in": null, "level": null, "name": "Fauji Foundation School", "name:en": null, "name:ur": null, "name_1": null, "office": null, "opening_hours": null, "operator": null, "operator:type": null, "phone": null, "polling_station": null, "religion": null, "roof:colour": null, "school": null, "smoking": null, "source": "OSM (Private/Mixed)", "surface": null, "type": null, "website": null, "wheelchair": null, "wikidata": null, "wikipedia": null, "@geometry": null }, "geometry": { "type": "Point", "coordinates": [ 1012756.272067852783948, 3497534.783947219140828 ] } },
{ "type": "Feature", "properties": { "id": "way/691409563", "@id": "way/691409563", "addr:city": "Lahore", "addr:country": null, "addr:district": null, "addr:housenumber": null, "addr:neighbourhood": null, "addr:postcode": null, "addr:state": null, "addr:street": null, "addr:subdistrict": null, "addr:suburb": null, "amenity": null, "architect": null, "barrier": null, "building": "school", "building:levels": null, "building:levels:underground": null, "check_date": null, "contact:facebook": null, "contact:instagram": null, "created_by": null, "denomination": null, "education": null, "ele": "2", "email": null, "grades": null, "height": null, "image": null, "is_in": null, "level": null, "name": "The National School", "name:en": null, "name:ur": null, "name_1": null, "office": null, "opening_hours": null, "operator": null, "operator:type": null, "phone": null, "polling_station": null, "religion": null, "roof:colour": null, "school": null, "smoking": null, "source": "OSM (Private/Mixed)", "surface": null, "type": null, "website": null, "wheelchair": null, "wikidata": null, "wikipedia": null, "@geometry": "center" }, "geometry": { "type": "Point", "coordinates": [ 1017604.956615125294775, 3500721.041016222443432 ] } },
{ "type": "Feature", "properties": { "id": "way/1474749058", "@id": "way/1474749058", "addr:city": null, "addr:country": null, "addr:district": null, "addr:housenumber": null, "addr:neighbourhood": null, "addr:postcode": null, "addr:state": null, "addr:street": null, "addr:subdistrict": null, "addr:suburb": null, "amenity": null, "architect": null, "barrier": null, "building": "school", "building:levels": null, "building:levels:underground": null, "check_date": null, "contact:facebook": null, "contact:instagram": null, "created_by": null, "denomination": null, "education": null, "ele": null, "email": null, "grades": null, "height": null, "image": null, "is_in": null, "level": null, "name": null, "name:en": null, "name:ur": null, "name_1": null, "office": null, "opening_hours": null, "operator": null, "operator:type": null, "phone": null, "polling_station": null, "religion": null, "roof:colour": null, "school": null, "smoking": null, "source": "OSM (Private/Mixed)", "surface": null, "type": null, "website": null, "wheelchair": null, "wikidata": null, "wikipedia": null, "@geometry": "center" }, "geometry": { "type": "Point", "coordinates": [ 1027289.981258885934949, 3500755.089925464242697 ] } },
{ "type": "Feature", "properties": { "id": "way/1474749071", "@id": "way/1474749071", "addr:city": null, "addr:country": null, "addr:district": null, "addr:housenumber": null, "addr:neighbourhood": null, "addr:postcode": null, "addr:state": null, "addr:street": null, "addr:subdistrict": null, "addr:suburb": null, "amenity": "school", "architect": null, "barrier": null, "building": null, "building:levels": null, "building:levels:underground": null, "check_date": null, "contact:facebook": null, "contact:instagram": null, "created_by": null, "denomination": null, "education": "school", "ele": null, "email": null, "grades": null, "height": null, "image": null, "is_in": null, "level": null, "name": "EFA School Manhala", "name:en": null, "name:ur": null, "name_1": null, "office": null, "opening_hours": null, "operator": null, "operator:type": null, "phone": null, "polling_station": null, "religion": null, "roof:colour": null, "school": null, "smoking": null, "source": "OSM (Private/Mixed)", "surface": null, "type": null, "website": null, "wheelchair": null, "wikidata": null, "wikipedia": null, "@geometry": "center" }, "geometry": { "type": "Point", "coordinates": [ 1027288.991832793457434, 3500772.500589439179748 ] } },
{ "type": "Feature", "properties": { "id": "way/1474749057", "@id": "way/1474749057", "addr:city": null, "addr:country": null, "addr:district": null, "addr:housenumber": null, "addr:neighbourhood": null, "addr:postcode": null, "addr:state": null, "addr:street": null, "addr:subdistrict": null, "addr:suburb": null, "amenity": null, "architect": null, "barrier": null, "building": "school", "building:levels": "3", "building:levels:underground": null, "check_date": null, "contact:facebook": null, "contact:instagram": null, "created_by": null, "denomination": null, "education": null, "ele": null, "email": null, "grades": null, "height": null, "image": null, "is_in": null, "level": null, "name": null, "name:en": null, "name:ur": null, "name_1": null, "office": null, "opening_hours": null, "operator": null, "operator:type": null, "phone": null, "polling_station": null, "religion": null, "roof:colour": null, "school": null, "smoking": null, "source": "OSM (Private/Mixed)", "surface": null, "type": null, "website": null, "wheelchair": null, "wikidata": null, "wikipedia": null, "@geometry": "center" }, "geometry": { "type": "Point", "coordinates": [ 1027289.767492194310762, 3500776.760461513884366 ] } },
{ "type": "Feature", "properties": { "id": "way/691385021", "@id": "way/691385021", "addr:city": "Lahore", "addr:country": null, "addr:district": null, "addr:housenumber": null, "addr:neighbourhood": null, "addr:postcode": null, "addr:state": null, "addr:street": null, "addr:subdistrict": null, "addr:suburb": null, "amenity": null, "architect": null, "barrier": null, "building": "school", "building:levels": null, "building:levels:underground": null, "check_date": null, "contact:facebook": null, "contact:instagram": null, "created_by": null, "denomination": null, "education": null, "ele": "2", "email": null, "grades": null, "height": null, "image": null, "is_in": null, "level": null, "name": "Highscore Academy", "name:en": null, "name:ur": null, "name_1": null, "office": null, "opening_hours": null, "operator": null, "operator:type": null, "phone": null, "polling_station": null, "religion": null, "roof:colour": null, "school": null, "smoking": null, "source": "OSM (Private/Mixed)", "surface": null, "type": null, "website": null, "wheelchair": null, "wikidata": null, "wikipedia": null, "@geometry": "center" }, "geometry": { "type": "Point", "coordinates": [ 1017318.568601047503762, 3500929.761925579514354 ] } },
{ "type": "Feature", "properties": { "id": "way/1474749052", "@id": "way/1474749052", "addr:city": null, "addr:country": null, "addr:district": null, "addr:housenumber": null, "addr:neighbourhood": null, "addr:postcode": null, "addr:state": null, "addr:street": null, "addr:subdistrict": null, "addr:suburb": null, "amenity": null, "architect": null, "barrier": null, "building": "school", "building:levels": "2", "building:levels:underground": null, "check_date": null, "contact:facebook": null, "contact:instagram": null, "created_by": null, "denomination": null, "education": null, "ele": null, "email": null, "grades": null, "height": null, "image": null, "is_in": null, "level": null, "name": null, "name:en": null, "name:ur": null, "name_1": null, "office": null, "opening_hours": null, "operator": null, "operator:type": null, "phone": null, "polling_station": null, "religion": null, "roof:colour": null, "school": null, "smoking": null, "source": "OSM (Private/Mixed)", "surface": null, "type": null, "website": null, "wheelchair": null, "wikidata": null, "wikipedia": null, "@geometry": "center" }, "geometry": { "type": "Point", "coordinates": [ 1027390.024499498773366, 3500945.328045264817774 ] } },
{ "type": "Feature", "properties": { "id": "way/1474749051", "@id": "way/1474749051", "addr:city": null, "addr:country": null, "addr:district": null, "addr:housenumber": null, "addr:neighbourhood": null, "addr:postcode": null, "addr:state": null, "addr:street": null, "addr:subdistrict": null, "addr:suburb": null, "amenity": null, "architect": null, "barrier": null, "building": "school", "building:levels": "3", "building:levels:underground": null, "check_date": null, "contact:facebook": null, "contact:instagram": null, "created_by": null, "denomination": null, "education": null, "ele": null, "email": null, "grades": null, "height": null, "image": null, "is_in": null, "level": null, "name": null, "name:en": null, "name:ur": null, "name_1": null, "office": null, "opening_hours": null, "operator": null, "operator:type": null, "phone": null, "polling_station": null, "religion": null, "roof:colour": null, "school": null, "smoking": null, "source": "OSM (Private/Mixed)", "surface": null, "type": null, "website": null, "wheelchair": null, "wikidata": null, "wikipedia": null, "@geometry": "center" }, "geometry": { "type": "Point", "coordinates": [ 1027402.002527305157855, 3500946.137158485129476 ] } },
{ "type": "Feature", "properties": { "id": "way/1474749056", "@id": "way/1474749056", "addr:city": null, "addr:country": null, "addr:district": null, "addr:housenumber": null, "addr:neighbourhood": null, "addr:postcode": null, "addr:state": null, "addr:street": null, "addr:subdistrict": null, "addr:suburb": null, "amenity": "school", "architect": null, "barrier": null, "building": null, "building:levels": null, "building:levels:underground": null, "check_date": null, "contact:facebook": null, "contact:instagram": null, "created_by": null, "denomination": null, "education": "school", "ele": null, "email": null, "grades": null, "height": null, "image": null, "is_in": null, "level": null, "name": "TCF Boy School Manhala", "name:en": null, "name:ur": null, "name_1": null, "office": null, "opening_hours": null, "operator": null, "operator:type": null, "phone": null, "polling_station": null, "religion": null, "roof:colour": null, "school": null, "smoking": null, "source": "OSM (Private/Mixed)", "surface": null, "type": null, "website": null, "wheelchair": null, "wikidata": null, "wikipedia": null, "@geometry": "center" }, "geometry": { "type": "Point", "coordinates": [ 1027390.848232332849875, 3500981.115890387445688 ] } },
{ "type": "Feature", "properties": { "id": "way/1474749054", "@id": "way/1474749054", "addr:city": null, "addr:country": null, "addr:district": null, "addr:housenumber": null, "addr:neighbourhood": null, "addr:postcode": null, "addr:state": null, "addr:street": null, "addr:subdistrict": null, "addr:suburb": null, "amenity": null, "architect": null, "barrier": null, "building": "school", "building:levels": "2", "building:levels:underground": null, "check_date": null, "contact:facebook": null, "contact:instagram": null, "created_by": null, "denomination": null, "education": null, "ele": null, "email": null, "grades": null, "height": null, "image": null, "is_in": null, "level": null, "name": null, "name:en": null, "name:ur": null, "name_1": null, "office": null, "opening_hours": null, "operator": null, "operator:type": null, "phone": null, "polling_station": null, "religion": null, "roof:colour": null, "school": null, "smoking": null, "source": "OSM (Private/Mixed)", "surface": null, "type": null, "website": null, "wheelchair": null, "wikidata": null, "wikipedia": null, "@geometry": "center" }, "geometry": { "type": "Point", "coordinates": [ 1027387.114797967136838, 3500995.079803627450019 ] } },
{ "type": "Feature", "properties": { "id": "way/1474749053", "@id": "way/1474749053", "addr:city": null, "addr:country": null, "addr:district": null, "addr:housenumber": null, "addr:neighbourhood": null, "addr:postcode": null, "addr:state": null, "addr:street": null, "addr:subdistrict": null, "addr:suburb": null, "amenity": null, "architect": null, "barrier": null, "building": "school", "building:levels": "3", "building:levels:underground": null, "check_date": null, "contact:facebook": null, "contact:instagram": null, "created_by": null, "denomination": null, "education": null, "ele": null, "email": null, "grades": null, "height": null, "image": null, "is_in": null, "level": null, "name": null, "name:en": null, "name:ur": null, "name_1": null, "office": null, "opening_hours": null, "operator": null, "operator:type": null, "phone": null, "polling_station": null, "religion": null, "roof:colour": null, "school": null, "smoking": null, "source": "OSM (Private/Mixed)", "surface": null, "type": null, "website": null, "wheelchair": null, "wikidata": null, "wikipedia": null, "@geometry": "center" }, "geometry": { "type": "Point", "coordinates": [ 1027400.03420853766147, 3500995.758588911499828 ] } },
{ "type": "Feature", "properties": { "id": "way/1474749055", "@id": "way/1474749055", "addr:city": null, "addr:country": null, "addr:district": null, "addr:housenumber": null, "addr:neighbourhood": null, "addr:postcode": null, "addr:state": null, "addr:street": null, "addr:subdistrict": null, "addr:suburb": null, "amenity": null, "architect": null, "barrier": null, "building": "school", "building:levels": null, "building:levels:underground": null, "check_date": null, "contact:facebook": null, "contact:instagram": null, "created_by": null, "denomination": null, "education": null, "ele": null, "email": null, "grades": null, "height": null, "image": null, "is_in": null, "level": null, "name": null, "name:en": null, "name:ur": null, "name_1": null, "office": null, "opening_hours": null, "operator": null, "operator:type": null, "phone": null, "polling_station": null, "religion": null, "roof:colour": null, "school": null, "smoking": null, "source": "OSM (Private/Mixed)", "surface": null, "type": null, "website": null, "wheelchair": null, "wikidata": null, "wikipedia": null, "@geometry": "center" }, "geometry": { "type": "Point", "coordinates": [ 1027406.344014840666205, 3500999.798600057605654 ] } },
{ "type": "Feature", "properties": { "id": "way/691385019", "@id": "way/691385019", "addr:city": "Lahore", "addr:country": null, "addr:district": null, "addr:housenumber": null, "addr:neighbourhood": null, "addr:postcode": null, "addr:state": null, "addr:street": null, "addr:subdistrict": null, "addr:suburb": null, "amenity": null, "architect": null, "barrier": null, "building": "school", "building:levels": null, "building:levels:underground": null, "check_date": null, "contact:facebook": null, "contact:instagram": null, "created_by": null, "denomination": null, "education": null, "ele": "2", "email": null, "grades": null, "height": null, "image": null, "is_in": null, "level": null, "name": "Allied School Paragon Campus", "name:en": null, "name:ur": null, "name_1": null, "office": null, "opening_hours": null, "operator": null, "operator:type": null, "phone": null, "polling_station": null, "religion": null, "roof:colour": null, "school": null, "smoking": null, "source": "OSM (Private/Mixed)", "surface": null, "type": null, "website": null, "wheelchair": null, "wikidata": null, "wikipedia": null, "@geometry": "center" }, "geometry": { "type": "Point", "coordinates": [ 1017285.467245444422588, 3501078.207246264442801 ] } },
{ "type": "Feature", "properties": { "id": "way/1474749041", "@id": "way/1474749041", "addr:city": null, "addr:country": null, "addr:district": null, "addr:housenumber": null, "addr:neighbourhood": null, "addr:postcode": null, "addr:state": null, "addr:street": null, "addr:subdistrict": null, "addr:suburb": null, "amenity": null, "architect": null, "barrier": null, "building": "school", "building:levels": null, "building:levels:underground": null, "check_date": null, "contact:facebook": null, "contact:instagram": null, "created_by": null, "denomination": null, "education": null, "ele": null, "email": null, "grades": null, "height": null, "image": null, "is_in": null, "level": null, "name": null, "name:en": null, "name:ur": null, "name_1": null, "office": null, "opening_hours": null, "operator": null, "operator:type": null, "phone": null, "polling_station": null, "religion": null, "roof:colour": null, "school": null, "smoking": null, "source": "OSM (Private/Mixed)", "surface": null, "type": null, "website": null, "wheelchair": null, "wikidata": null, "wikipedia": null, "@geometry": "center" }, "geometry": { "type": "Point", "coordinates": [ 1027130.746601789374836, 3501134.61560627957806 ] } },
{ "type": "Feature", "properties": { "id": "relation/20181932", "@id": "relation/20181932", "addr:city": null, "addr:country": null, "addr:district": null, "addr:housenumber": null, "addr:neighbourhood": null, "addr:postcode": null, "addr:state": null, "addr:street": null, "addr:subdistrict": null, "addr:suburb": null, "amenity": null, "architect": null, "barrier": null, "building": "school", "building:levels": "3", "building:levels:underground": null, "check_date": null, "contact:facebook": null, "contact:instagram": null, "created_by": null, "denomination": null, "education": null, "ele": null, "email": null, "grades": null, "height": null, "image": null, "is_in": null, "level": null, "name": null, "name:en": null, "name:ur": null, "name_1": null, "office": null, "opening_hours": null, "operator": null, "operator:type": null, "phone": null, "polling_station": null, "religion": null, "roof:colour": null, "school": null, "smoking": null, "source": "OSM (Private/Mixed)", "surface": null, "type": "multipolygon", "website": null, "wheelchair": null, "wikidata": null, "wikipedia": null, "@geometry": "center" }, "geometry": { "type": "Point", "coordinates": [ 1027104.292952408082783, 3501140.677257379516959 ] } },
{ "type": "Feature", "properties": { "id": "way/1474749050", "@id": "way/1474749050", "addr:city": null, "addr:country": null, "addr:district": null, "addr:housenumber": null, "addr:neighbourhood": null, "addr:postcode": null, "addr:state": null, "addr:street": null, "addr:subdistrict": null, "addr:suburb": null, "amenity": "school", "architect": null, "barrier": null, "building": null, "building:levels": null, "building:levels:underground": null, "check_date": null, "contact:facebook": null, "contact:instagram": null, "created_by": null, "denomination": null, "education": "school", "ele": null, "email": null, "grades": null, "height": null, "image": null, "is_in": null, "level": null, "name": "TCF Middel Girls School Manhala", "name:en": null, "name:ur": null, "name_1": null, "office": null, "opening_hours": null, "operator": null, "operator:type": null, "phone": null, "polling_station": null, "religion": null, "roof:colour": null, "school": null, "smoking": null, "source": "OSM (Private/Mixed)", "surface": null, "type": null, "website": null, "wheelchair": null, "wikidata": null, "wikipedia": null, "@geometry": "center" }, "geometry": { "type": "Point", "coordinates": [ 1027118.948094245628454, 3501156.944882798939943 ] } },
{ "type": "Feature", "properties": { "id": "way/1474749027", "@id": "way/1474749027", "addr:city": null, "addr:country": null, "addr:district": null, "addr:housenumber": null, "addr:neighbourhood": null, "addr:postcode": null, "addr:state": null, "addr:street": null, "addr:subdistrict": null, "addr:suburb": null, "amenity": null, "architect": null, "barrier": null, "building": "school", "building:levels": null, "building:levels:underground": null, "check_date": null, "contact:facebook": null, "contact:instagram": null, "created_by": null, "denomination": null, "education": null, "ele": null, "email": null, "grades": null, "height": null, "image": null, "is_in": null, "level": null, "name": null, "name:en": null, "name:ur": null, "name_1": null, "office": null, "opening_hours": null, "operator": null, "operator:type": null, "phone": null, "polling_station": null, "religion": null, "roof:colour": null, "school": null, "smoking": null, "source": "OSM (Private/Mixed)", "surface": null, "type": null, "website": null, "wheelchair": null, "wikidata": null, "wikipedia": null, "@geometry": "center" }, "geometry": { "type": "Point", "coordinates": [ 1026915.080849867430516, 3501244.786841957829893 ] } },
{ "type": "Feature", "properties": { "id": "way/1474749026", "@id": "way/1474749026", "addr:city": null, "addr:country": null, "addr:district": null, "addr:housenumber": null, "addr:neighbourhood": null, "addr:postcode": null, "addr:state": null, "addr:street": null, "addr:subdistrict": null, "addr:suburb": null, "amenity": null, "architect": null, "barrier": null, "building": "school", "building:levels": null, "building:levels:underground": null, "check_date": null, "contact:facebook": null, "contact:instagram": null, "created_by": null, "denomination": null, "education": null, "ele": null, "email": null, "grades": null, "height": null, "image": null, "is_in": null, "level": null, "name": null, "name:en": null, "name:ur": null, "name_1": null, "office": null, "opening_hours": null, "operator": null, "operator:type": null, "phone": null, "polling_station": null, "religion": null, "roof:colour": null, "school": null, "smoking": null, "source": "OSM (Private/Mixed)", "surface": null, "type": null, "website": null, "wheelchair": null, "wikidata": null, "wikipedia": null, "@geometry": "center" }, "geometry": { "type": "Point", "coordinates": [ 1026930.253539231140167, 3501257.24976550322026 ] } },
{ "type": "Feature", "properties": { "id": "way/1474749028", "@id": "way/1474749028", "addr:city": null, "addr:country": null, "addr:district": null, "addr:housenumber": null, "addr:neighbourhood": null, "addr:postcode": null, "addr:state": null, "addr:street": null, "addr:subdistrict": null, "addr:suburb": null, "amenity": null, "architect": null, "barrier": null, "building": "school", "building:levels": null, "building:levels:underground": null, "check_date": null, "contact:facebook": null, "contact:instagram": null, "created_by": null, "denomination": null, "education": null, "ele": null, "email": null, "grades": null, "height": null, "image": null, "is_in": null, "level": null, "name": null, "name:en": null, "name:ur": null, "name_1": null, "office": null, "opening_hours": null, "operator": null, "operator:type": null, "phone": null, "polling_station": null, "religion": null, "roof:colour": null, "school": null, "smoking": null, "source": "OSM (Private/Mixed)", "surface": null, "type": null, "website": null, "wheelchair": null, "wikidata": null, "wikipedia": null, "@geometry": "center" }, "geometry": { "type": "Point", "coordinates": [ 1026948.777969622518867, 3501269.827234490308911 ] } },
{ "type": "Feature", "properties": { "id": "way/1474749038", "@id": "way/1474749038", "addr:city": null, "addr:country": null, "addr:district": null, "addr:housenumber": null, "addr:neighbourhood": null, "addr:postcode": null, "addr:state": null, "addr:street": null, "addr:subdistrict": null, "addr:suburb": null, "amenity": "school", "architect": null, "barrier": null, "building": "school", "building:levels": null, "building:levels:underground": null, "check_date": null, "contact:facebook": null, "contact:instagram": null, "created_by": null, "denomination": null, "education": "school", "ele": null, "email": null, "grades": null, "height": null, "image": null, "is_in": null, "level": null, "name": "Govt Primry School Manhala Khurd", "name:en": null, "name:ur": null, "name_1": null, "office": null, "opening_hours": null, "operator": null, "operator:type": null, "phone": null, "polling_station": null, "religion": null, "roof:colour": null, "school": null, "smoking": null, "source": "OSM (Private/Mixed)", "surface": null, "type": null, "website": null, "wheelchair": null, "wikidata": null, "wikipedia": null, "@geometry": "center" }, "geometry": { "type": "Point", "coordinates": [ 1026924.329652642831206, 3501269.844157536048442 ] } },
{ "type": "Feature", "properties": { "id": "way/1474749025", "@id": "way/1474749025", "addr:city": null, "addr:country": null, "addr:district": null, "addr:housenumber": null, "addr:neighbourhood": null, "addr:postcode": null, "addr:state": null, "addr:street": null, "addr:subdistrict": null, "addr:suburb": null, "amenity": null, "architect": null, "barrier": null, "building": "school", "building:levels": null, "building:levels:underground": null, "check_date": null, "contact:facebook": null, "contact:instagram": null, "created_by": null, "denomination": null, "education": null, "ele": null, "email": null, "grades": null, "height": null, "image": null, "is_in": null, "level": null, "name": null, "name:en": null, "name:ur": null, "name_1": null, "office": null, "opening_hours": null, "operator": null, "operator:type": null, "phone": null, "polling_station": null, "religion": null, "roof:colour": null, "school": null, "smoking": null, "source": "OSM (Private/Mixed)", "surface": null, "type": null, "website": null, "wheelchair": null, "wikidata": null, "wikipedia": null, "@geometry": "center" }, "geometry": { "type": "Point", "coordinates": [ 1026896.637862862902693, 3501271.934737091884017 ] } },
{ "type": "Feature", "properties": { "id": "way/1474749023", "@id": "way/1474749023", "addr:city": null, "addr:country": null, "addr:district": null, "addr:housenumber": null, "addr:neighbourhood": null, "addr:postcode": null, "addr:state": null, "addr:street": null, "addr:subdistrict": null, "addr:suburb": null, "amenity": null, "architect": null, "barrier": null, "building": "school", "building:levels": null, "building:levels:underground": null, "check_date": null, "contact:facebook": null, "contact:instagram": null, "created_by": null, "denomination": null, "education": null, "ele": null, "email": null, "grades": null, "height": null, "image": null, "is_in": null, "level": null, "name": null, "name:en": null, "name:ur": null, "name_1": null, "office": null, "opening_hours": null, "operator": null, "operator:type": null, "phone": null, "polling_station": null, "religion": null, "roof:colour": null, "school": null, "smoking": null, "source": "OSM (Private/Mixed)", "surface": null, "type": null, "website": null, "wheelchair": null, "wikidata": null, "wikipedia": null, "@geometry": "center" }, "geometry": { "type": "Point", "coordinates": [ 1026920.612083307118155, 3501280.690909951459616 ] } },
{ "type": "Feature", "properties": { "id": "way/1474749024", "@id": "way/1474749024", "addr:city": null, "addr:country": null, "addr:district": null, "addr:housenumber": null, "addr:neighbourhood": null, "addr:postcode": null, "addr:state": null, "addr:street": null, "addr:subdistrict": null, "addr:suburb": null, "amenity": null, "architect": null, "barrier": null, "building": "school", "building:levels": null, "building:levels:underground": null, "check_date": null, "contact:facebook": null, "contact:instagram": null, "created_by": null, "denomination": null, "education": null, "ele": null, "email": null, "grades": null, "height": null, "image": null, "is_in": null, "level": null, "name": null, "name:en": null, "name:ur": null, "name_1": null, "office": null, "opening_hours": null, "operator": null, "operator:type": null, "phone": null, "polling_station": null, "religion": null, "roof:colour": null, "school": null, "smoking": null, "source": "OSM (Private/Mixed)", "surface": null, "type": null, "website": null, "wheelchair": null, "wikidata": null, "wikipedia": null, "@geometry": "center" }, "geometry": { "type": "Point", "coordinates": [ 1026901.265922311577015, 3501282.982516712974757 ] } },
{ "type": "Feature", "properties": { "id": "way/447598688", "@id": "way/447598688", "addr:city": null, "addr:country": null, "addr:district": null, "addr:housenumber": null, "addr:neighbourhood": null, "addr:postcode": null, "addr:state": null, "addr:street": null, "addr:subdistrict": null, "addr:suburb": null, "amenity": "school", "architect": null, "barrier": null, "building": null, "building:levels": null, "building:levels:underground": null, "check_date": null, "contact:facebook": null, "contact:instagram": null, "created_by": null, "denomination": null, "education": null, "ele": null, "email": null, "grades": null, "height": null, "image": null, "is_in": null, "level": null, "name": "Rosans Islamic School", "name:en": null, "name:ur": null, "name_1": null, "office": null, "opening_hours": null, "operator": null, "operator:type": null, "phone": null, "polling_station": null, "religion": null, "roof:colour": null, "school": null, "smoking": null, "source": "OSM (Private/Mixed)", "surface": null, "type": null, "website": null, "wheelchair": null, "wikidata": null, "wikipedia": null, "@geometry": "center" }, "geometry": { "type": "Point", "coordinates": [ 1017915.249930698890239, 3501536.151089318096638 ] } },
{ "type": "Feature", "properties": { "id": "way/1474691453", "@id": "way/1474691453", "addr:city": null, "addr:country": null, "addr:district": null, "addr:housenumber": null, "addr:neighbourhood": null, "addr:postcode": null, "addr:state": null, "addr:street": null, "addr:subdistrict": null, "addr:suburb": null, "amenity": null, "architect": null, "barrier": null, "building": "school", "building:levels": null, "building:levels:underground": null, "check_date": null, "contact:facebook": null, "contact:instagram": null, "created_by": null, "denomination": null, "education": null, "ele": null, "email": null, "grades": null, "height": null, "image": null, "is_in": null, "level": null, "name": null, "name:en": null, "name:ur": null, "name_1": null, "office": null, "opening_hours": null, "operator": null, "operator:type": null, "phone": null, "polling_station": null, "religion": null, "roof:colour": null, "school": null, "smoking": null, "source": "OSM (Private/Mixed)", "surface": null, "type": null, "website": null, "wheelchair": null, "wikidata": null, "wikipedia": null, "@geometry": "center" }, "geometry": { "type": "Point", "coordinates": [ 1026575.693445135373622, 3501583.400538325775415 ] } },
{ "type": "Feature", "properties": { "id": "way/791069191", "@id": "way/791069191", "addr:city": null, "addr:country": null, "addr:district": null, "addr:housenumber": null, "addr:neighbourhood": null, "addr:postcode": null, "addr:state": null, "addr:street": null, "addr:subdistrict": null, "addr:suburb": null, "amenity": "school", "architect": null, "barrier": null, "building": null, "building:levels": null, "building:levels:underground": null, "check_date": null, "contact:facebook": null, "contact:instagram": null, "created_by": null, "denomination": null, "education": null, "ele": null, "email": null, "grades": null, "height": null, "image": null, "is_in": null, "level": null, "name": "The City School Paragon Campus", "name:en": null, "name:ur": null, "name_1": null, "office": null, "opening_hours": null, "operator": null, "operator:type": null, "phone": null, "polling_station": null, "religion": null, "roof:colour": null, "school": null, "smoking": null, "source": "OSM (Private/Mixed)", "surface": null, "type": null, "website": null, "wheelchair": null, "wikidata": null, "wikipedia": null, "@geometry": "center" }, "geometry": { "type": "Point", "coordinates": [ 1017763.214672394329682, 3501587.862577479332685 ] } },
{ "type": "Feature", "properties": { "id": "way/1474691454", "@id": "way/1474691454", "addr:city": null, "addr:country": null, "addr:district": null, "addr:housenumber": null, "addr:neighbourhood": null, "addr:postcode": null, "addr:state": null, "addr:street": null, "addr:subdistrict": null, "addr:suburb": null, "amenity": null, "architect": null, "barrier": null, "building": "school", "building:levels": "2", "building:levels:underground": null, "check_date": null, "contact:facebook": null, "contact:instagram": null, "created_by": null, "denomination": null, "education": null, "ele": null, "email": null, "grades": null, "height": null, "image": null, "is_in": null, "level": null, "name": null, "name:en": null, "name:ur": null, "name_1": null, "office": null, "opening_hours": null, "operator": null, "operator:type": null, "phone": null, "polling_station": null, "religion": null, "roof:colour": null, "school": null, "smoking": null, "source": "OSM (Private/Mixed)", "surface": null, "type": null, "website": null, "wheelchair": null, "wikidata": null, "wikipedia": null, "@geometry": "center" }, "geometry": { "type": "Point", "coordinates": [ 1026526.758435738622211, 3501592.498387814033777 ] } },
{ "type": "Feature", "properties": { "id": "way/791069192", "@id": "way/791069192", "addr:city": null, "addr:country": null, "addr:district": null, "addr:housenumber": null, "addr:neighbourhood": null, "addr:postcode": null, "addr:state": null, "addr:street": null, "addr:subdistrict": null, "addr:suburb": null, "amenity": null, "architect": null, "barrier": null, "building": "school", "building:levels": null, "building:levels:underground": null, "check_date": null, "contact:facebook": null, "contact:instagram": null, "created_by": null, "denomination": null, "education": null, "ele": null, "email": null, "grades": null, "height": null, "image": null, "is_in": null, "level": null, "name": "The City School Paragon Campus", "name:en": null, "name:ur": null, "name_1": null, "office": null, "opening_hours": null, "operator": null, "operator:type": null, "phone": null, "polling_station": null, "religion": null, "roof:colour": null, "school": null, "smoking": null, "source": "OSM (Private/Mixed)", "surface": null, "type": null, "website": null, "wheelchair": null, "wikidata": null, "wikipedia": null, "@geometry": "center" }, "geometry": { "type": "Point", "coordinates": [ 1017739.911469349404797, 3501592.567301346454769 ] } },
{ "type": "Feature", "properties": { "id": "way/1474691456", "@id": "way/1474691456", "addr:city": null, "addr:country": null, "addr:district": null, "addr:housenumber": null, "addr:neighbourhood": null, "addr:postcode": null, "addr:state": null, "addr:street": null, "addr:subdistrict": null, "addr:suburb": null, "amenity": "school", "architect": null, "barrier": null, "building": null, "building:levels": null, "building:levels:underground": null, "check_date": null, "contact:facebook": null, "contact:instagram": null, "created_by": null, "denomination": null, "education": "school", "ele": null, "email": null, "grades": null, "height": null, "image": null, "is_in": null, "level": null, "name": "GGHS School Manhala", "name:en": null, "name:ur": null, "name_1": null, "office": null, "opening_hours": null, "operator": null, "operator:type": null, "phone": null, "polling_station": null, "religion": null, "roof:colour": null, "school": null, "smoking": null, "source": "OSM (Private/Mixed)", "surface": null, "type": null, "website": null, "wheelchair": null, "wikidata": null, "wikipedia": null, "@geometry": "center" }, "geometry": { "type": "Point", "coordinates": [ 1026554.757917873677798, 3501593.908084322698414 ] } },
{ "type": "Feature", "properties": { "id": "way/1474691451", "@id": "way/1474691451", "addr:city": null, "addr:country": null, "addr:district": null, "addr:housenumber": null, "addr:neighbourhood": null, "addr:postcode": null, "addr:state": null, "addr:street": null, "addr:subdistrict": null, "addr:suburb": null, "amenity": null, "architect": null, "barrier": null, "building": "school", "building:levels": null, "building:levels:underground": null, "check_date": null, "contact:facebook": null, "contact:instagram": null, "created_by": null, "denomination": null, "education": null, "ele": null, "email": null, "grades": null, "height": null, "image": null, "is_in": null, "level": null, "name": null, "name:en": null, "name:ur": null, "name_1": null, "office": null, "opening_hours": null, "operator": null, "operator:type": null, "phone": null, "polling_station": null, "religion": null, "roof:colour": null, "school": null, "smoking": null, "source": "OSM (Private/Mixed)", "surface": null, "type": null, "website": null, "wheelchair": null, "wikidata": null, "wikipedia": null, "@geometry": "center" }, "geometry": { "type": "Point", "coordinates": [ 1026572.427873403765261, 3501600.573064474388957 ] } },
{ "type": "Feature", "properties": { "id": "way/1474691452", "@id": "way/1474691452", "addr:city": null, "addr:country": null, "addr:district": null, "addr:housenumber": null, "addr:neighbourhood": null, "addr:postcode": null, "addr:state": null, "addr:street": null, "addr:subdistrict": null, "addr:suburb": null, "amenity": null, "architect": null, "barrier": null, "building": "school", "building:levels": "2", "building:levels:underground": null, "check_date": null, "contact:facebook": null, "contact:instagram": null, "created_by": null, "denomination": null, "education": null, "ele": null, "email": null, "grades": null, "height": null, "image": null, "is_in": null, "level": null, "name": null, "name:en": null, "name:ur": null, "name_1": null, "office": null, "opening_hours": null, "operator": null, "operator:type": null, "phone": null, "polling_station": null, "religion": null, "roof:colour": null, "school": null, "smoking": null, "source": "OSM (Private/Mixed)", "surface": null, "type": null, "website": null, "wheelchair": null, "wikidata": null, "wikipedia": null, "@geometry": "center" }, "geometry": { "type": "Point", "coordinates": [ 1026521.60988407197874, 3501610.878238043747842 ] } },
{ "type": "Feature", "properties": { "id": "way/711648283", "@id": "way/711648283", "addr:city": "Lahore", "addr:country": null, "addr:district": null, "addr:housenumber": null, "addr:neighbourhood": null, "addr:postcode": null, "addr:state": null, "addr:street": null, "addr:subdistrict": null, "addr:suburb": null, "amenity": null, "architect": null, "barrier": null, "building": "school", "building:levels": null, "building:levels:underground": null, "check_date": null, "contact:facebook": null, "contact:instagram": null, "created_by": null, "denomination": null, "education": null, "ele": "3", "email": null, "grades": null, "height": null, "image": null, "is_in": null, "level": null, "name": "Government Degree College for Women", "name:en": null, "name:ur": "گورنمنٹ ڈگری کالج برائے خواتین", "name_1": null, "office": null, "opening_hours": null, "operator": null, "operator:type": null, "phone": null, "polling_station": null, "religion": null, "roof:colour": null, "school": null, "smoking": null, "source": "OSM (Private/Mixed)", "surface": null, "type": null, "website": null, "wheelchair": null, "wikidata": null, "wikipedia": null, "@geometry": "center" }, "geometry": { "type": "Point", "coordinates": [ 1010344.407670706510544, 3483011.883174575865269 ] } },
{ "type": "Feature", "properties": { "id": "way/702358973", "@id": "way/702358973", "addr:city": null, "addr:country": null, "addr:district": null, "addr:housenumber": null, "addr:neighbourhood": null, "addr:postcode": null, "addr:state": null, "addr:street": null, "addr:subdistrict": null, "addr:suburb": null, "amenity": null, "architect": null, "barrier": null, "building": "school", "building:levels": "3", "building:levels:underground": null, "check_date": null, "contact:facebook": null, "contact:instagram": null, "created_by": null, "denomination": null, "education": null, "ele": null, "email": null, "grades": null, "height": null, "image": null, "is_in": null, "level": null, "name": "Dar-e-Arqam School", "name:en": null, "name:ur": null, "name_1": null, "office": null, "opening_hours": null, "operator": null, "operator:type": null, "phone": null, "polling_station": null, "religion": null, "roof:colour": null, "school": null, "smoking": null, "source": "OSM (Private/Mixed)", "surface": null, "type": null, "website": null, "wheelchair": null, "wikidata": null, "wikipedia": null, "@geometry": "center" }, "geometry": { "type": "Point", "coordinates": [ 1009740.493863739306107, 3487617.14951022900641 ] } },
{ "type": "Feature", "properties": { "id": "way/702356478", "@id": "way/702356478", "addr:city": null, "addr:country": null, "addr:district": null, "addr:housenumber": null, "addr:neighbourhood": null, "addr:postcode": null, "addr:state": null, "addr:street": null, "addr:subdistrict": null, "addr:suburb": null, "amenity": null, "architect": null, "barrier": null, "building": "school", "building:levels": "2", "building:levels:underground": null, "check_date": null, "contact:facebook": null, "contact:instagram": null, "created_by": null, "denomination": null, "education": null, "ele": null, "email": null, "grades": null, "height": null, "image": null, "is_in": null, "level": null, "name": null, "name:en": null, "name:ur": null, "name_1": null, "office": null, "opening_hours": null, "operator": null, "operator:type": null, "phone": null, "polling_station": null, "religion": null, "roof:colour": null, "school": null, "smoking": null, "source": "OSM (Private/Mixed)", "surface": null, "type": null, "website": null, "wheelchair": null, "wikidata": null, "wikipedia": null, "@geometry": "center" }, "geometry": { "type": "Point", "coordinates": [ 1009461.126766801346093, 3487675.474150840193033 ] } },
{ "type": "Feature", "properties": { "id": "way/705031742", "@id": "way/705031742", "addr:city": null, "addr:country": null, "addr:district": null, "addr:housenumber": null, "addr:neighbourhood": null, "addr:postcode": null, "addr:state": null, "addr:street": null, "addr:subdistrict": null, "addr:suburb": null, "amenity": null, "architect": null, "barrier": null, "building": "school", "building:levels": "2", "building:levels:underground": null, "check_date": null, "contact:facebook": null, "contact:instagram": null, "created_by": null, "denomination": null, "education": null, "ele": null, "email": null, "grades": null, "height": null, "image": null, "is_in": null, "level": null, "name": "Dar-Arqam", "name:en": null, "name:ur": null, "name_1": null, "office": null, "opening_hours": null, "operator": null, "operator:type": null, "phone": null, "polling_station": null, "religion": null, "roof:colour": null, "school": null, "smoking": null, "source": "OSM (Private/Mixed)", "surface": null, "type": null, "website": null, "wheelchair": null, "wikidata": null, "wikipedia": null, "@geometry": "center" }, "geometry": { "type": "Point", "coordinates": [ 1009131.530385610414669, 3489003.712826589588076 ] } },
{ "type": "Feature", "properties": { "id": "way/709230167", "@id": "way/709230167", "addr:city": "Lahore", "addr:country": null, "addr:district": null, "addr:housenumber": null, "addr:neighbourhood": null, "addr:postcode": null, "addr:state": null, "addr:street": null, "addr:subdistrict": null, "addr:suburb": null, "amenity": null, "architect": null, "barrier": null, "building": "school", "building:levels": null, "building:levels:underground": null, "check_date": null, "contact:facebook": null, "contact:instagram": null, "created_by": null, "denomination": null, "education": null, "ele": "3", "email": null, "grades": null, "height": null, "image": null, "is_in": null, "level": null, "name": "Azam Model High School", "name:en": null, "name:ur": null, "name_1": null, "office": null, "opening_hours": null, "operator": null, "operator:type": null, "phone": null, "polling_station": null, "religion": null, "roof:colour": null, "school": null, "smoking": null, "source": "OSM (Private/Mixed)", "surface": null, "type": null, "website": null, "wheelchair": null, "wikidata": null, "wikipedia": null, "@geometry": "center" }, "geometry": { "type": "Point", "coordinates": [ 1010434.169703289866447, 3491860.654555520508438 ] } },
{ "type": "Feature", "properties": { "id": "way/709230185", "@id": "way/709230185", "addr:city": "Lahore", "addr:country": null, "addr:district": null, "addr:housenumber": null, "addr:neighbourhood": null, "addr:postcode": null, "addr:state": null, "addr:street": null, "addr:subdistrict": null, "addr:suburb": null, "amenity": null, "architect": null, "barrier": null, "building": "school", "building:levels": null, "building:levels:underground": null, "check_date": null, "contact:facebook": null, "contact:instagram": null, "created_by": null, "denomination": null, "education": null, "ele": "3", "email": null, "grades": null, "height": null, "image": null, "is_in": null, "level": null, "name": "City District Government Girls High School", "name:en": null, "name:ur": null, "name_1": null, "office": null, "opening_hours": null, "operator": null, "operator:type": null, "phone": null, "polling_station": null, "religion": null, "roof:colour": null, "school": null, "smoking": null, "source": "OSM (Private/Mixed)", "surface": null, "type": null, "website": null, "wheelchair": null, "wikidata": null, "wikipedia": null, "@geometry": "center" }, "geometry": { "type": "Point", "coordinates": [ 1010025.063402162631974, 3492118.608603788074106 ] } },
{ "type": "Feature", "properties": { "id": "way/709153445", "@id": "way/709153445", "addr:city": "Lahore", "addr:country": null, "addr:district": null, "addr:housenumber": null, "addr:neighbourhood": null, "addr:postcode": null, "addr:state": null, "addr:street": null, "addr:subdistrict": null, "addr:suburb": null, "amenity": null, "architect": null, "barrier": null, "building": "school", "building:levels": null, "building:levels:underground": null, "check_date": null, "contact:facebook": null, "contact:instagram": null, "created_by": null, "denomination": null, "education": null, "ele": "3", "email": null, "grades": null, "height": null, "image": null, "is_in": null, "level": null, "name": "Government Girls High School", "name:en": null, "name:ur": "گورنمنٹ گرلز ہائی سکول", "name_1": null, "office": null, "opening_hours": null, "operator": null, "operator:type": null, "phone": null, "polling_station": null, "religion": null, "roof:colour": null, "school": null, "smoking": null, "source": "OSM (Private/Mixed)", "surface": null, "type": null, "website": null, "wheelchair": null, "wikidata": null, "wikipedia": null, "@geometry": "center" }, "geometry": { "type": "Point", "coordinates": [ 1009709.325794497039169, 3493008.500603503547609 ] } },
{ "type": "Feature", "properties": { "id": "way/717135752", "@id": "way/717135752", "addr:city": "Lahore", "addr:country": null, "addr:district": null, "addr:housenumber": null, "addr:neighbourhood": null, "addr:postcode": null, "addr:state": null, "addr:street": "Bulleh Shah Rd", "addr:subdistrict": null, "addr:suburb": null, "amenity": null, "architect": null, "barrier": null, "building": "school", "building:levels": null, "building:levels:underground": null, "check_date": null, "contact:facebook": null, "contact:instagram": null, "created_by": null, "denomination": null, "education": null, "ele": "3", "email": null, "grades": null, "height": null, "image": null, "is_in": null, "level": null, "name": "New Horizon High School", "name:en": null, "name:ur": null, "name_1": null, "office": null, "opening_hours": null, "operator": null, "operator:type": null, "phone": null, "polling_station": null, "religion": null, "roof:colour": null, "school": null, "smoking": null, "source": "OSM (Private/Mixed)", "surface": null, "type": null, "website": null, "wheelchair": null, "wikidata": null, "wikipedia": null, "@geometry": "center" }, "geometry": { "type": "Point", "coordinates": [ 1009217.237377392244525, 3493083.740725573152304 ] } },
{ "type": "Feature", "properties": { "id": "way/709151630", "@id": "way/709151630", "addr:city": "Lahore", "addr:country": null, "addr:district": null, "addr:housenumber": null, "addr:neighbourhood": null, "addr:postcode": null, "addr:state": null, "addr:street": null, "addr:subdistrict": null, "addr:suburb": null, "amenity": null, "architect": null, "barrier": null, "building": "school", "building:levels": null, "building:levels:underground": null, "check_date": null, "contact:facebook": null, "contact:instagram": null, "created_by": null, "denomination": null, "education": null, "ele": "3", "email": null, "grades": null, "height": null, "image": null, "is_in": null, "level": null, "name": "Divisional Model Public High School", "name:en": null, "name:ur": "ڈویژنل ماڈل پبلک ہائی سکول", "name_1": null, "office": null, "opening_hours": null, "operator": null, "operator:type": null, "phone": null, "polling_station": null, "religion": null, "roof:colour": null, "school": null, "smoking": null, "source": "OSM (Private/Mixed)", "surface": null, "type": null, "website": null, "wheelchair": null, "wikidata": null, "wikipedia": null, "@geometry": "center" }, "geometry": { "type": "Point", "coordinates": [ 1009610.341618478996679, 3493159.525259174406528 ] } },
{ "type": "Feature", "properties": { "id": "node/272275806", "@id": "node/272275806", "addr:city": null, "addr:country": null, "addr:district": null, "addr:housenumber": null, "addr:neighbourhood": null, "addr:postcode": null, "addr:state": null, "addr:street": null, "addr:subdistrict": null, "addr:suburb": null, "amenity": "school", "architect": null, "barrier": null, "building": null, "building:levels": null, "building:levels:underground": null, "check_date": null, "contact:facebook": null, "contact:instagram": null, "created_by": "Potlatch 0.9c", "denomination": null, "education": null, "ele": null, "email": null, "grades": null, "height": null, "image": null, "is_in": null, "level": null, "name": null, "name:en": null, "name:ur": null, "name_1": null, "office": null, "opening_hours": null, "operator": null, "operator:type": null, "phone": null, "polling_station": null, "religion": null, "roof:colour": null, "school": null, "smoking": null, "source": "OSM (Private/Mixed)", "surface": null, "type": null, "website": null, "wheelchair": null, "wikidata": null, "wikipedia": null, "@geometry": null }, "geometry": { "type": "Point", "coordinates": [ 1010957.796609577024356, 3493461.455551764927804 ] } },
{ "type": "Feature", "properties": { "id": "node/4551901789", "@id": "node/4551901789", "addr:city": null, "addr:country": null, "addr:district": null, "addr:housenumber": null, "addr:neighbourhood": null, "addr:postcode": "54000", "addr:state": null, "addr:street": "Main Bazar Green Town", "addr:subdistrict": null, "addr:suburb": null, "amenity": "school", "architect": null, "barrier": null, "building": null, "building:levels": null, "building:levels:underground": null, "check_date": null, "contact:facebook": null, "contact:instagram": null, "created_by": null, "denomination": null, "education": null, "ele": null, "email": null, "grades": null, "height": null, "image": null, "is_in": null, "level": null, "name": "City District Government Girls High School (Managed by Lahore South East Rotary Club)", "name:en": "City District Government Girls High School (Managed by Lahore South East Rotary Club)", "name:ur": null, "name_1": null, "office": null, "opening_hours": null, "operator": null, "operator:type": null, "phone": "+92 423 5215069", "polling_station": null, "religion": null, "roof:colour": null, "school": null, "smoking": null, "source": "OSM (Private/Mixed)", "surface": null, "type": null, "website": null, "wheelchair": null, "wikidata": null, "wikipedia": null, "@geometry": null }, "geometry": { "type": "Point", "coordinates": [ 1004275.008408408379182, 3490093.28344344580546 ] } },
{ "type": "Feature", "properties": { "id": "way/728040176", "@id": "way/728040176", "addr:city": "Lahore", "addr:country": null, "addr:district": null, "addr:housenumber": null, "addr:neighbourhood": null, "addr:postcode": null, "addr:state": null, "addr:street": null, "addr:subdistrict": null, "addr:suburb": null, "amenity": null, "architect": null, "barrier": null, "building": "school", "building:levels": null, "building:levels:underground": null, "check_date": null, "contact:facebook": null, "contact:instagram": null, "created_by": null, "denomination": null, "education": null, "ele": "2", "email": null, "grades": null, "height": null, "image": null, "is_in": null, "level": null, "name": "Town Public High School", "name:en": null, "name:ur": null, "name_1": null, "office": null, "opening_hours": null, "operator": null, "operator:type": null, "phone": null, "polling_station": null, "religion": null, "roof:colour": null, "school": null, "smoking": null, "source": "OSM (Private/Mixed)", "surface": null, "type": null, "website": null, "wheelchair": null, "wikidata": null, "wikipedia": null, "@geometry": "center" }, "geometry": { "type": "Point", "coordinates": [ 1005154.279523859731853, 3490379.7843829379417 ] } },
{ "type": "Feature", "properties": { "id": "node/4471094389", "@id": "node/4471094389", "addr:city": null, "addr:country": null, "addr:district": null, "addr:housenumber": null, "addr:neighbourhood": null, "addr:postcode": null, "addr:state": null, "addr:street": "Ali Road", "addr:subdistrict": null, "addr:suburb": null, "amenity": "school", "architect": null, "barrier": null, "building": null, "building:levels": null, "building:levels:underground": null, "check_date": null, "contact:facebook": null, "contact:instagram": null, "created_by": null, "denomination": null, "education": null, "ele": null, "email": null, "grades": null, "height": null, "image": null, "is_in": null, "level": null, "name": "Riphah International University", "name:en": "Riphah International University", "name:ur": null, "name_1": null, "office": null, "opening_hours": null, "operator": null, "operator:type": null, "phone": null, "polling_station": null, "religion": null, "roof:colour": null, "school": null, "smoking": null, "source": "OSM (Private/Mixed)", "surface": null, "type": null, "website": null, "wheelchair": null, "wikidata": null, "wikipedia": null, "@geometry": null }, "geometry": { "type": "Point", "coordinates": [ 1005397.319887364050373, 3491572.629208508878946 ] } },
{ "type": "Feature", "properties": { "id": "node/4414399889", "@id": "node/4414399889", "addr:city": null, "addr:country": null, "addr:district": null, "addr:housenumber": null, "addr:neighbourhood": null, "addr:postcode": null, "addr:state": null, "addr:street": null, "addr:subdistrict": null, "addr:suburb": null, "amenity": "school", "architect": null, "barrier": null, "building": null, "building:levels": null, "building:levels:underground": null, "check_date": null, "contact:facebook": null, "contact:instagram": null, "created_by": null, "denomination": null, "education": null, "ele": null, "email": null, "grades": null, "height": null, "image": null, "is_in": null, "level": null, "name": null, "name:en": null, "name:ur": null, "name_1": null, "office": null, "opening_hours": null, "operator": null, "operator:type": null, "phone": null, "polling_station": null, "religion": null, "roof:colour": null, "school": null, "smoking": null, "source": "OSM (Private/Mixed)", "surface": null, "type": null, "website": null, "wheelchair": null, "wikidata": null, "wikipedia": null, "@geometry": null }, "geometry": { "type": "Point", "coordinates": [ 1005337.462401265394874, 3492066.937479192856699 ] } },
{ "type": "Feature", "properties": { "id": "way/1212056849", "@id": "way/1212056849", "addr:city": null, "addr:country": null, "addr:district": null, "addr:housenumber": null, "addr:neighbourhood": null, "addr:postcode": null, "addr:state": null, "addr:street": null, "addr:subdistrict": null, "addr:suburb": null, "amenity": null, "architect": null, "barrier": null, "building": "school", "building:levels": null, "building:levels:underground": null, "check_date": null, "contact:facebook": null, "contact:instagram": null, "created_by": null, "denomination": null, "education": null, "ele": null, "email": null, "grades": null, "height": null, "image": null, "is_in": null, "level": null, "name": "A-1 Girls High School", "name:en": null, "name:ur": null, "name_1": null, "office": null, "opening_hours": null, "operator": null, "operator:type": null, "phone": null, "polling_station": null, "religion": null, "roof:colour": null, "school": null, "smoking": null, "source": "OSM (Private/Mixed)", "surface": null, "type": null, "website": null, "wheelchair": null, "wikidata": null, "wikipedia": null, "@geometry": "center" }, "geometry": { "type": "Point", "coordinates": [ 1005850.479983450146392, 3492605.125890750437975 ] } },
{ "type": "Feature", "properties": { "id": "node/4916786465", "@id": "node/4916786465", "addr:city": "Lahore", "addr:country": null, "addr:district": null, "addr:housenumber": null, "addr:neighbourhood": null, "addr:postcode": null, "addr:state": null, "addr:street": "Maulana Shaukat Ali Road", "addr:subdistrict": null, "addr:suburb": null, "amenity": "school", "architect": null, "barrier": null, "building": null, "building:levels": null, "building:levels:underground": null, "check_date": null, "contact:facebook": null, "contact:instagram": null, "created_by": null, "denomination": null, "education": null, "ele": null, "email": null, "grades": null, "height": null, "image": null, "is_in": null, "level": null, "name": "Beaconhouse School System", "name:en": null, "name:ur": null, "name_1": null, "office": null, "opening_hours": null, "operator": null, "operator:type": null, "phone": null, "polling_station": null, "religion": null, "roof:colour": null, "school": null, "smoking": null, "source": "OSM (Private/Mixed)", "surface": null, "type": null, "website": null, "wheelchair": null, "wikidata": null, "wikipedia": null, "@geometry": null }, "geometry": { "type": "Point", "coordinates": [ 1006222.362421580590308, 3492920.319185042288154 ] } },
{ "type": "Feature", "properties": { "id": "node/4916786458", "@id": "node/4916786458", "addr:city": "Lahore", "addr:country": null, "addr:district": null, "addr:housenumber": null, "addr:neighbourhood": null, "addr:postcode": null, "addr:state": null, "addr:street": "Maulana Shaukat Ali Road", "addr:subdistrict": null, "addr:suburb": null, "amenity": "school", "architect": null, "barrier": null, "building": null, "building:levels": null, "building:levels:underground": null, "check_date": null, "contact:facebook": null, "contact:instagram": null, "created_by": null, "denomination": null, "education": null, "ele": null, "email": null, "grades": null, "height": null, "image": null, "is_in": null, "level": null, "name": "The City School (Township Junior)", "name:en": null, "name:ur": null, "name_1": null, "office": null, "opening_hours": null, "operator": null, "operator:type": null, "phone": null, "polling_station": null, "religion": null, "roof:colour": null, "school": null, "smoking": null, "source": "OSM (Private/Mixed)", "surface": null, "type": null, "website": null, "wheelchair": null, "wikidata": null, "wikipedia": null, "@geometry": null }, "geometry": { "type": "Point", "coordinates": [ 1005771.418355364585295, 3493158.689700668677688 ] } },
{ "type": "Feature", "properties": { "id": "node/4916786449", "@id": "node/4916786449", "addr:city": "Lahore", "addr:country": null, "addr:district": null, "addr:housenumber": null, "addr:neighbourhood": null, "addr:postcode": null, "addr:state": null, "addr:street": "Maulana Shaukat Ali Road", "addr:subdistrict": null, "addr:suburb": null, "amenity": "school", "architect": null, "barrier": null, "building": null, "building:levels": null, "building:levels:underground": null, "check_date": null, "contact:facebook": null, "contact:instagram": null, "created_by": null, "denomination": null, "education": null, "ele": null, "email": null, "grades": null, "height": null, "image": null, "is_in": null, "level": null, "name": "American Lyceum School System", "name:en": null, "name:ur": null, "name_1": null, "office": null, "opening_hours": null, "operator": null, "operator:type": null, "phone": null, "polling_station": null, "religion": null, "roof:colour": null, "school": null, "smoking": null, "source": "OSM (Private/Mixed)", "surface": null, "type": null, "website": null, "wheelchair": null, "wikidata": null, "wikipedia": null, "@geometry": null }, "geometry": { "type": "Point", "coordinates": [ 1005016.44347303872928, 3493404.098197777289897 ] } },
{ "type": "Feature", "properties": { "id": "node/4316934289", "@id": "node/4316934289", "addr:city": null, "addr:country": null, "addr:district": null, "addr:housenumber": "11-A", "addr:neighbourhood": null, "addr:postcode": null, "addr:state": null, "addr:street": "Maulana Shaukat Ali Road", "addr:subdistrict": null, "addr:suburb": null, "amenity": "school", "architect": null, "barrier": null, "building": null, "building:levels": null, "building:levels:underground": null, "check_date": null, "contact:facebook": null, "contact:instagram": null, "created_by": null, "denomination": null, "education": null, "ele": null, "email": null, "grades": null, "height": null, "image": null, "is_in": null, "level": null, "name": "Kips College 11-A", "name:en": null, "name:ur": "کِپس کالج 11-اے", "name_1": null, "office": null, "opening_hours": "Mo-Su 06:00-22:00", "operator": "Abid Wazir", "operator:type": null, "phone": null, "polling_station": null, "religion": null, "roof:colour": null, "school": null, "smoking": null, "source": "OSM (Private/Mixed)", "surface": null, "type": null, "website": null, "wheelchair": null, "wikidata": null, "wikipedia": null, "@geometry": null }, "geometry": { "type": "Point", "coordinates": [ 1004424.345364639768377, 3493636.535187409259379 ] } },
{ "type": "Feature", "properties": { "id": "node/1715929574", "@id": "node/1715929574", "addr:city": null, "addr:country": null, "addr:district": null, "addr:housenumber": null, "addr:neighbourhood": null, "addr:postcode": null, "addr:state": null, "addr:street": null, "addr:subdistrict": null, "addr:suburb": null, "amenity": "school", "architect": null, "barrier": null, "building": null, "building:levels": null, "building:levels:underground": null, "check_date": null, "contact:facebook": null, "contact:instagram": null, "created_by": null, "denomination": null, "education": null, "ele": null, "email": null, "grades": null, "height": null, "image": null, "is_in": null, "level": null, "name": "Blessing Field School", "name:en": null, "name:ur": null, "name_1": null, "office": null, "opening_hours": null, "operator": null, "operator:type": null, "phone": null, "polling_station": null, "religion": null, "roof:colour": null, "school": null, "smoking": null, "source": "OSM (Private/Mixed)", "surface": null, "type": null, "website": null, "wheelchair": null, "wikidata": null, "wikipedia": null, "@geometry": null }, "geometry": { "type": "Point", "coordinates": [ 1005537.224709129077382, 3493789.969076019246131 ] } },
{ "type": "Feature", "properties": { "id": "way/706572065", "@id": "way/706572065", "addr:city": "Lahore", "addr:country": null, "addr:district": null, "addr:housenumber": null, "addr:neighbourhood": null, "addr:postcode": null, "addr:state": null, "addr:street": null, "addr:subdistrict": null, "addr:suburb": null, "amenity": null, "architect": null, "barrier": null, "building": "school", "building:levels": null, "building:levels:underground": null, "check_date": null, "contact:facebook": null, "contact:instagram": null, "created_by": null, "denomination": null, "education": null, "ele": "3", "email": null, "grades": null, "height": null, "image": null, "is_in": null, "level": null, "name": "Government High School", "name:en": null, "name:ur": null, "name_1": null, "office": null, "opening_hours": null, "operator": null, "operator:type": null, "phone": null, "polling_station": null, "religion": null, "roof:colour": null, "school": null, "smoking": null, "source": "OSM (Private/Mixed)", "surface": null, "type": null, "website": null, "wheelchair": null, "wikidata": null, "wikipedia": null, "@geometry": "center" }, "geometry": { "type": "Point", "coordinates": [ 1008106.116935346857645, 3492661.551968546584249 ] } },
{ "type": "Feature", "properties": { "id": "way/706556436", "@id": "way/706556436", "addr:city": "Lahore", "addr:country": null, "addr:district": null, "addr:housenumber": null, "addr:neighbourhood": null, "addr:postcode": null, "addr:state": null, "addr:street": null, "addr:subdistrict": null, "addr:suburb": null, "amenity": null, "architect": null, "barrier": null, "building": "school", "building:levels": null, "building:levels:underground": null, "check_date": null, "contact:facebook": null, "contact:instagram": null, "created_by": null, "denomination": null, "education": null, "ele": "3", "email": null, "grades": null, "height": null, "image": null, "is_in": null, "level": null, "name": "Qazi Girls High School", "name:en": null, "name:ur": null, "name_1": null, "office": null, "opening_hours": null, "operator": null, "operator:type": null, "phone": null, "polling_station": null, "religion": null, "roof:colour": null, "school": null, "smoking": null, "source": "OSM (Private/Mixed)", "surface": null, "type": null, "website": null, "wheelchair": null, "wikidata": null, "wikipedia": null, "@geometry": "center" }, "geometry": { "type": "Point", "coordinates": [ 1008403.198702509747818, 3493043.848159673158079 ] } },
{ "type": "Feature", "properties": { "id": "way/717135782", "@id": "way/717135782", "addr:city": "Lahore", "addr:country": null, "addr:district": null, "addr:housenumber": null, "addr:neighbourhood": null, "addr:postcode": null, "addr:state": null, "addr:street": null, "addr:subdistrict": null, "addr:suburb": null, "amenity": null, "architect": null, "barrier": null, "building": "school", "building:levels": null, "building:levels:underground": null, "check_date": null, "contact:facebook": null, "contact:instagram": null, "created_by": null, "denomination": null, "education": null, "ele": "3", "email": null, "grades": null, "height": null, "image": null, "is_in": null, "level": null, "name": "Allied School (Hussain Campus)", "name:en": null, "name:ur": null, "name_1": null, "office": null, "opening_hours": null, "operator": null, "operator:type": null, "phone": null, "polling_station": null, "religion": null, "roof:colour": null, "school": null, "smoking": null, "source": "OSM (Private/Mixed)", "surface": null, "type": null, "website": null, "wheelchair": null, "wikidata": null, "wikipedia": null, "@geometry": "center" }, "geometry": { "type": "Point", "coordinates": [ 1008586.001420743297786, 3493189.403642609715462 ] } },
{ "type": "Feature", "properties": { "id": "way/717147493", "@id": "way/717147493", "addr:city": "Lahore", "addr:country": null, "addr:district": null, "addr:housenumber": null, "addr:neighbourhood": null, "addr:postcode": null, "addr:state": null, "addr:street": null, "addr:subdistrict": null, "addr:suburb": null, "amenity": null, "architect": null, "barrier": null, "building": "school", "building:levels": null, "building:levels:underground": null, "check_date": null, "contact:facebook": null, "contact:instagram": null, "created_by": null, "denomination": null, "education": null, "ele": "2", "email": null, "grades": null, "height": null, "image": null, "is_in": null, "level": null, "name": "Concept School System", "name:en": null, "name:ur": null, "name_1": null, "office": null, "opening_hours": null, "operator": null, "operator:type": null, "phone": null, "polling_station": null, "religion": null, "roof:colour": null, "school": null, "smoking": null, "source": "OSM (Private/Mixed)", "surface": null, "type": null, "website": null, "wheelchair": null, "wikidata": null, "wikipedia": null, "@geometry": "center" }, "geometry": { "type": "Point", "coordinates": [ 1008566.109461866086349, 3493274.459258713759482 ] } },
{ "type": "Feature", "properties": { "id": "way/706359376", "@id": "way/706359376", "addr:city": "Lahore", "addr:country": null, "addr:district": null, "addr:housenumber": null, "addr:neighbourhood": null, "addr:postcode": null, "addr:state": null, "addr:street": "Ferozepur Road", "addr:subdistrict": null, "addr:suburb": null, "amenity": null, "architect": null, "barrier": null, "building": "school", "building:levels": null, "building:levels:underground": null, "check_date": null, "contact:facebook": null, "contact:instagram": null, "created_by": null, "denomination": null, "education": null, "ele": "4", "email": null, "grades": null, "height": null, "image": null, "is_in": null, "level": null, "name": "City District Government High School", "name:en": null, "name:ur": null, "name_1": null, "office": null, "opening_hours": null, "operator": null, "operator:type": null, "phone": null, "polling_station": null, "religion": null, "roof:colour": null, "school": null, "smoking": null, "source": "OSM (Private/Mixed)", "surface": null, "type": null, "website": null, "wheelchair": null, "wikidata": null, "wikipedia": null, "@geometry": "center" }, "geometry": { "type": "Point", "coordinates": [ 1008141.789134685765021, 3493973.483726668637246 ] } },
{ "type": "Feature", "properties": { "id": "way/706359375", "@id": "way/706359375", "addr:city": "Lahore", "addr:country": null, "addr:district": null, "addr:housenumber": null, "addr:neighbourhood": null, "addr:postcode": null, "addr:state": null, "addr:street": "Ferozepur Road", "addr:subdistrict": null, "addr:suburb": null, "amenity": null, "architect": null, "barrier": null, "building": "school", "building:levels": null, "building:levels:underground": null, "check_date": null, "contact:facebook": null, "contact:instagram": null, "created_by": null, "denomination": null, "education": null, "ele": "4", "email": null, "grades": null, "height": null, "image": null, "is_in": null, "level": null, "name": "The Educators", "name:en": null, "name:ur": null, "name_1": null, "office": null, "opening_hours": null, "operator": null, "operator:type": null, "phone": null, "polling_station": null, "religion": null, "roof:colour": null, "school": null, "smoking": null, "source": "OSM (Private/Mixed)", "surface": null, "type": null, "website": null, "wheelchair": null, "wikidata": null, "wikipedia": null, "@geometry": "center" }, "geometry": { "type": "Point", "coordinates": [ 1008068.569197741802782, 3494017.062035586219281 ] } },
{ "type": "Feature", "properties": { "id": "node/4920146656", "@id": "node/4920146656", "addr:city": "Lahore", "addr:country": null, "addr:district": null, "addr:housenumber": null, "addr:neighbourhood": null, "addr:postcode": null, "addr:state": null, "addr:street": "Ferozepur Road", "addr:subdistrict": null, "addr:suburb": null, "amenity": "school", "architect": null, "barrier": null, "building": null, "building:levels": null, "building:levels:underground": null, "check_date": null, "contact:facebook": null, "contact:instagram": null, "created_by": null, "denomination": null, "education": null, "ele": null, "email": null, "grades": null, "height": null, "image": null, "is_in": null, "level": null, "name": "The Educators", "name:en": null, "name:ur": null, "name_1": null, "office": null, "opening_hours": null, "operator": null, "operator:type": null, "phone": null, "polling_station": null, "religion": null, "roof:colour": null, "school": null, "smoking": null, "source": "OSM (Private/Mixed)", "surface": null, "type": null, "website": null, "wheelchair": null, "wikidata": null, "wikipedia": null, "@geometry": null }, "geometry": { "type": "Point", "coordinates": [ 1008097.906172500341199, 3494022.7695964849554 ] } },
{ "type": "Feature", "properties": { "id": "way/317474672", "@id": "way/317474672", "addr:city": null, "addr:country": null, "addr:district": null, "addr:housenumber": null, "addr:neighbourhood": null, "addr:postcode": null, "addr:state": null, "addr:street": null, "addr:subdistrict": null, "addr:suburb": null, "amenity": null, "architect": null, "barrier": null, "building": "school", "building:levels": null, "building:levels:underground": null, "check_date": null, "contact:facebook": null, "contact:instagram": null, "created_by": null, "denomination": null, "education": null, "ele": null, "email": null, "grades": null, "height": null, "image": null, "is_in": null, "level": null, "name": null, "name:en": null, "name:ur": null, "name_1": null, "office": null, "opening_hours": null, "operator": null, "operator:type": null, "phone": null, "polling_station": null, "religion": null, "roof:colour": null, "school": null, "smoking": null, "source": "OSM (Private/Mixed)", "surface": null, "type": null, "website": null, "wheelchair": null, "wikidata": null, "wikipedia": null, "@geometry": "center" }, "geometry": { "type": "Point", "coordinates": [ 1007153.685737173771486, 3494506.651681596878916 ] } },
{ "type": "Feature", "properties": { "id": "node/3237660807", "@id": "node/3237660807", "addr:city": null, "addr:country": null, "addr:district": null, "addr:housenumber": null, "addr:neighbourhood": null, "addr:postcode": null, "addr:state": null, "addr:street": null, "addr:subdistrict": null, "addr:suburb": null, "amenity": null, "architect": null, "barrier": null, "building": "school", "building:levels": null, "building:levels:underground": null, "check_date": null, "contact:facebook": null, "contact:instagram": null, "created_by": null, "denomination": null, "education": null, "ele": null, "email": null, "grades": null, "height": null, "image": null, "is_in": null, "level": null, "name": "Madrasa Tal Banat", "name:en": null, "name:ur": null, "name_1": null, "office": null, "opening_hours": null, "operator": null, "operator:type": null, "phone": null, "polling_station": null, "religion": null, "roof:colour": null, "school": null, "smoking": null, "source": "OSM (Private/Mixed)", "surface": null, "type": null, "website": null, "wheelchair": null, "wikidata": null, "wikipedia": null, "@geometry": null }, "geometry": { "type": "Point", "coordinates": [ 1007153.969178206054494, 3494512.186842054128647 ] } },
{ "type": "Feature", "properties": { "id": "node/3237663887", "@id": "node/3237663887", "addr:city": null, "addr:country": null, "addr:district": null, "addr:housenumber": null, "addr:neighbourhood": null, "addr:postcode": null, "addr:state": null, "addr:street": null, "addr:subdistrict": null, "addr:suburb": null, "amenity": "school", "architect": null, "barrier": null, "building": null, "building:levels": null, "building:levels:underground": null, "check_date": null, "contact:facebook": null, "contact:instagram": null, "created_by": null, "denomination": null, "education": null, "ele": null, "email": null, "grades": null, "height": null, "image": null, "is_in": null, "level": null, "name": "Divisional Public School (DPS)", "name:en": null, "name:ur": null, "name_1": null, "office": null, "opening_hours": null, "operator": null, "operator:type": null, "phone": null, "polling_station": null, "religion": null, "roof:colour": null, "school": null, "smoking": null, "source": "OSM (Private/Mixed)", "surface": null, "type": null, "website": null, "wheelchair": null, "wikidata": null, "wikipedia": null, "@geometry": null }, "geometry": { "type": "Point", "coordinates": [ 1006363.225503071444109, 3495207.786588747985661 ] } },
{ "type": "Feature", "properties": { "id": "node/4281904200", "@id": "node/4281904200", "addr:city": null, "addr:country": null, "addr:district": null, "addr:housenumber": null, "addr:neighbourhood": null, "addr:postcode": null, "addr:state": null, "addr:street": null, "addr:subdistrict": null, "addr:suburb": null, "amenity": "school", "architect": null, "barrier": null, "building": null, "building:levels": null, "building:levels:underground": null, "check_date": null, "contact:facebook": null, "contact:instagram": null, "created_by": null, "denomination": null, "education": null, "ele": null, "email": null, "grades": null, "height": null, "image": null, "is_in": null, "level": null, "name": "Beaconhouse school", "name:en": null, "name:ur": null, "name_1": null, "office": null, "opening_hours": null, "operator": null, "operator:type": null, "phone": null, "polling_station": null, "religion": null, "roof:colour": null, "school": null, "smoking": null, "source": "OSM (Private/Mixed)", "surface": null, "type": null, "website": null, "wheelchair": null, "wikidata": null, "wikipedia": null, "@geometry": null }, "geometry": { "type": "Point", "coordinates": [ 1011049.089027334470302, 3494960.528705417178571 ] } },
{ "type": "Feature", "properties": { "id": "node/533746953", "@id": "node/533746953", "addr:city": null, "addr:country": null, "addr:district": null, "addr:housenumber": null, "addr:neighbourhood": null, "addr:postcode": null, "addr:state": null, "addr:street": null, "addr:subdistrict": null, "addr:suburb": null, "amenity": "school", "architect": null, "barrier": null, "building": null, "building:levels": null, "building:levels:underground": null, "check_date": null, "contact:facebook": null, "contact:instagram": null, "created_by": null, "denomination": null, "education": null, "ele": null, "email": null, "grades": null, "height": null, "image": null, "is_in": null, "level": null, "name": null, "name:en": null, "name:ur": null, "name_1": null, "office": null, "opening_hours": null, "operator": null, "operator:type": null, "phone": null, "polling_station": null, "religion": null, "roof:colour": null, "school": null, "smoking": null, "source": "OSM (Private/Mixed)", "surface": null, "type": null, "website": null, "wheelchair": null, "wikidata": null, "wikipedia": null, "@geometry": null }, "geometry": { "type": "Point", "coordinates": [ 1011022.821481873746961, 3494962.110041843727231 ] } },
{ "type": "Feature", "properties": { "id": "node/303276466", "@id": "node/303276466", "addr:city": null, "addr:country": null, "addr:district": null, "addr:housenumber": null, "addr:neighbourhood": null, "addr:postcode": null, "addr:state": null, "addr:street": null, "addr:subdistrict": null, "addr:suburb": null, "amenity": "school", "architect": null, "barrier": null, "building": null, "building:levels": null, "building:levels:underground": null, "check_date": null, "contact:facebook": null, "contact:instagram": null, "created_by": null, "denomination": null, "education": null, "ele": null, "email": null, "grades": null, "height": null, "image": null, "is_in": null, "level": null, "name": "Beconhouse", "name:en": null, "name:ur": null, "name_1": null, "office": null, "opening_hours": null, "operator": null, "operator:type": null, "phone": null, "polling_station": null, "religion": null, "roof:colour": null, "school": null, "smoking": null, "source": "OSM (Private/Mixed)", "surface": null, "type": null, "website": null, "wheelchair": null, "wikidata": null, "wikipedia": null, "@geometry": null }, "geometry": { "type": "Point", "coordinates": [ 1009485.869571769610047, 3495190.371884158812463 ] } },
{ "type": "Feature", "properties": { "id": "way/905256572", "@id": "way/905256572", "addr:city": null, "addr:country": null, "addr:district": null, "addr:housenumber": null, "addr:neighbourhood": null, "addr:postcode": null, "addr:state": null, "addr:street": null, "addr:subdistrict": null, "addr:suburb": null, "amenity": "school", "architect": null, "barrier": null, "building": null, "building:levels": null, "building:levels:underground": null, "check_date": null, "contact:facebook": null, "contact:instagram": null, "created_by": null, "denomination": null, "education": null, "ele": null, "email": null, "grades": null, "height": null, "image": null, "is_in": null, "level": null, "name": "Walton Training School", "name:en": null, "name:ur": null, "name_1": null, "office": null, "opening_hours": null, "operator": null, "operator:type": null, "phone": null, "polling_station": null, "religion": null, "roof:colour": null, "school": null, "smoking": null, "source": "OSM (Private/Mixed)", "surface": null, "type": null, "website": null, "wheelchair": null, "wikidata": null, "wikipedia": null, "@geometry": "center" }, "geometry": { "type": "Point", "coordinates": [ 1009585.829645056743175, 3495786.858619196340442 ] } },
{ "type": "Feature", "properties": { "id": "way/164328663", "@id": "way/164328663", "addr:city": null, "addr:country": null, "addr:district": null, "addr:housenumber": null, "addr:neighbourhood": null, "addr:postcode": null, "addr:state": null, "addr:street": null, "addr:subdistrict": null, "addr:suburb": null, "amenity": "school", "architect": null, "barrier": null, "building": "yes", "building:levels": null, "building:levels:underground": null, "check_date": null, "contact:facebook": null, "contact:instagram": null, "created_by": null, "denomination": null, "education": null, "ele": null, "email": null, "grades": null, "height": null, "image": null, "is_in": null, "level": null, "name": "Color's Up Montessori School", "name:en": null, "name:ur": null, "name_1": null, "office": null, "opening_hours": null, "operator": null, "operator:type": null, "phone": null, "polling_station": null, "religion": null, "roof:colour": null, "school": null, "smoking": null, "source": "OSM (Private/Mixed)", "surface": null, "type": null, "website": null, "wheelchair": null, "wikidata": null, "wikipedia": null, "@geometry": "center" }, "geometry": { "type": "Point", "coordinates": [ 1011078.921362192835659, 3496031.349927868228406 ] } },
{ "type": "Feature", "properties": { "id": "node/271065685", "@id": "node/271065685", "addr:city": null, "addr:country": null, "addr:district": null, "addr:housenumber": null, "addr:neighbourhood": null, "addr:postcode": null, "addr:state": null, "addr:street": null, "addr:subdistrict": null, "addr:suburb": null, "amenity": "school", "architect": null, "barrier": null, "building": null, "building:levels": null, "building:levels:underground": null, "check_date": null, "contact:facebook": null, "contact:instagram": null, "created_by": null, "denomination": null, "education": null, "ele": null, "email": null, "grades": null, "height": null, "image": null, "is_in": null, "level": null, "name": "Pak Railway Academy", "name:en": null, "name:ur": null, "name_1": null, "office": null, "opening_hours": null, "operator": null, "operator:type": null, "phone": null, "polling_station": null, "religion": null, "roof:colour": null, "school": null, "smoking": null, "source": "OSM (Private/Mixed)", "surface": null, "type": null, "website": null, "wheelchair": null, "wikidata": null, "wikipedia": null, "@geometry": null }, "geometry": { "type": "Point", "coordinates": [ 1009353.243464872473851, 3496097.881945353001356 ] } },
{ "type": "Feature", "properties": { "id": "way/164328668", "@id": "way/164328668", "addr:city": null, "addr:country": null, "addr:district": null, "addr:housenumber": null, "addr:neighbourhood": null, "addr:postcode": null, "addr:state": null, "addr:street": null, "addr:subdistrict": null, "addr:suburb": null, "amenity": "school", "architect": null, "barrier": null, "building": "yes", "building:levels": null, "building:levels:underground": null, "check_date": null, "contact:facebook": null, "contact:instagram": null, "created_by": null, "denomination": null, "education": null, "ele": null, "email": null, "grades": null, "height": null, "image": null, "is_in": null, "level": null, "name": "Mount Pleasant High School", "name:en": null, "name:ur": null, "name_1": null, "office": null, "opening_hours": null, "operator": null, "operator:type": null, "phone": null, "polling_station": null, "religion": null, "roof:colour": null, "school": null, "smoking": null, "source": "OSM (Private/Mixed)", "surface": null, "type": null, "website": null, "wheelchair": null, "wikidata": null, "wikipedia": null, "@geometry": "center" }, "geometry": { "type": "Point", "coordinates": [ 1011162.431512670358643, 3496138.109147789422423 ] } },
{ "type": "Feature", "properties": { "id": "node/271166561", "@id": "node/271166561", "addr:city": null, "addr:country": null, "addr:district": null, "addr:housenumber": null, "addr:neighbourhood": null, "addr:postcode": null, "addr:state": null, "addr:street": null, "addr:subdistrict": null, "addr:suburb": null, "amenity": "school", "architect": null, "barrier": null, "building": null, "building:levels": null, "building:levels:underground": null, "check_date": null, "contact:facebook": null, "contact:instagram": null, "created_by": "Potlatch 0.9c", "denomination": null, "education": null, "ele": null, "email": null, "grades": null, "height": null, "image": null, "is_in": null, "level": null, "name": "Boys College", "name:en": null, "name:ur": null, "name_1": null, "office": null, "opening_hours": null, "operator": null, "operator:type": null, "phone": null, "polling_station": null, "religion": null, "roof:colour": null, "school": null, "smoking": null, "source": "OSM (Private/Mixed)", "surface": null, "type": null, "website": null, "wheelchair": null, "wikidata": null, "wikipedia": null, "@geometry": null }, "geometry": { "type": "Point", "coordinates": [ 1011759.764614316518418, 3496618.651055716443807 ] } },
{ "type": "Feature", "properties": { "id": "way/544711250", "@id": "way/544711250", "addr:city": "Lahore", "addr:country": null, "addr:district": null, "addr:housenumber": null, "addr:neighbourhood": null, "addr:postcode": "54000", "addr:state": null, "addr:street": null, "addr:subdistrict": null, "addr:suburb": null, "amenity": null, "architect": null, "barrier": null, "building": "school", "building:levels": null, "building:levels:underground": null, "check_date": null, "contact:facebook": null, "contact:instagram": null, "created_by": null, "denomination": null, "education": null, "ele": "2", "email": null, "grades": null, "height": null, "image": null, "is_in": null, "level": null, "name": "Turning Point", "name:en": null, "name:ur": null, "name_1": null, "office": null, "opening_hours": null, "operator": null, "operator:type": null, "phone": null, "polling_station": null, "religion": null, "roof:colour": null, "school": null, "smoking": null, "source": "OSM (Private/Mixed)", "surface": null, "type": null, "website": null, "wheelchair": null, "wikidata": null, "wikipedia": null, "@geometry": "center" }, "geometry": { "type": "Point", "coordinates": [ 1010426.664460970670916, 3497542.466319060884416 ] } },
{ "type": "Feature", "properties": { "id": "way/544743954", "@id": "way/544743954", "addr:city": "Lahore", "addr:country": null, "addr:district": null, "addr:housenumber": null, "addr:neighbourhood": null, "addr:postcode": "54000", "addr:state": null, "addr:street": null, "addr:subdistrict": null, "addr:suburb": null, "amenity": null, "architect": null, "barrier": null, "building": "school", "building:levels": null, "building:levels:underground": null, "check_date": null, "contact:facebook": null, "contact:instagram": null, "created_by": null, "denomination": null, "education": null, "ele": null, "email": null, "grades": null, "height": null, "image": null, "is_in": null, "level": null, "name": "Oracle Training Centre", "name:en": null, "name:ur": null, "name_1": null, "office": null, "opening_hours": null, "operator": null, "operator:type": null, "phone": null, "polling_station": null, "religion": null, "roof:colour": null, "school": null, "smoking": null, "source": "OSM (Private/Mixed)", "surface": null, "type": null, "website": null, "wheelchair": null, "wikidata": null, "wikipedia": null, "@geometry": "center" }, "geometry": { "type": "Point", "coordinates": [ 1009909.179441180429421, 3497658.247397376224399 ] } },
{ "type": "Feature", "properties": { "id": "node/4916250319", "@id": "node/4916250319", "addr:city": "Lahore", "addr:country": null, "addr:district": null, "addr:housenumber": null, "addr:neighbourhood": null, "addr:postcode": null, "addr:state": null, "addr:street": "Circular Road", "addr:subdistrict": null, "addr:suburb": null, "amenity": "school", "architect": null, "barrier": null, "building": null, "building:levels": null, "building:levels:underground": null, "check_date": null, "contact:facebook": null, "contact:instagram": null, "created_by": null, "denomination": null, "education": null, "ele": null, "email": null, "grades": null, "height": null, "image": null, "is_in": null, "level": null, "name": "DPS Boys Wing", "name:en": null, "name:ur": null, "name_1": null, "office": null, "opening_hours": null, "operator": null, "operator:type": null, "phone": null, "polling_station": null, "religion": null, "roof:colour": null, "school": null, "smoking": null, "source": "OSM (Private/Mixed)", "surface": null, "type": null, "website": null, "wheelchair": null, "wikidata": null, "wikipedia": null, "@geometry": null }, "geometry": { "type": "Point", "coordinates": [ 1006441.27222712780349, 3495229.286943656858057 ] } },
{ "type": "Feature", "properties": { "id": "node/4914838142", "@id": "node/4914838142", "addr:city": "Lahore", "addr:country": null, "addr:district": null, "addr:housenumber": null, "addr:neighbourhood": null, "addr:postcode": null, "addr:state": null, "addr:street": "Circular Road", "addr:subdistrict": null, "addr:suburb": null, "amenity": "school", "architect": null, "barrier": null, "building": null, "building:levels": null, "building:levels:underground": null, "check_date": null, "contact:facebook": null, "contact:instagram": null, "created_by": null, "denomination": null, "education": null, "ele": null, "email": null, "grades": null, "height": null, "image": null, "is_in": null, "level": null, "name": "Govt. Junior Model School", "name:en": null, "name:ur": null, "name_1": null, "office": null, "opening_hours": null, "operator": null, "operator:type": null, "phone": null, "polling_station": null, "religion": null, "roof:colour": null, "school": null, "smoking": null, "source": "OSM (Private/Mixed)", "surface": null, "type": null, "website": null, "wheelchair": null, "wikidata": null, "wikipedia": null, "@geometry": null }, "geometry": { "type": "Point", "coordinates": [ 1006644.95599687367212, 3495558.55472255172208 ] } },
{ "type": "Feature", "properties": { "id": "node/4914838140", "@id": "node/4914838140", "addr:city": "Lahore", "addr:country": null, "addr:district": null, "addr:housenumber": null, "addr:neighbourhood": null, "addr:postcode": null, "addr:state": null, "addr:street": "Circular Road", "addr:subdistrict": null, "addr:suburb": null, "amenity": "school", "architect": null, "barrier": null, "building": null, "building:levels": null, "building:levels:underground": null, "check_date": null, "contact:facebook": null, "contact:instagram": null, "created_by": null, "denomination": null, "education": null, "ele": null, "email": null, "grades": null, "height": null, "image": null, "is_in": null, "level": null, "name": "Government Model High School", "name:en": null, "name:ur": "گورنمنٹ ماڈل ہائی اسکول", "name_1": null, "office": null, "opening_hours": null, "operator": null, "operator:type": null, "phone": null, "polling_station": null, "religion": null, "roof:colour": null, "school": null, "smoking": null, "source": "OSM (Private/Mixed)", "surface": null, "type": null, "website": null, "wheelchair": null, "wikidata": null, "wikipedia": null, "@geometry": null }, "geometry": { "type": "Point", "coordinates": [ 1006588.411756005953066, 3495828.591679954901338 ] } },
{ "type": "Feature", "properties": { "id": "node/2296900505", "@id": "node/2296900505", "addr:city": null, "addr:country": null, "addr:district": null, "addr:housenumber": null, "addr:neighbourhood": null, "addr:postcode": null, "addr:state": null, "addr:street": null, "addr:subdistrict": null, "addr:suburb": null, "amenity": "school", "architect": null, "barrier": null, "building": "yes", "building:levels": null, "building:levels:underground": null, "check_date": null, "contact:facebook": null, "contact:instagram": null, "created_by": null, "denomination": null, "education": null, "ele": null, "email": null, "grades": null, "height": null, "image": null, "is_in": null, "level": null, "name": "Khalid Secondary School", "name:en": null, "name:ur": null, "name_1": null, "office": null, "opening_hours": null, "operator": null, "operator:type": null, "phone": null, "polling_station": null, "religion": null, "roof:colour": null, "school": null, "smoking": null, "source": "OSM (Private/Mixed)", "surface": null, "type": null, "website": null, "wheelchair": null, "wikidata": null, "wikipedia": null, "@geometry": null }, "geometry": { "type": "Point", "coordinates": [ 1008918.088948368327692, 3496134.722362176049501 ] } },
{ "type": "Feature", "properties": { "id": "node/4916900828", "@id": "node/4916900828", "addr:city": "Lahore", "addr:country": null, "addr:district": null, "addr:housenumber": null, "addr:neighbourhood": null, "addr:postcode": null, "addr:state": null, "addr:street": "Service Road", "addr:subdistrict": null, "addr:suburb": null, "amenity": "school", "architect": null, "barrier": null, "building": null, "building:levels": null, "building:levels:underground": null, "check_date": null, "contact:facebook": null, "contact:instagram": null, "created_by": null, "denomination": null, "education": null, "ele": null, "email": null, "grades": null, "height": null, "image": null, "is_in": null, "level": null, "name": "London School of Management & Technology", "name:en": null, "name:ur": null, "name_1": null, "office": null, "opening_hours": null, "operator": null, "operator:type": null, "phone": null, "polling_station": null, "religion": null, "roof:colour": null, "school": null, "smoking": null, "source": "OSM (Private/Mixed)", "surface": null, "type": null, "website": null, "wheelchair": null, "wikidata": null, "wikipedia": null, "@geometry": null }, "geometry": { "type": "Point", "coordinates": [ 1007050.919150064932182, 3496877.488696856889874 ] } },
{ "type": "Feature", "properties": { "id": "node/4916900829", "@id": "node/4916900829", "addr:city": "Lahore", "addr:country": null, "addr:district": null, "addr:housenumber": null, "addr:neighbourhood": null, "addr:postcode": null, "addr:state": null, "addr:street": "Service Road", "addr:subdistrict": null, "addr:suburb": null, "amenity": "school", "architect": null, "barrier": null, "building": null, "building:levels": null, "building:levels:underground": null, "check_date": null, "contact:facebook": null, "contact:instagram": null, "created_by": null, "denomination": null, "education": null, "ele": null, "email": null, "grades": null, "height": null, "image": null, "is_in": null, "level": null, "name": "Dawn Model School", "name:en": null, "name:ur": null, "name_1": null, "office": null, "opening_hours": null, "operator": null, "operator:type": null, "phone": null, "polling_station": null, "religion": null, "roof:colour": null, "school": null, "smoking": null, "source": "OSM (Private/Mixed)", "surface": null, "type": null, "website": null, "wheelchair": null, "wikidata": null, "wikipedia": null, "@geometry": null }, "geometry": { "type": "Point", "coordinates": [ 1007032.296678253915161, 3496921.352030453272164 ] } },
{ "type": "Feature", "properties": { "id": "node/8285774417", "@id": "node/8285774417", "addr:city": null, "addr:country": null, "addr:district": null, "addr:housenumber": null, "addr:neighbourhood": null, "addr:postcode": null, "addr:state": null, "addr:street": null, "addr:subdistrict": null, "addr:suburb": null, "amenity": "school", "architect": null, "barrier": null, "building": null, "building:levels": null, "building:levels:underground": null, "check_date": null, "contact:facebook": null, "contact:instagram": null, "created_by": null, "denomination": null, "education": null, "ele": null, "email": null, "grades": null, "height": null, "image": null, "is_in": null, "level": null, "name": "SKANS CA campus", "name:en": null, "name:ur": null, "name_1": null, "office": null, "opening_hours": null, "operator": null, "operator:type": null, "phone": null, "polling_station": null, "religion": null, "roof:colour": null, "school": null, "smoking": null, "source": "OSM (Private/Mixed)", "surface": null, "type": null, "website": null, "wheelchair": null, "wikidata": null, "wikipedia": null, "@geometry": null }, "geometry": { "type": "Point", "coordinates": [ 1006707.295535726007074, 3497331.576936073135585 ] } },
{ "type": "Feature", "properties": { "id": "node/4916899716", "@id": "node/4916899716", "addr:city": "Lahore", "addr:country": null, "addr:district": null, "addr:housenumber": null, "addr:neighbourhood": null, "addr:postcode": null, "addr:state": null, "addr:street": "Ferozepur Road", "addr:subdistrict": null, "addr:suburb": null, "amenity": "school", "architect": null, "barrier": null, "building": null, "building:levels": null, "building:levels:underground": null, "check_date": null, "contact:facebook": null, "contact:instagram": null, "created_by": null, "denomination": null, "education": null, "ele": null, "email": null, "grades": null, "height": null, "image": null, "is_in": null, "level": null, "name": "The Right School", "name:en": null, "name:ur": null, "name_1": null, "office": null, "opening_hours": null, "operator": null, "operator:type": null, "phone": null, "polling_station": null, "religion": null, "roof:colour": null, "school": null, "smoking": null, "source": "OSM (Private/Mixed)", "surface": null, "type": null, "website": null, "wheelchair": null, "wikidata": null, "wikipedia": null, "@geometry": null }, "geometry": { "type": "Point", "coordinates": [ 1006687.025184783851728, 3497755.608560794498771 ] } },
{ "type": "Feature", "properties": { "id": "node/4916640092", "@id": "node/4916640092", "addr:city": "Lahore", "addr:country": null, "addr:district": null, "addr:housenumber": null, "addr:neighbourhood": null, "addr:postcode": null, "addr:state": null, "addr:street": "Main Boulevard Garden Town", "addr:subdistrict": null, "addr:suburb": null, "amenity": "school", "architect": null, "barrier": null, "building": null, "building:levels": null, "building:levels:underground": null, "check_date": null, "contact:facebook": null, "contact:instagram": null, "created_by": null, "denomination": null, "education": null, "ele": null, "email": null, "grades": null, "height": null, "image": null, "is_in": null, "level": null, "name": "The City School", "name:en": null, "name:ur": "سٹی سکول", "name_1": null, "office": null, "opening_hours": null, "operator": null, "operator:type": null, "phone": null, "polling_station": null, "religion": null, "roof:colour": null, "school": null, "smoking": null, "source": "OSM (Private/Mixed)", "surface": null, "type": null, "website": null, "wheelchair": null, "wikidata": null, "wikipedia": null, "@geometry": null }, "geometry": { "type": "Point", "coordinates": [ 1006384.546948648523539, 3497770.236460771877319 ] } },
{ "type": "Feature", "properties": { "id": "node/4916640091", "@id": "node/4916640091", "addr:city": "Lahore", "addr:country": null, "addr:district": null, "addr:housenumber": null, "addr:neighbourhood": null, "addr:postcode": null, "addr:state": null, "addr:street": "Main Boulevard Garden Town", "addr:subdistrict": null, "addr:suburb": null, "amenity": "school", "architect": null, "barrier": null, "building": null, "building:levels": null, "building:levels:underground": null, "check_date": null, "contact:facebook": null, "contact:instagram": null, "created_by": null, "denomination": null, "education": null, "ele": null, "email": null, "grades": null, "height": null, "image": null, "is_in": null, "level": null, "name": "Allied School", "name:en": null, "name:ur": "الائیڈ سکول", "name_1": null, "office": null, "opening_hours": null, "operator": null, "operator:type": null, "phone": null, "polling_station": null, "religion": null, "roof:colour": null, "school": null, "smoking": null, "source": "OSM (Private/Mixed)", "surface": null, "type": null, "website": null, "wheelchair": null, "wikidata": null, "wikipedia": null, "@geometry": null }, "geometry": { "type": "Point", "coordinates": [ 1006388.452814099262469, 3497849.372647684067488 ] } },
{ "type": "Feature", "properties": { "id": "node/12442461774", "@id": "node/12442461774", "addr:city": null, "addr:country": null, "addr:district": null, "addr:housenumber": null, "addr:neighbourhood": null, "addr:postcode": null, "addr:state": null, "addr:street": null, "addr:subdistrict": null, "addr:suburb": null, "amenity": "school", "architect": null, "barrier": null, "building": null, "building:levels": null, "building:levels:underground": null, "check_date": null, "contact:facebook": null, "contact:instagram": null, "created_by": null, "denomination": null, "education": null, "ele": null, "email": null, "grades": null, "height": null, "image": null, "is_in": null, "level": null, "name": "American National School", "name:en": null, "name:ur": null, "name_1": null, "office": null, "opening_hours": null, "operator": null, "operator:type": null, "phone": null, "polling_station": null, "religion": null, "roof:colour": null, "school": null, "smoking": null, "source": "OSM (Private/Mixed)", "surface": null, "type": null, "website": null, "wheelchair": null, "wikidata": null, "wikipedia": null, "@geometry": null }, "geometry": { "type": "Point", "coordinates": [ 1008512.475945667130873, 3497872.600505549926311 ] } },
{ "type": "Feature", "properties": { "id": "node/4916640089", "@id": "node/4916640089", "addr:city": "Lahore", "addr:country": null, "addr:district": null, "addr:housenumber": null, "addr:neighbourhood": null, "addr:postcode": null, "addr:state": null, "addr:street": "Ferozepur Road", "addr:subdistrict": null, "addr:suburb": null, "amenity": "school", "architect": null, "barrier": null, "building": null, "building:levels": null, "building:levels:underground": null, "check_date": null, "contact:facebook": null, "contact:instagram": null, "created_by": null, "denomination": null, "education": null, "ele": null, "email": null, "grades": null, "height": null, "image": null, "is_in": null, "level": null, "name": "Beaconhouse School System Garden Town Campus", "name:en": null, "name:ur": "بیکن ہاؤس اسکول سسٹم گارڈن ٹاؤن کیمپس", "name_1": null, "office": null, "opening_hours": null, "operator": null, "operator:type": null, "phone": null, "polling_station": null, "religion": null, "roof:colour": null, "school": null, "smoking": null, "source": "OSM (Private/Mixed)", "surface": null, "type": null, "website": null, "wheelchair": null, "wikidata": null, "wikipedia": null, "@geometry": null }, "geometry": { "type": "Point", "coordinates": [ 1006405.506804885226302, 3497970.448335730005056 ] } },
{ "type": "Feature", "properties": { "id": "way/1344894179", "@id": "way/1344894179", "addr:city": null, "addr:country": null, "addr:district": null, "addr:housenumber": null, "addr:neighbourhood": null, "addr:postcode": null, "addr:state": null, "addr:street": null, "addr:subdistrict": null, "addr:suburb": null, "amenity": "school", "architect": null, "barrier": null, "building": null, "building:levels": null, "building:levels:underground": null, "check_date": null, "contact:facebook": null, "contact:instagram": null, "created_by": null, "denomination": null, "education": null, "ele": null, "email": null, "grades": null, "height": null, "image": null, "is_in": null, "level": null, "name": "لارڈز انٹرنیشنل سکول سسٹم", "name:en": "The Lords International School System", "name:ur": null, "name_1": null, "office": null, "opening_hours": null, "operator": null, "operator:type": null, "phone": null, "polling_station": null, "religion": null, "roof:colour": null, "school": null, "smoking": null, "source": "OSM (Private/Mixed)", "surface": null, "type": null, "website": null, "wheelchair": null, "wikidata": null, "wikipedia": null, "@geometry": "center" }, "geometry": { "type": "Point", "coordinates": [ 1008617.007508419686928, 3498009.399497356731445 ] } },
{ "type": "Feature", "properties": { "id": "way/905256570", "@id": "way/905256570", "addr:city": null, "addr:country": null, "addr:district": null, "addr:housenumber": null, "addr:neighbourhood": null, "addr:postcode": null, "addr:state": null, "addr:street": null, "addr:subdistrict": null, "addr:suburb": null, "amenity": "school", "architect": null, "barrier": null, "building": null, "building:levels": null, "building:levels:underground": null, "check_date": null, "contact:facebook": null, "contact:instagram": null, "created_by": null, "denomination": null, "education": null, "ele": null, "email": null, "grades": null, "height": null, "image": null, "is_in": null, "level": null, "name": "City District Government Girls High School Kabootarpura", "name:en": null, "name:ur": null, "name_1": null, "office": null, "opening_hours": null, "operator": null, "operator:type": null, "phone": null, "polling_station": null, "religion": null, "roof:colour": null, "school": null, "smoking": null, "source": "OSM (Private/Mixed)", "surface": null, "type": null, "website": null, "wheelchair": null, "wikidata": null, "wikipedia": null, "@geometry": "center" }, "geometry": { "type": "Point", "coordinates": [ 1008961.513080186326988, 3498018.080027187708765 ] } },
{ "type": "Feature", "properties": { "id": "way/726121993", "@id": "way/726121993", "addr:city": null, "addr:country": null, "addr:district": null, "addr:housenumber": null, "addr:neighbourhood": null, "addr:postcode": null, "addr:state": null, "addr:street": null, "addr:subdistrict": null, "addr:suburb": null, "amenity": null, "architect": null, "barrier": null, "building": "school", "building:levels": null, "building:levels:underground": null, "check_date": null, "contact:facebook": null, "contact:instagram": null, "created_by": null, "denomination": null, "education": null, "ele": null, "email": null, "grades": null, "height": null, "image": null, "is_in": null, "level": null, "name": null, "name:en": null, "name:ur": null, "name_1": null, "office": null, "opening_hours": null, "operator": null, "operator:type": null, "phone": null, "polling_station": null, "religion": null, "roof:colour": null, "school": null, "smoking": null, "source": "OSM (Private/Mixed)", "surface": null, "type": null, "website": null, "wheelchair": null, "wikidata": null, "wikipedia": null, "@geometry": "center" }, "geometry": { "type": "Point", "coordinates": [ 1006780.122175144962966, 3498230.031873186584562 ] } },
{ "type": "Feature", "properties": { "id": "node/10066722917", "@id": "node/10066722917", "addr:city": null, "addr:country": null, "addr:district": null, "addr:housenumber": null, "addr:neighbourhood": null, "addr:postcode": null, "addr:state": null, "addr:street": null, "addr:subdistrict": null, "addr:suburb": null, "amenity": "school", "architect": null, "barrier": null, "building": null, "building:levels": null, "building:levels:underground": null, "check_date": null, "contact:facebook": null, "contact:instagram": null, "created_by": null, "denomination": null, "education": null, "ele": null, "email": null, "grades": null, "height": null, "image": null, "is_in": null, "level": null, "name": "Al Burhan", "name:en": null, "name:ur": null, "name_1": null, "office": null, "opening_hours": null, "operator": null, "operator:type": null, "phone": null, "polling_station": null, "religion": null, "roof:colour": null, "school": null, "smoking": null, "source": "OSM (Private/Mixed)", "surface": null, "type": null, "website": "http://Www.alburhan.org", "wheelchair": null, "wikidata": null, "wikipedia": null, "@geometry": null }, "geometry": { "type": "Point", "coordinates": [ 1008608.015749698970467, 3498483.242448830977082 ] } },
{ "type": "Feature", "properties": { "id": "way/799763332", "@id": "way/799763332", "addr:city": null, "addr:country": null, "addr:district": null, "addr:housenumber": null, "addr:neighbourhood": null, "addr:postcode": null, "addr:state": null, "addr:street": null, "addr:subdistrict": null, "addr:suburb": null, "amenity": null, "architect": null, "barrier": null, "building": "school", "building:levels": "3", "building:levels:underground": null, "check_date": null, "contact:facebook": null, "contact:instagram": null, "created_by": null, "denomination": null, "education": null, "ele": null, "email": null, "grades": null, "height": null, "image": null, "is_in": null, "level": null, "name": "Lahore Schoolof Economics City Campus", "name:en": null, "name:ur": null, "name_1": null, "office": null, "opening_hours": null, "operator": null, "operator:type": null, "phone": null, "polling_station": null, "religion": null, "roof:colour": null, "school": null, "smoking": null, "source": "OSM (Private/Mixed)", "surface": null, "type": null, "website": null, "wheelchair": null, "wikidata": null, "wikipedia": null, "@geometry": "center" }, "geometry": { "type": "Point", "coordinates": [ 1008073.297202045796439, 3498517.506546536460519 ] } },
{ "type": "Feature", "properties": { "id": "node/10066722817", "@id": "node/10066722817", "addr:city": null, "addr:country": null, "addr:district": null, "addr:housenumber": null, "addr:neighbourhood": null, "addr:postcode": null, "addr:state": null, "addr:street": null, "addr:subdistrict": null, "addr:suburb": null, "amenity": "school", "architect": null, "barrier": null, "building": null, "building:levels": null, "building:levels:underground": null, "check_date": null, "contact:facebook": null, "contact:instagram": null, "created_by": null, "denomination": null, "education": null, "ele": null, "email": null, "grades": null, "height": null, "image": null, "is_in": null, "level": null, "name": "Al Burhan", "name:en": null, "name:ur": null, "name_1": null, "office": null, "opening_hours": null, "operator": null, "operator:type": null, "phone": null, "polling_station": null, "religion": null, "roof:colour": null, "school": null, "smoking": null, "source": "OSM (Private/Mixed)", "surface": null, "type": null, "website": "http://Www.aburhan.org", "wheelchair": null, "wikidata": null, "wikipedia": null, "@geometry": null }, "geometry": { "type": "Point", "coordinates": [ 1008604.762466368963942, 3498633.22189304092899 ] } },
{ "type": "Feature", "properties": { "id": "way/800345383", "@id": "way/800345383", "addr:city": null, "addr:country": null, "addr:district": null, "addr:housenumber": null, "addr:neighbourhood": null, "addr:postcode": null, "addr:state": null, "addr:street": null, "addr:subdistrict": null, "addr:suburb": null, "amenity": null, "architect": null, "barrier": null, "building": "school", "building:levels": "2", "building:levels:underground": null, "check_date": null, "contact:facebook": null, "contact:instagram": null, "created_by": null, "denomination": null, "education": null, "ele": null, "email": null, "grades": null, "height": null, "image": null, "is_in": null, "level": null, "name": "School of Contemporary and Islamic Learning Boys Branch", "name:en": null, "name:ur": null, "name_1": null, "office": null, "opening_hours": null, "operator": null, "operator:type": null, "phone": null, "polling_station": null, "religion": null, "roof:colour": null, "school": null, "smoking": null, "source": "OSM (Private/Mixed)", "surface": null, "type": null, "website": null, "wheelchair": null, "wikidata": null, "wikipedia": null, "@geometry": "center" }, "geometry": { "type": "Point", "coordinates": [ 1008023.33241311670281, 3498782.263815550599247 ] } },
{ "type": "Feature", "properties": { "id": "way/800313300", "@id": "way/800313300", "addr:city": null, "addr:country": null, "addr:district": null, "addr:housenumber": null, "addr:neighbourhood": null, "addr:postcode": null, "addr:state": null, "addr:street": null, "addr:subdistrict": null, "addr:suburb": null, "amenity": null, "architect": null, "barrier": null, "building": "school", "building:levels": "2", "building:levels:underground": null, "check_date": null, "contact:facebook": null, "contact:instagram": null, "created_by": null, "denomination": null, "education": null, "ele": null, "email": null, "grades": null, "height": null, "image": null, "is_in": null, "level": null, "name": "Govt Central Model High School", "name:en": null, "name:ur": null, "name_1": null, "office": null, "opening_hours": null, "operator": null, "operator:type": null, "phone": null, "polling_station": null, "religion": null, "roof:colour": null, "school": null, "smoking": null, "source": "OSM (Private/Mixed)", "surface": null, "type": null, "website": null, "wheelchair": null, "wikidata": null, "wikipedia": null, "@geometry": "center" }, "geometry": { "type": "Point", "coordinates": [ 1008226.731981999822892, 3498807.84541304083541 ] } },
{ "type": "Feature", "properties": { "id": "way/544743965", "@id": "way/544743965", "addr:city": "Lahore", "addr:country": null, "addr:district": null, "addr:housenumber": null, "addr:neighbourhood": null, "addr:postcode": "54000", "addr:state": null, "addr:street": null, "addr:subdistrict": null, "addr:suburb": null, "amenity": null, "architect": null, "barrier": null, "building": "school", "building:levels": null, "building:levels:underground": null, "check_date": null, "contact:facebook": null, "contact:instagram": null, "created_by": null, "denomination": null, "education": null, "ele": "2", "email": null, "grades": null, "height": null, "image": null, "is_in": null, "level": null, "name": "IELTS with Laique Lodhi, Skill Glow International", "name:en": null, "name:ur": null, "name_1": null, "office": null, "opening_hours": null, "operator": null, "operator:type": null, "phone": null, "polling_station": null, "religion": null, "roof:colour": null, "school": null, "smoking": null, "source": "OSM (Private/Mixed)", "surface": null, "type": null, "website": null, "wheelchair": null, "wikidata": null, "wikipedia": null, "@geometry": "center" }, "geometry": { "type": "Point", "coordinates": [ 1009890.039432992576621, 3497660.124486233573407 ] } },
{ "type": "Feature", "properties": { "id": "way/699333329", "@id": "way/699333329", "addr:city": null, "addr:country": null, "addr:district": null, "addr:housenumber": null, "addr:neighbourhood": null, "addr:postcode": null, "addr:state": null, "addr:street": null, "addr:subdistrict": null, "addr:suburb": null, "amenity": null, "architect": null, "barrier": null, "building": "school", "building:levels": null, "building:levels:underground": null, "check_date": null, "contact:facebook": null, "contact:instagram": null, "created_by": null, "denomination": null, "education": null, "ele": null, "email": null, "grades": null, "height": null, "image": null, "is_in": null, "level": null, "name": "Allied School RA Bazar Campus", "name:en": null, "name:ur": null, "name_1": null, "office": null, "opening_hours": null, "operator": null, "operator:type": null, "phone": null, "polling_station": null, "religion": null, "roof:colour": null, "school": null, "smoking": null, "source": "OSM (Private/Mixed)", "surface": null, "type": null, "website": null, "wheelchair": null, "wikidata": null, "wikipedia": null, "@geometry": "center" }, "geometry": { "type": "Point", "coordinates": [ 1011443.572144170524552, 3497896.641238954849541 ] } },
{ "type": "Feature", "properties": { "id": "node/4840099423", "@id": "node/4840099423", "addr:city": null, "addr:country": null, "addr:district": null, "addr:housenumber": null, "addr:neighbourhood": null, "addr:postcode": null, "addr:state": null, "addr:street": null, "addr:subdistrict": null, "addr:suburb": null, "amenity": "school", "architect": null, "barrier": null, "building": null, "building:levels": null, "building:levels:underground": null, "check_date": null, "contact:facebook": null, "contact:instagram": null, "created_by": null, "denomination": null, "education": null, "ele": null, "email": null, "grades": null, "height": null, "image": null, "is_in": null, "level": null, "name": "Hajvery University Euro Campus", "name:en": "Hajvery University Euro Campus", "name:ur": null, "name_1": null, "office": null, "opening_hours": null, "operator": null, "operator:type": null, "phone": null, "polling_station": null, "religion": null, "roof:colour": null, "school": null, "smoking": null, "source": "OSM (Private/Mixed)", "surface": null, "type": null, "website": null, "wheelchair": null, "wikidata": null, "wikipedia": null, "@geometry": null }, "geometry": { "type": "Point", "coordinates": [ 1009157.840523654129356, 3497952.258281860966235 ] } },
{ "type": "Feature", "properties": { "id": "node/272338687", "@id": "node/272338687", "addr:city": null, "addr:country": null, "addr:district": null, "addr:housenumber": null, "addr:neighbourhood": null, "addr:postcode": null, "addr:state": null, "addr:street": null, "addr:subdistrict": null, "addr:suburb": null, "amenity": "school", "architect": null, "barrier": null, "building": null, "building:levels": null, "building:levels:underground": null, "check_date": null, "contact:facebook": null, "contact:instagram": null, "created_by": "Potlatch 0.9c", "denomination": null, "education": null, "ele": null, "email": null, "grades": null, "height": null, "image": null, "is_in": null, "level": null, "name": null, "name:en": null, "name:ur": null, "name_1": null, "office": null, "opening_hours": null, "operator": null, "operator:type": null, "phone": null, "polling_station": null, "religion": null, "roof:colour": null, "school": null, "smoking": null, "source": "OSM (Private/Mixed)", "surface": null, "type": null, "website": null, "wheelchair": null, "wikidata": null, "wikipedia": null, "@geometry": null }, "geometry": { "type": "Point", "coordinates": [ 1011421.871656012255698, 3498044.483007532078773 ] } },
{ "type": "Feature", "properties": { "id": "way/699333324", "@id": "way/699333324", "addr:city": null, "addr:country": null, "addr:district": null, "addr:housenumber": null, "addr:neighbourhood": null, "addr:postcode": null, "addr:state": null, "addr:street": null, "addr:subdistrict": null, "addr:suburb": null, "amenity": null, "architect": null, "barrier": null, "building": "school", "building:levels": "2", "building:levels:underground": null, "check_date": null, "contact:facebook": null, "contact:instagram": null, "created_by": null, "denomination": null, "education": null, "ele": null, "email": null, "grades": null, "height": null, "image": null, "is_in": null, "level": null, "name": "پی جی ہائی سکول", "name:en": null, "name:ur": null, "name_1": null, "office": null, "opening_hours": null, "operator": null, "operator:type": null, "phone": null, "polling_station": null, "religion": null, "roof:colour": null, "school": null, "smoking": null, "source": "OSM (Private/Mixed)", "surface": null, "type": null, "website": null, "wheelchair": null, "wikidata": null, "wikipedia": null, "@geometry": "center" }, "geometry": { "type": "Point", "coordinates": [ 1011427.510549504077062, 3498046.96488843485713 ] } },
{ "type": "Feature", "properties": { "id": "way/546258867", "@id": "way/546258867", "addr:city": "Lahore", "addr:country": null, "addr:district": null, "addr:housenumber": null, "addr:neighbourhood": null, "addr:postcode": "54000", "addr:state": null, "addr:street": null, "addr:subdistrict": null, "addr:suburb": null, "amenity": null, "architect": null, "barrier": null, "building": "school", "building:levels": "2", "building:levels:underground": null, "check_date": null, "contact:facebook": null, "contact:instagram": null, "created_by": null, "denomination": null, "education": null, "ele": null, "email": null, "grades": null, "height": null, "image": null, "is_in": null, "level": null, "name": "Garrison Academy for Boys", "name:en": null, "name:ur": null, "name_1": null, "office": null, "opening_hours": null, "operator": null, "operator:type": null, "phone": null, "polling_station": null, "religion": null, "roof:colour": null, "school": null, "smoking": null, "source": "OSM (Private/Mixed)", "surface": null, "type": null, "website": null, "wheelchair": null, "wikidata": null, "wikipedia": null, "@geometry": "center" }, "geometry": { "type": "Point", "coordinates": [ 1010992.421430931426585, 3499173.53239894611761 ] } },
{ "type": "Feature", "properties": { "id": "way/546258866", "@id": "way/546258866", "addr:city": "Lahore", "addr:country": null, "addr:district": null, "addr:housenumber": null, "addr:neighbourhood": null, "addr:postcode": "54000", "addr:state": null, "addr:street": null, "addr:subdistrict": null, "addr:suburb": null, "amenity": null, "architect": null, "barrier": null, "building": "school", "building:levels": null, "building:levels:underground": null, "check_date": null, "contact:facebook": null, "contact:instagram": null, "created_by": null, "denomination": null, "education": null, "ele": null, "email": null, "grades": null, "height": null, "image": null, "is_in": null, "level": "1", "name": "Garrison Academy for Cambridge Studies", "name:en": null, "name:ur": null, "name_1": null, "office": null, "opening_hours": null, "operator": null, "operator:type": null, "phone": null, "polling_station": null, "religion": null, "roof:colour": null, "school": null, "smoking": null, "source": "OSM (Private/Mixed)", "surface": null, "type": null, "website": null, "wheelchair": null, "wikidata": null, "wikipedia": null, "@geometry": "center" }, "geometry": { "type": "Point", "coordinates": [ 1010873.562845161766745, 3499242.494732634164393 ] } },
{ "type": "Feature", "properties": { "id": "way/546258865", "@id": "way/546258865", "addr:city": "Lahore", "addr:country": null, "addr:district": null, "addr:housenumber": null, "addr:neighbourhood": null, "addr:postcode": "54000", "addr:state": null, "addr:street": null, "addr:subdistrict": null, "addr:suburb": null, "amenity": null, "architect": null, "barrier": null, "building": "school", "building:levels": null, "building:levels:underground": null, "check_date": null, "contact:facebook": null, "contact:instagram": null, "created_by": null, "denomination": null, "education": null, "ele": null, "email": null, "grades": null, "height": null, "image": null, "is_in": null, "level": "1", "name": "Shaheen Cadet Institute", "name:en": null, "name:ur": null, "name_1": null, "office": null, "opening_hours": null, "operator": null, "operator:type": null, "phone": null, "polling_station": null, "religion": null, "roof:colour": null, "school": null, "smoking": null, "source": "OSM (Private/Mixed)", "surface": null, "type": null, "website": null, "wheelchair": null, "wikidata": null, "wikipedia": null, "@geometry": "center" }, "geometry": { "type": "Point", "coordinates": [ 1010989.932430760934949, 3499292.90705231949687 ] } },
{ "type": "Feature", "properties": { "id": "way/545985276", "@id": "way/545985276", "addr:city": null, "addr:country": null, "addr:district": null, "addr:housenumber": null, "addr:neighbourhood": null, "addr:postcode": null, "addr:state": null, "addr:street": null, "addr:subdistrict": null, "addr:suburb": null, "amenity": null, "architect": null, "barrier": null, "building": "school", "building:levels": "2", "building:levels:underground": null, "check_date": null, "contact:facebook": null, "contact:instagram": null, "created_by": null, "denomination": null, "education": null, "ele": null, "email": null, "grades": null, "height": null, "image": null, "is_in": null, "level": null, "name": "Sacreed Heart Cathedral Higher Secondary School", "name:en": null, "name:ur": null, "name_1": null, "office": null, "opening_hours": null, "operator": null, "operator:type": null, "phone": null, "polling_station": null, "religion": null, "roof:colour": null, "school": null, "smoking": null, "source": "OSM (Private/Mixed)", "surface": null, "type": null, "website": null, "wheelchair": null, "wikidata": null, "wikipedia": null, "@geometry": "center" }, "geometry": { "type": "Point", "coordinates": [ 1011022.650331355864182, 3499841.305880356114358 ] } },
{ "type": "Feature", "properties": { "id": "way/689583865", "@id": "way/689583865", "addr:city": null, "addr:country": null, "addr:district": null, "addr:housenumber": null, "addr:neighbourhood": null, "addr:postcode": null, "addr:state": null, "addr:street": null, "addr:subdistrict": null, "addr:suburb": null, "amenity": null, "architect": null, "barrier": null, "building": "school", "building:levels": "2", "building:levels:underground": null, "check_date": null, "contact:facebook": null, "contact:instagram": null, "created_by": null, "denomination": null, "education": null, "ele": null, "email": null, "grades": null, "height": null, "image": null, "is_in": null, "level": null, "name": "Army Public School", "name:en": null, "name:ur": "آرمی پبلک اسکول", "name_1": null, "office": null, "opening_hours": null, "operator": null, "operator:type": null, "phone": null, "polling_station": null, "religion": null, "roof:colour": null, "school": null, "smoking": null, "source": "OSM (Private/Mixed)", "surface": null, "type": null, "website": null, "wheelchair": null, "wikidata": null, "wikipedia": null, "@geometry": "center" }, "geometry": { "type": "Point", "coordinates": [ 1010900.596195161342621, 3500123.743679840117693 ] } },
{ "type": "Feature", "properties": { "id": "node/914219800", "@id": "node/914219800", "addr:city": null, "addr:country": null, "addr:district": null, "addr:housenumber": null, "addr:neighbourhood": null, "addr:postcode": null, "addr:state": null, "addr:street": null, "addr:subdistrict": null, "addr:suburb": null, "amenity": "school", "architect": null, "barrier": null, "building": null, "building:levels": null, "building:levels:underground": null, "check_date": null, "contact:facebook": null, "contact:instagram": null, "created_by": null, "denomination": null, "education": null, "ele": null, "email": null, "grades": null, "height": null, "image": null, "is_in": null, "level": null, "name": null, "name:en": null, "name:ur": null, "name_1": null, "office": null, "opening_hours": null, "operator": null, "operator:type": null, "phone": null, "polling_station": null, "religion": null, "roof:colour": null, "school": null, "smoking": null, "source": "OSM (Private/Mixed)", "surface": null, "type": null, "website": null, "wheelchair": null, "wikidata": null, "wikipedia": null, "@geometry": null }, "geometry": { "type": "Point", "coordinates": [ 1007124.285827588639222, 3498816.21142191812396 ] } },
{ "type": "Feature", "properties": { "id": "way/800381063", "@id": "way/800381063", "addr:city": null, "addr:country": null, "addr:district": null, "addr:housenumber": null, "addr:neighbourhood": null, "addr:postcode": null, "addr:state": null, "addr:street": null, "addr:subdistrict": null, "addr:suburb": null, "amenity": null, "architect": null, "barrier": null, "building": "school", "building:levels": "2", "building:levels:underground": null, "check_date": null, "contact:facebook": null, "contact:instagram": null, "created_by": null, "denomination": null, "education": null, "ele": null, "email": null, "grades": null, "height": null, "image": null, "is_in": null, "level": null, "name": "National Grammar School", "name:en": null, "name:ur": null, "name_1": null, "office": null, "opening_hours": null, "operator": null, "operator:type": null, "phone": null, "polling_station": null, "religion": null, "roof:colour": null, "school": null, "smoking": null, "source": "OSM (Private/Mixed)", "surface": null, "type": null, "website": null, "wheelchair": null, "wikidata": null, "wikipedia": null, "@geometry": "center" }, "geometry": { "type": "Point", "coordinates": [ 1007815.289646974764764, 3498845.782166891731322 ] } },
{ "type": "Feature", "properties": { "id": "way/800313302", "@id": "way/800313302", "addr:city": null, "addr:country": null, "addr:district": null, "addr:housenumber": null, "addr:neighbourhood": null, "addr:postcode": null, "addr:state": null, "addr:street": null, "addr:subdistrict": null, "addr:suburb": null, "amenity": null, "architect": null, "barrier": null, "building": "school", "building:levels": "2", "building:levels:underground": null, "check_date": null, "contact:facebook": null, "contact:instagram": null, "created_by": null, "denomination": null, "education": null, "ele": null, "email": null, "grades": null, "height": null, "image": null, "is_in": null, "level": null, "name": "Aligarh Public School", "name:en": null, "name:ur": null, "name_1": null, "office": null, "opening_hours": null, "operator": null, "operator:type": null, "phone": null, "polling_station": null, "religion": null, "roof:colour": null, "school": null, "smoking": null, "source": "OSM (Private/Mixed)", "surface": null, "type": null, "website": null, "wheelchair": null, "wikidata": null, "wikipedia": null, "@geometry": "center" }, "geometry": { "type": "Point", "coordinates": [ 1008276.637235877569765, 3498851.320618878118694 ] } },
{ "type": "Feature", "properties": { "id": "node/4281904891", "@id": "node/4281904891", "addr:city": null, "addr:country": null, "addr:district": null, "addr:housenumber": null, "addr:neighbourhood": null, "addr:postcode": null, "addr:state": null, "addr:street": null, "addr:subdistrict": null, "addr:suburb": null, "amenity": "school", "architect": null, "barrier": null, "building": null, "building:levels": null, "building:levels:underground": null, "check_date": null, "contact:facebook": null, "contact:instagram": null, "created_by": null, "denomination": null, "education": null, "ele": null, "email": null, "grades": null, "height": null, "image": null, "is_in": null, "level": null, "name": "Bridge accademy ", "name:en": null, "name:ur": null, "name_1": null, "office": null, "opening_hours": null, "operator": null, "operator:type": null, "phone": null, "polling_station": null, "religion": null, "roof:colour": null, "school": null, "smoking": null, "source": "OSM (Private/Mixed)", "surface": null, "type": null, "website": null, "wheelchair": null, "wikidata": null, "wikipedia": null, "@geometry": null }, "geometry": { "type": "Point", "coordinates": [ 1007850.583505886839703, 3498918.162756627425551 ] } },
{ "type": "Feature", "properties": { "id": "node/4743178921", "@id": "node/4743178921", "addr:city": null, "addr:country": null, "addr:district": null, "addr:housenumber": null, "addr:neighbourhood": null, "addr:postcode": null, "addr:state": null, "addr:street": null, "addr:subdistrict": null, "addr:suburb": null, "amenity": "school", "architect": null, "barrier": null, "building": null, "building:levels": null, "building:levels:underground": null, "check_date": null, "contact:facebook": null, "contact:instagram": null, "created_by": null, "denomination": null, "education": null, "ele": null, "email": null, "grades": null, "height": null, "image": null, "is_in": null, "level": null, "name": "Corvit Lahore", "name:en": "Corvit Lahore", "name:ur": null, "name_1": null, "office": null, "opening_hours": null, "operator": null, "operator:type": null, "phone": null, "polling_station": null, "religion": null, "roof:colour": null, "school": null, "smoking": null, "source": "OSM (Private/Mixed)", "surface": null, "type": null, "website": null, "wheelchair": null, "wikidata": null, "wikipedia": null, "@geometry": null }, "geometry": { "type": "Point", "coordinates": [ 1007965.743247753707692, 3498986.702235630247742 ] } },
{ "type": "Feature", "properties": { "id": "node/4746664924", "@id": "node/4746664924", "addr:city": null, "addr:country": null, "addr:district": null, "addr:housenumber": null, "addr:neighbourhood": null, "addr:postcode": null, "addr:state": null, "addr:street": null, "addr:subdistrict": null, "addr:suburb": null, "amenity": "school", "architect": null, "barrier": null, "building": null, "building:levels": null, "building:levels:underground": null, "check_date": null, "contact:facebook": null, "contact:instagram": null, "created_by": null, "denomination": null, "education": null, "ele": null, "email": null, "grades": null, "height": null, "image": null, "is_in": null, "level": null, "name": "Corvit Class Rooms", "name:en": "Corvit Class Rooms", "name:ur": null, "name_1": null, "office": null, "opening_hours": null, "operator": null, "operator:type": null, "phone": null, "polling_station": null, "religion": null, "roof:colour": null, "school": null, "smoking": null, "source": "OSM (Private/Mixed)", "surface": null, "type": null, "website": null, "wheelchair": null, "wikidata": null, "wikipedia": null, "@geometry": null }, "geometry": { "type": "Point", "coordinates": [ 1008068.168302583158948, 3499076.917594385799021 ] } },
{ "type": "Feature", "properties": { "id": "way/800693865", "@id": "way/800693865", "addr:city": null, "addr:country": null, "addr:district": null, "addr:housenumber": null, "addr:neighbourhood": null, "addr:postcode": null, "addr:state": null, "addr:street": null, "addr:subdistrict": null, "addr:suburb": null, "amenity": null, "architect": null, "barrier": null, "building": "school", "building:levels": "2", "building:levels:underground": null, "check_date": null, "contact:facebook": null, "contact:instagram": null, "created_by": null, "denomination": null, "education": null, "ele": null, "email": null, "grades": null, "height": null, "image": null, "is_in": null, "level": null, "name": "Deen Schooling System", "name:en": null, "name:ur": null, "name_1": null, "office": null, "opening_hours": null, "operator": null, "operator:type": null, "phone": null, "polling_station": null, "religion": null, "roof:colour": null, "school": null, "smoking": null, "source": "OSM (Private/Mixed)", "surface": null, "type": null, "website": null, "wheelchair": null, "wikidata": null, "wikipedia": null, "@geometry": "center" }, "geometry": { "type": "Point", "coordinates": [ 1008152.810736154671758, 3499251.41298321262002 ] } },
{ "type": "Feature", "properties": { "id": "node/4970685237", "@id": "node/4970685237", "addr:city": "Lahore", "addr:country": "PK", "addr:district": null, "addr:housenumber": null, "addr:neighbourhood": null, "addr:postcode": null, "addr:state": null, "addr:street": null, "addr:subdistrict": null, "addr:suburb": null, "amenity": "school", "architect": null, "barrier": null, "building": null, "building:levels": null, "building:levels:underground": null, "check_date": null, "contact:facebook": null, "contact:instagram": null, "created_by": null, "denomination": null, "education": null, "ele": null, "email": null, "grades": null, "height": null, "image": null, "is_in": null, "level": null, "name": "Deen Schooling System", "name:en": null, "name:ur": null, "name_1": null, "office": null, "opening_hours": null, "operator": null, "operator:type": null, "phone": null, "polling_station": null, "religion": null, "roof:colour": null, "school": null, "smoking": null, "source": "OSM (Private/Mixed)", "surface": null, "type": null, "website": "https://www.deenschooling.com/", "wheelchair": null, "wikidata": null, "wikipedia": null, "@geometry": null }, "geometry": { "type": "Point", "coordinates": [ 1008141.587737859692425, 3499260.348232311662287 ] } },
{ "type": "Feature", "properties": { "id": "node/5252199942", "@id": "node/5252199942", "addr:city": "Lahore", "addr:country": null, "addr:district": null, "addr:housenumber": null, "addr:neighbourhood": null, "addr:postcode": null, "addr:state": null, "addr:street": "Gulberg", "addr:subdistrict": null, "addr:suburb": null, "amenity": "school", "architect": null, "barrier": null, "building": null, "building:levels": null, "building:levels:underground": null, "check_date": null, "contact:facebook": null, "contact:instagram": null, "created_by": null, "denomination": null, "education": null, "ele": null, "email": null, "grades": null, "height": null, "image": null, "is_in": null, "level": null, "name": "St. Marys High School Gulberg", "name:en": null, "name:ur": null, "name_1": null, "office": null, "opening_hours": null, "operator": null, "operator:type": null, "phone": null, "polling_station": null, "religion": null, "roof:colour": null, "school": null, "smoking": null, "source": "OSM (Private/Mixed)", "surface": null, "type": null, "website": null, "wheelchair": null, "wikidata": null, "wikipedia": null, "@geometry": null }, "geometry": { "type": "Point", "coordinates": [ 1008626.131475895410404, 3499619.60642273677513 ] } },
{ "type": "Feature", "properties": { "id": "node/1749454353", "@id": "node/1749454353", "addr:city": null, "addr:country": null, "addr:district": null, "addr:housenumber": null, "addr:neighbourhood": null, "addr:postcode": null, "addr:state": null, "addr:street": null, "addr:subdistrict": null, "addr:suburb": null, "amenity": "school", "architect": null, "barrier": null, "building": null, "building:levels": null, "building:levels:underground": null, "check_date": null, "contact:facebook": null, "contact:instagram": null, "created_by": null, "denomination": null, "education": null, "ele": null, "email": null, "grades": null, "height": null, "image": null, "is_in": null, "level": null, "name": "ESNA FOUNDATION", "name:en": null, "name:ur": null, "name_1": null, "office": null, "opening_hours": null, "operator": null, "operator:type": null, "phone": null, "polling_station": null, "religion": null, "roof:colour": null, "school": null, "smoking": null, "source": "OSM (Private/Mixed)", "surface": null, "type": null, "website": null, "wheelchair": null, "wikidata": null, "wikipedia": null, "@geometry": null }, "geometry": { "type": "Point", "coordinates": [ 1007106.657764080679044, 3499923.147188251838088 ] } },
{ "type": "Feature", "properties": { "id": "node/4262475390", "@id": "node/4262475390", "addr:city": null, "addr:country": null, "addr:district": null, "addr:housenumber": null, "addr:neighbourhood": null, "addr:postcode": null, "addr:state": null, "addr:street": null, "addr:subdistrict": null, "addr:suburb": null, "amenity": "school", "architect": null, "barrier": null, "building": null, "building:levels": null, "building:levels:underground": null, "check_date": null, "contact:facebook": null, "contact:instagram": null, "created_by": null, "denomination": null, "education": null, "ele": null, "email": null, "grades": null, "height": null, "image": null, "is_in": null, "level": null, "name": "Punjab University Centre for undergraduate studies", "name:en": null, "name:ur": null, "name_1": null, "office": null, "opening_hours": null, "operator": null, "operator:type": null, "phone": null, "polling_station": null, "religion": null, "roof:colour": null, "school": null, "smoking": null, "source": "OSM (Private/Mixed)", "surface": null, "type": null, "website": null, "wheelchair": null, "wikidata": null, "wikipedia": null, "@geometry": null }, "geometry": { "type": "Point", "coordinates": [ 1004182.577886027167551, 3497475.362963384017348 ] } },
{ "type": "Feature", "properties": { "id": "node/4958901223", "@id": "node/4958901223", "addr:city": null, "addr:country": null, "addr:district": null, "addr:housenumber": null, "addr:neighbourhood": null, "addr:postcode": null, "addr:state": null, "addr:street": null, "addr:subdistrict": null, "addr:suburb": null, "amenity": "school", "architect": null, "barrier": null, "building": null, "building:levels": null, "building:levels:underground": null, "check_date": null, "contact:facebook": null, "contact:instagram": null, "created_by": null, "denomination": null, "education": null, "ele": null, "email": null, "grades": null, "height": null, "image": null, "is_in": null, "level": null, "name": "skans abu bakar", "name:en": "skans abu bakar", "name:ur": null, "name_1": null, "office": null, "opening_hours": null, "operator": null, "operator:type": null, "phone": null, "polling_station": null, "religion": null, "roof:colour": null, "school": null, "smoking": null, "source": "OSM (Private/Mixed)", "surface": null, "type": null, "website": null, "wheelchair": null, "wikidata": null, "wikipedia": null, "@geometry": null }, "geometry": { "type": "Point", "coordinates": [ 1005830.645779657177627, 3498684.570589332841337 ] } },
{ "type": "Feature", "properties": { "id": "node/5754766122", "@id": "node/5754766122", "addr:city": null, "addr:country": null, "addr:district": null, "addr:housenumber": null, "addr:neighbourhood": null, "addr:postcode": null, "addr:state": null, "addr:street": null, "addr:subdistrict": null, "addr:suburb": null, "amenity": "school", "architect": null, "barrier": null, "building": null, "building:levels": null, "building:levels:underground": null, "check_date": null, "contact:facebook": null, "contact:instagram": null, "created_by": null, "denomination": null, "education": null, "ele": null, "email": null, "grades": null, "height": null, "image": null, "is_in": null, "level": null, "name": "Host", "name:en": "Hostel 9", "name:ur": null, "name_1": null, "office": null, "opening_hours": null, "operator": null, "operator:type": null, "phone": null, "polling_station": null, "religion": null, "roof:colour": null, "school": null, "smoking": null, "source": "OSM (Private/Mixed)", "surface": null, "type": null, "website": null, "wheelchair": null, "wikidata": null, "wikipedia": null, "@geometry": null }, "geometry": { "type": "Point", "coordinates": [ 1005711.080345623195171, 3498704.294473557267338 ] } },
{ "type": "Feature", "properties": { "id": "node/5102292821", "@id": "node/5102292821", "addr:city": null, "addr:country": null, "addr:district": null, "addr:housenumber": null, "addr:neighbourhood": null, "addr:postcode": null, "addr:state": null, "addr:street": null, "addr:subdistrict": null, "addr:suburb": null, "amenity": "school", "architect": null, "barrier": null, "building": null, "building:levels": null, "building:levels:underground": null, "check_date": null, "contact:facebook": null, "contact:instagram": null, "created_by": null, "denomination": null, "education": null, "ele": null, "email": null, "grades": null, "height": null, "image": null, "is_in": null, "level": null, "name": "Knowledge School", "name:en": null, "name:ur": null, "name_1": null, "office": null, "opening_hours": null, "operator": null, "operator:type": null, "phone": null, "polling_station": null, "religion": null, "roof:colour": null, "school": null, "smoking": null, "source": "OSM (Private/Mixed)", "surface": null, "type": null, "website": null, "wheelchair": null, "wikidata": null, "wikipedia": null, "@geometry": null }, "geometry": { "type": "Point", "coordinates": [ 1004923.688911846838892, 3499557.396799760404974 ] } },
{ "type": "Feature", "properties": { "id": "node/4295714815", "@id": "node/4295714815", "addr:city": null, "addr:country": null, "addr:district": null, "addr:housenumber": null, "addr:neighbourhood": null, "addr:postcode": null, "addr:state": null, "addr:street": "Rehmanpura", "addr:subdistrict": null, "addr:suburb": null, "amenity": "school", "architect": null, "barrier": null, "building": null, "building:levels": null, "building:levels:underground": null, "check_date": null, "contact:facebook": null, "contact:instagram": null, "created_by": null, "denomination": null, "education": null, "ele": null, "email": null, "grades": null, "height": null, "image": null, "is_in": null, "level": null, "name": "Ali Public School", "name:en": null, "name:ur": null, "name_1": null, "office": null, "opening_hours": null, "operator": null, "operator:type": null, "phone": null, "polling_station": null, "religion": null, "roof:colour": null, "school": null, "smoking": null, "source": "OSM (Private/Mixed)", "surface": null, "type": null, "website": null, "wheelchair": null, "wikidata": null, "wikipedia": null, "@geometry": null }, "geometry": { "type": "Point", "coordinates": [ 1005179.01746516674757, 3499883.147092354018241 ] } },
{ "type": "Feature", "properties": { "id": "node/4295714816", "@id": "node/4295714816", "addr:city": null, "addr:country": null, "addr:district": null, "addr:housenumber": null, "addr:neighbourhood": null, "addr:postcode": null, "addr:state": null, "addr:street": "Rehmanpura", "addr:subdistrict": null, "addr:suburb": null, "amenity": "school", "architect": null, "barrier": null, "building": null, "building:levels": null, "building:levels:underground": null, "check_date": null, "contact:facebook": null, "contact:instagram": null, "created_by": null, "denomination": null, "education": null, "ele": null, "email": null, "grades": null, "height": null, "image": null, "is_in": null, "level": null, "name": "Allied School - ZN Campus", "name:en": null, "name:ur": null, "name_1": null, "office": null, "opening_hours": null, "operator": null, "operator:type": null, "phone": null, "polling_station": null, "religion": null, "roof:colour": null, "school": null, "smoking": null, "source": "OSM (Private/Mixed)", "surface": null, "type": null, "website": null, "wheelchair": null, "wikidata": null, "wikipedia": null, "@geometry": null }, "geometry": { "type": "Point", "coordinates": [ 1005238.216455911519006, 3499954.765248605050147 ] } },
{ "type": "Feature", "properties": { "id": "way/1344893483", "@id": "way/1344893483", "addr:city": null, "addr:country": null, "addr:district": null, "addr:housenumber": null, "addr:neighbourhood": null, "addr:postcode": null, "addr:state": null, "addr:street": null, "addr:subdistrict": null, "addr:suburb": null, "amenity": "school", "architect": null, "barrier": null, "building": null, "building:levels": null, "building:levels:underground": null, "check_date": null, "contact:facebook": null, "contact:instagram": null, "created_by": null, "denomination": null, "education": null, "ele": null, "email": null, "grades": null, "height": null, "image": null, "is_in": null, "level": null, "name": "Primary School", "name:en": null, "name:ur": null, "name_1": null, "office": null, "opening_hours": null, "operator": null, "operator:type": null, "phone": null, "polling_station": null, "religion": null, "roof:colour": null, "school": null, "smoking": null, "source": "OSM (Private/Mixed)", "surface": null, "type": null, "website": null, "wheelchair": null, "wikidata": null, "wikipedia": null, "@geometry": "center" }, "geometry": { "type": "Point", "coordinates": [ 1006342.387726626126096, 3501198.660255981609225 ] } },
{ "type": "Feature", "properties": { "id": "way/316882765", "@id": "way/316882765", "addr:city": null, "addr:country": null, "addr:district": null, "addr:housenumber": null, "addr:neighbourhood": null, "addr:postcode": null, "addr:state": null, "addr:street": null, "addr:subdistrict": null, "addr:suburb": null, "amenity": "school", "architect": null, "barrier": null, "building": null, "building:levels": null, "building:levels:underground": null, "check_date": null, "contact:facebook": null, "contact:instagram": null, "created_by": null, "denomination": null, "education": null, "ele": null, "email": null, "grades": null, "height": null, "image": null, "is_in": null, "level": null, "name": "Crescent Model Higher Secondary School (Boys Campus)1", "name:en": null, "name:ur": null, "name_1": null, "office": null, "opening_hours": null, "operator": null, "operator:type": null, "phone": null, "polling_station": null, "religion": null, "roof:colour": null, "school": null, "smoking": null, "source": "OSM (Private/Mixed)", "surface": null, "type": null, "website": null, "wheelchair": null, "wikidata": null, "wikipedia": null, "@geometry": "center" }, "geometry": { "type": "Point", "coordinates": [ 1005626.820474966429174, 3501743.756006749812514 ] } },
{ "type": "Feature", "properties": { "id": "node/4584255190", "@id": "node/4584255190", "addr:city": null, "addr:country": null, "addr:district": null, "addr:housenumber": null, "addr:neighbourhood": null, "addr:postcode": null, "addr:state": null, "addr:street": null, "addr:subdistrict": null, "addr:suburb": null, "amenity": "school", "architect": null, "barrier": null, "building": null, "building:levels": null, "building:levels:underground": null, "check_date": null, "contact:facebook": null, "contact:instagram": null, "created_by": null, "denomination": null, "education": null, "ele": null, "email": null, "grades": null, "height": null, "image": null, "is_in": null, "level": null, "name": "Apwa School", "name:en": "Apwa School", "name:ur": null, "name_1": null, "office": null, "opening_hours": null, "operator": null, "operator:type": null, "phone": null, "polling_station": null, "religion": null, "roof:colour": null, "school": null, "smoking": null, "source": "OSM (Private/Mixed)", "surface": null, "type": null, "website": null, "wheelchair": null, "wikidata": null, "wikipedia": null, "@geometry": null }, "geometry": { "type": "Point", "coordinates": [ 1005371.345675179967657, 3502738.893811431713402 ] } },
{ "type": "Feature", "properties": { "id": "way/1078951945", "@id": "way/1078951945", "addr:city": null, "addr:country": null, "addr:district": null, "addr:housenumber": null, "addr:neighbourhood": null, "addr:postcode": null, "addr:state": null, "addr:street": null, "addr:subdistrict": null, "addr:suburb": null, "amenity": "school", "architect": null, "barrier": null, "building": null, "building:levels": null, "building:levels:underground": null, "check_date": null, "contact:facebook": null, "contact:instagram": null, "created_by": null, "denomination": null, "education": null, "ele": null, "email": null, "grades": null, "height": null, "image": null, "is_in": null, "level": null, "name": "Adabistan-e-Soophia High School", "name:en": null, "name:ur": null, "name_1": null, "office": null, "opening_hours": null, "operator": null, "operator:type": null, "phone": null, "polling_station": null, "religion": null, "roof:colour": null, "school": null, "smoking": null, "source": "OSM (Private/Mixed)", "surface": null, "type": null, "website": null, "wheelchair": null, "wikidata": null, "wikipedia": null, "@geometry": "center" }, "geometry": { "type": "Point", "coordinates": [ 1004641.410927259596065, 3502802.206168428063393 ] } },
{ "type": "Feature", "properties": { "id": "way/761933005", "@id": "way/761933005", "addr:city": null, "addr:country": null, "addr:district": null, "addr:housenumber": null, "addr:neighbourhood": null, "addr:postcode": null, "addr:state": null, "addr:street": null, "addr:subdistrict": null, "addr:suburb": null, "amenity": "school", "architect": null, "barrier": null, "building": null, "building:levels": null, "building:levels:underground": null, "check_date": null, "contact:facebook": null, "contact:instagram": null, "created_by": null, "denomination": null, "education": null, "ele": null, "email": null, "grades": null, "height": null, "image": null, "is_in": null, "level": null, "name": "Garrison Junior School", "name:en": null, "name:ur": null, "name_1": null, "office": null, "opening_hours": null, "operator": null, "operator:type": null, "phone": null, "polling_station": null, "religion": null, "roof:colour": null, "school": null, "smoking": null, "source": "OSM (Private/Mixed)", "surface": null, "type": null, "website": null, "wheelchair": null, "wikidata": null, "wikipedia": null, "@geometry": "center" }, "geometry": { "type": "Point", "coordinates": [ 1010906.629970555426553, 3500135.228907703887671 ] } },
{ "type": "Feature", "properties": { "id": "way/761933006", "@id": "way/761933006", "addr:city": null, "addr:country": null, "addr:district": null, "addr:housenumber": null, "addr:neighbourhood": null, "addr:postcode": null, "addr:state": null, "addr:street": null, "addr:subdistrict": null, "addr:suburb": null, "amenity": "school", "architect": null, "barrier": null, "building": null, "building:levels": null, "building:levels:underground": null, "check_date": null, "contact:facebook": null, "contact:instagram": null, "created_by": null, "denomination": null, "education": null, "ele": null, "email": null, "grades": null, "height": null, "image": null, "is_in": null, "level": null, "name": "Garrison Boys High School", "name:en": null, "name:ur": null, "name_1": null, "office": null, "opening_hours": null, "operator": null, "operator:type": null, "phone": null, "polling_station": null, "religion": null, "roof:colour": null, "school": null, "smoking": null, "source": "OSM (Private/Mixed)", "surface": null, "type": null, "website": null, "wheelchair": null, "wikidata": null, "wikipedia": null, "@geometry": "center" }, "geometry": { "type": "Point", "coordinates": [ 1011168.28803074429743, 3500282.348268734756857 ] } },
{ "type": "Feature", "properties": { "id": "way/686849686", "@id": "way/686849686", "addr:city": null, "addr:country": null, "addr:district": null, "addr:housenumber": null, "addr:neighbourhood": null, "addr:postcode": null, "addr:state": null, "addr:street": null, "addr:subdistrict": null, "addr:suburb": null, "amenity": null, "architect": null, "barrier": null, "building": "school", "building:levels": null, "building:levels:underground": null, "check_date": null, "contact:facebook": null, "contact:instagram": null, "created_by": null, "denomination": null, "education": null, "ele": null, "email": null, "grades": null, "height": null, "image": null, "is_in": null, "level": null, "name": "Garrison Boys High School", "name:en": null, "name:ur": null, "name_1": null, "office": null, "opening_hours": null, "operator": null, "operator:type": null, "phone": null, "polling_station": null, "religion": null, "roof:colour": null, "school": null, "smoking": null, "source": "OSM (Private/Mixed)", "surface": null, "type": null, "website": null, "wheelchair": null, "wikidata": null, "wikipedia": null, "@geometry": "center" }, "geometry": { "type": "Point", "coordinates": [ 1011184.443415271816775, 3500343.705485230311751 ] } },
{ "type": "Feature", "properties": { "id": "way/761933007", "@id": "way/761933007", "addr:city": null, "addr:country": null, "addr:district": null, "addr:housenumber": null, "addr:neighbourhood": null, "addr:postcode": null, "addr:state": null, "addr:street": null, "addr:subdistrict": null, "addr:suburb": null, "amenity": "school", "architect": null, "barrier": null, "building": null, "building:levels": null, "building:levels:underground": null, "check_date": null, "contact:facebook": null, "contact:instagram": null, "created_by": null, "denomination": null, "education": null, "ele": null, "email": null, "grades": null, "height": null, "image": null, "is_in": null, "level": null, "name": "سینٹ جوزف اسکول", "name:en": "Saint Joseph's School", "name:ur": "سینٹ جوزف اسکول", "name_1": null, "office": null, "opening_hours": null, "operator": null, "operator:type": null, "phone": null, "polling_station": null, "religion": null, "roof:colour": null, "school": null, "smoking": null, "source": "OSM (Private/Mixed)", "surface": null, "type": null, "website": null, "wheelchair": null, "wikidata": null, "wikipedia": null, "@geometry": "center" }, "geometry": { "type": "Point", "coordinates": [ 1011393.785748168360442, 3501145.129427210893482 ] } },
{ "type": "Feature", "properties": { "id": "way/761933008", "@id": "way/761933008", "addr:city": null, "addr:country": null, "addr:district": null, "addr:housenumber": null, "addr:neighbourhood": null, "addr:postcode": null, "addr:state": null, "addr:street": null, "addr:subdistrict": null, "addr:suburb": null, "amenity": "school", "architect": null, "barrier": null, "building": null, "building:levels": null, "building:levels:underground": null, "check_date": null, "contact:facebook": null, "contact:instagram": null, "created_by": null, "denomination": null, "education": null, "ele": null, "email": null, "grades": null, "height": null, "image": null, "is_in": null, "level": null, "name": "Azam Garrison School and College", "name:en": null, "name:ur": null, "name_1": null, "office": null, "opening_hours": null, "operator": null, "operator:type": null, "phone": null, "polling_station": null, "religion": null, "roof:colour": null, "school": null, "smoking": null, "source": "OSM (Private/Mixed)", "surface": null, "type": null, "website": null, "wheelchair": null, "wikidata": null, "wikipedia": null, "@geometry": "center" }, "geometry": { "type": "Point", "coordinates": [ 1011197.731100260047242, 3501418.94025710131973 ] } },
{ "type": "Feature", "properties": { "id": "way/761933009", "@id": "way/761933009", "addr:city": null, "addr:country": null, "addr:district": null, "addr:housenumber": null, "addr:neighbourhood": null, "addr:postcode": null, "addr:state": null, "addr:street": null, "addr:subdistrict": null, "addr:suburb": null, "amenity": "school", "architect": null, "barrier": null, "building": null, "building:levels": null, "building:levels:underground": null, "check_date": null, "contact:facebook": null, "contact:instagram": null, "created_by": null, "denomination": null, "education": null, "ele": null, "email": null, "grades": null, "height": null, "image": null, "is_in": null, "level": null, "name": "Army Public High School", "name:en": null, "name:ur": null, "name_1": null, "office": null, "opening_hours": null, "operator": null, "operator:type": null, "phone": null, "polling_station": null, "religion": null, "roof:colour": null, "school": null, "smoking": null, "source": "OSM (Private/Mixed)", "surface": null, "type": null, "website": null, "wheelchair": null, "wikidata": null, "wikipedia": null, "@geometry": "center" }, "geometry": { "type": "Point", "coordinates": [ 1011157.217528315028176, 3501651.932691885624081 ] } },
{ "type": "Feature", "properties": { "id": "node/4262478889", "@id": "node/4262478889", "addr:city": null, "addr:country": null, "addr:district": null, "addr:housenumber": null, "addr:neighbourhood": null, "addr:postcode": null, "addr:state": null, "addr:street": null, "addr:subdistrict": null, "addr:suburb": null, "amenity": "school", "architect": null, "barrier": null, "building": null, "building:levels": null, "building:levels:underground": null, "check_date": null, "contact:facebook": null, "contact:instagram": null, "created_by": null, "denomination": null, "education": null, "ele": null, "email": null, "grades": null, "height": null, "image": null, "is_in": null, "level": null, "name": "CMH Lahore Medical College", "name:en": null, "name:ur": null, "name_1": null, "office": null, "opening_hours": null, "operator": null, "operator:type": null, "phone": null, "polling_station": null, "religion": null, "roof:colour": null, "school": null, "smoking": null, "source": "OSM (Private/Mixed)", "surface": null, "type": null, "website": null, "wheelchair": null, "wikidata": null, "wikipedia": null, "@geometry": null }, "geometry": { "type": "Point", "coordinates": [ 1010161.117046949686483, 3501830.317507043015212 ] } },
{ "type": "Feature", "properties": { "id": "way/761929363", "@id": "way/761929363", "addr:city": null, "addr:country": null, "addr:district": null, "addr:housenumber": null, "addr:neighbourhood": null, "addr:postcode": null, "addr:state": null, "addr:street": null, "addr:subdistrict": null, "addr:suburb": null, "amenity": "school", "architect": null, "barrier": null, "building": null, "building:levels": null, "building:levels:underground": null, "check_date": null, "contact:facebook": null, "contact:instagram": null, "created_by": null, "denomination": null, "education": null, "ele": null, "email": null, "grades": null, "height": null, "image": null, "is_in": null, "level": null, "name": "Garrison Academy for Girls", "name:en": null, "name:ur": null, "name_1": null, "office": null, "opening_hours": null, "operator": null, "operator:type": null, "phone": null, "polling_station": null, "religion": null, "roof:colour": null, "school": null, "smoking": null, "source": "OSM (Private/Mixed)", "surface": null, "type": null, "website": null, "wheelchair": null, "wikidata": null, "wikipedia": null, "@geometry": "center" }, "geometry": { "type": "Point", "coordinates": [ 1011191.679218538105488, 3502097.880556332413107 ] } },
{ "type": "Feature", "properties": { "id": "way/761929356", "@id": "way/761929356", "addr:city": null, "addr:country": null, "addr:district": null, "addr:housenumber": null, "addr:neighbourhood": null, "addr:postcode": null, "addr:state": null, "addr:street": null, "addr:subdistrict": null, "addr:suburb": null, "amenity": "school", "architect": null, "barrier": null, "building": null, "building:levels": null, "building:levels:underground": null, "check_date": null, "contact:facebook": null, "contact:instagram": null, "created_by": null, "denomination": null, "education": null, "ele": null, "email": null, "grades": null, "height": null, "image": null, "is_in": null, "level": null, "name": "Govt. Islamia Girls College", "name:en": null, "name:ur": null, "name_1": null, "office": null, "opening_hours": null, "operator": null, "operator:type": null, "phone": null, "polling_station": null, "religion": null, "roof:colour": null, "school": null, "smoking": null, "source": "OSM (Private/Mixed)", "surface": null, "type": null, "website": null, "wheelchair": null, "wikidata": null, "wikipedia": null, "@geometry": "center" }, "geometry": { "type": "Point", "coordinates": [ 1010903.859273923095316, 3502294.218787568155676 ] } },
{ "type": "Feature", "properties": { "id": "way/761930872", "@id": "way/761930872", "addr:city": null, "addr:country": null, "addr:district": null, "addr:housenumber": null, "addr:neighbourhood": null, "addr:postcode": null, "addr:state": null, "addr:street": null, "addr:subdistrict": null, "addr:suburb": null, "amenity": "school", "architect": null, "barrier": null, "building": null, "building:levels": null, "building:levels:underground": null, "check_date": null, "contact:facebook": null, "contact:instagram": null, "created_by": null, "denomination": null, "education": null, "ele": null, "email": null, "grades": null, "height": null, "image": null, "is_in": null, "level": null, "name": "F.G. Model High School for Girls", "name:en": null, "name:ur": null, "name_1": null, "office": null, "opening_hours": null, "operator": null, "operator:type": null, "phone": null, "polling_station": null, "religion": null, "roof:colour": null, "school": null, "smoking": null, "source": "OSM (Private/Mixed)", "surface": null, "type": null, "website": null, "wheelchair": null, "wikidata": null, "wikipedia": null, "@geometry": "center" }, "geometry": { "type": "Point", "coordinates": [ 1010693.929249910172075, 3502295.870297033339739 ] } },
{ "type": "Feature", "properties": { "id": "way/905331002", "@id": "way/905331002", "addr:city": null, "addr:country": null, "addr:district": null, "addr:housenumber": null, "addr:neighbourhood": null, "addr:postcode": null, "addr:state": null, "addr:street": null, "addr:subdistrict": null, "addr:suburb": null, "amenity": "school", "architect": null, "barrier": null, "building": null, "building:levels": null, "building:levels:underground": null, "check_date": null, "contact:facebook": null, "contact:instagram": null, "created_by": null, "denomination": null, "education": null, "ele": null, "email": null, "grades": null, "height": null, "image": null, "is_in": null, "level": null, "name": "Govt High School for Boys Gulberg 2", "name:en": null, "name:ur": null, "name_1": null, "office": null, "opening_hours": null, "operator": null, "operator:type": null, "phone": null, "polling_station": null, "religion": null, "roof:colour": null, "school": null, "smoking": null, "source": "OSM (Private/Mixed)", "surface": null, "type": null, "website": null, "wheelchair": null, "wikidata": null, "wikipedia": null, "@geometry": "center" }, "geometry": { "type": "Point", "coordinates": [ 1007793.719584996346384, 3500414.993566176854074 ] } },
{ "type": "Feature", "properties": { "id": "way/905264808", "@id": "way/905264808", "addr:city": null, "addr:country": null, "addr:district": null, "addr:housenumber": null, "addr:neighbourhood": null, "addr:postcode": null, "addr:state": null, "addr:street": null, "addr:subdistrict": null, "addr:suburb": null, "amenity": "school", "architect": null, "barrier": null, "building": null, "building:levels": null, "building:levels:underground": null, "check_date": null, "contact:facebook": null, "contact:instagram": null, "created_by": null, "denomination": null, "education": null, "ele": null, "email": null, "grades": null, "height": null, "image": null, "is_in": null, "level": null, "name": "Quran Complex And Seerat Academy", "name:en": null, "name:ur": null, "name_1": null, "office": null, "opening_hours": null, "operator": null, "operator:type": null, "phone": null, "polling_station": null, "religion": null, "roof:colour": null, "school": null, "smoking": null, "source": "OSM (Private/Mixed)", "surface": null, "type": null, "website": null, "wheelchair": null, "wikidata": null, "wikipedia": null, "@geometry": "center" }, "geometry": { "type": "Point", "coordinates": [ 1008936.34886537771672, 3502403.507114606443793 ] } },
{ "type": "Feature", "properties": { "id": "way/905256559", "@id": "way/905256559", "addr:city": null, "addr:country": null, "addr:district": null, "addr:housenumber": null, "addr:neighbourhood": null, "addr:postcode": null, "addr:state": null, "addr:street": null, "addr:subdistrict": null, "addr:suburb": null, "amenity": "school", "architect": null, "barrier": null, "building": null, "building:levels": null, "building:levels:underground": null, "check_date": null, "contact:facebook": null, "contact:instagram": null, "created_by": null, "denomination": null, "education": null, "ele": null, "email": null, "grades": null, "height": null, "image": null, "is_in": null, "level": null, "name": "لاہور امریکن اسکول", "name:en": "Lahore American School", "name:ur": "لاہور امریکن اسکول", "name_1": null, "office": null, "opening_hours": null, "operator": null, "operator:type": null, "phone": null, "polling_station": null, "religion": null, "roof:colour": null, "school": null, "smoking": null, "source": "OSM (Private/Mixed)", "surface": null, "type": null, "website": null, "wheelchair": null, "wikidata": null, "wikipedia": null, "@geometry": "center" }, "geometry": { "type": "Point", "coordinates": [ 1008472.673237688140944, 3502644.319583171978593 ] } },
{ "type": "Feature", "properties": { "id": "node/7244237485", "@id": "node/7244237485", "addr:city": null, "addr:country": null, "addr:district": null, "addr:housenumber": null, "addr:neighbourhood": null, "addr:postcode": null, "addr:state": null, "addr:street": "32, Sundardas Road, Off Davis Rd", "addr:subdistrict": null, "addr:suburb": null, "amenity": "school", "architect": null, "barrier": null, "building": null, "building:levels": null, "building:levels:underground": null, "check_date": null, "contact:facebook": null, "contact:instagram": null, "created_by": null, "denomination": null, "education": null, "ele": null, "email": null, "grades": null, "height": null, "image": null, "is_in": null, "level": null, "name": "NCBMS", "name:en": null, "name:ur": null, "name_1": null, "office": null, "opening_hours": null, "operator": null, "operator:type": null, "phone": null, "polling_station": null, "religion": null, "roof:colour": null, "school": null, "smoking": null, "source": "OSM (Private/Mixed)", "surface": null, "type": null, "website": null, "wheelchair": null, "wikidata": null, "wikipedia": null, "@geometry": null }, "geometry": { "type": "Point", "coordinates": [ 1007282.306493463926017, 3503561.664686678443104 ] } },
{ "type": "Feature", "properties": { "id": "way/761924729", "@id": "way/761924729", "addr:city": null, "addr:country": null, "addr:district": null, "addr:housenumber": null, "addr:neighbourhood": null, "addr:postcode": null, "addr:state": null, "addr:street": null, "addr:subdistrict": null, "addr:suburb": null, "amenity": "school", "architect": null, "barrier": null, "building": null, "building:levels": null, "building:levels:underground": null, "check_date": null, "contact:facebook": null, "contact:instagram": null, "created_by": null, "denomination": null, "education": null, "ele": null, "email": null, "grades": null, "height": null, "image": null, "is_in": null, "level": null, "name": "Government Urdu Medium School - Garhi Shahu", "name:en": null, "name:ur": null, "name_1": null, "office": null, "opening_hours": null, "operator": null, "operator:type": null, "phone": null, "polling_station": null, "religion": null, "roof:colour": null, "school": null, "smoking": null, "source": "OSM (Private/Mixed)", "surface": null, "type": null, "website": null, "wheelchair": null, "wikidata": null, "wikipedia": null, "@geometry": "center" }, "geometry": { "type": "Point", "coordinates": [ 1008605.394983998732641, 3503692.113712339196354 ] } },
{ "type": "Feature", "properties": { "id": "way/761924728", "@id": "way/761924728", "addr:city": null, "addr:country": null, "addr:district": null, "addr:housenumber": null, "addr:neighbourhood": null, "addr:postcode": null, "addr:state": null, "addr:street": null, "addr:subdistrict": null, "addr:suburb": null, "amenity": "school", "architect": null, "barrier": null, "building": null, "building:levels": null, "building:levels:underground": null, "check_date": null, "contact:facebook": null, "contact:instagram": null, "created_by": null, "denomination": null, "education": null, "ele": null, "email": null, "grades": null, "height": null, "image": null, "is_in": null, "level": null, "name": "Sardar High School", "name:en": null, "name:ur": null, "name_1": null, "office": null, "opening_hours": null, "operator": null, "operator:type": null, "phone": null, "polling_station": null, "religion": null, "roof:colour": null, "school": null, "smoking": null, "source": "OSM (Private/Mixed)", "surface": null, "type": null, "website": null, "wheelchair": null, "wikidata": null, "wikipedia": null, "@geometry": "center" }, "geometry": { "type": "Point", "coordinates": [ 1008452.771816404885612, 3503712.680304989218712 ] } },
{ "type": "Feature", "properties": { "id": "way/620962155", "@id": "way/620962155", "addr:city": null, "addr:country": null, "addr:district": null, "addr:housenumber": null, "addr:neighbourhood": null, "addr:postcode": null, "addr:state": null, "addr:street": null, "addr:subdistrict": null, "addr:suburb": null, "amenity": "school", "architect": null, "barrier": null, "building": null, "building:levels": null, "building:levels:underground": null, "check_date": null, "contact:facebook": null, "contact:instagram": null, "created_by": null, "denomination": null, "education": null, "ele": null, "email": null, "grades": null, "height": null, "image": null, "is_in": null, "level": null, "name": "Convent of Jesus and Mary", "name:en": null, "name:ur": null, "name_1": null, "office": null, "opening_hours": null, "operator": null, "operator:type": null, "phone": null, "polling_station": null, "religion": null, "roof:colour": null, "school": null, "smoking": null, "source": "OSM (Private/Mixed)", "surface": null, "type": null, "website": null, "wheelchair": null, "wikidata": null, "wikipedia": null, "@geometry": "center" }, "geometry": { "type": "Point", "coordinates": [ 1007170.461609541671351, 3504158.075895005837083 ] } },
{ "type": "Feature", "properties": { "id": "node/5273669395", "@id": "node/5273669395", "addr:city": "Lahore", "addr:country": null, "addr:district": null, "addr:housenumber": null, "addr:neighbourhood": null, "addr:postcode": null, "addr:state": null, "addr:street": "Durand Road", "addr:subdistrict": null, "addr:suburb": null, "amenity": "school", "architect": null, "barrier": null, "building": null, "building:levels": null, "building:levels:underground": null, "check_date": null, "contact:facebook": null, "contact:instagram": null, "created_by": null, "denomination": null, "education": null, "ele": null, "email": null, "grades": null, "height": null, "image": null, "is_in": null, "level": null, "name": "Convent of Jesus and Mary", "name:en": null, "name:ur": null, "name_1": null, "office": null, "opening_hours": null, "operator": null, "operator:type": null, "phone": null, "polling_station": null, "religion": null, "roof:colour": null, "school": null, "smoking": null, "source": "OSM (Private/Mixed)", "surface": null, "type": null, "website": null, "wheelchair": null, "wikidata": null, "wikipedia": null, "@geometry": null }, "geometry": { "type": "Point", "coordinates": [ 1007116.516769943176769, 3504203.949609013274312 ] } },
{ "type": "Feature", "properties": { "id": "node/4893314021", "@id": "node/4893314021", "addr:city": null, "addr:country": null, "addr:district": null, "addr:housenumber": null, "addr:neighbourhood": null, "addr:postcode": null, "addr:state": null, "addr:street": "Durand Road", "addr:subdistrict": null, "addr:suburb": null, "amenity": "school", "architect": null, "barrier": null, "building": null, "building:levels": null, "building:levels:underground": null, "check_date": null, "contact:facebook": null, "contact:instagram": null, "created_by": null, "denomination": null, "education": null, "ele": null, "email": null, "grades": null, "height": null, "image": null, "is_in": null, "level": null, "name": null, "name:en": "Convent of Jesus and Mary", "name:ur": null, "name_1": null, "office": null, "opening_hours": null, "operator": null, "operator:type": null, "phone": null, "polling_station": null, "religion": null, "roof:colour": null, "school": null, "smoking": null, "source": "OSM (Private/Mixed)", "surface": null, "type": null, "website": null, "wheelchair": null, "wikidata": null, "wikipedia": null, "@geometry": null }, "geometry": { "type": "Point", "coordinates": [ 1007110.293876436306164, 3504221.845914172474295 ] } },
{ "type": "Feature", "properties": { "id": "way/618368053", "@id": "way/618368053", "addr:city": null, "addr:country": null, "addr:district": null, "addr:housenumber": null, "addr:neighbourhood": null, "addr:postcode": null, "addr:state": null, "addr:street": null, "addr:subdistrict": null, "addr:suburb": null, "amenity": "school", "architect": null, "barrier": null, "building": null, "building:levels": null, "building:levels:underground": null, "check_date": null, "contact:facebook": null, "contact:instagram": null, "created_by": null, "denomination": null, "education": null, "ele": null, "email": null, "grades": null, "height": null, "image": null, "is_in": null, "level": null, "name": "Mian Iqbal Hussain High School", "name:en": null, "name:ur": "میاں اقبال حسین ہائی اسکول", "name_1": null, "office": null, "opening_hours": null, "operator": null, "operator:type": null, "phone": null, "polling_station": null, "religion": null, "roof:colour": null, "school": null, "smoking": null, "source": "OSM (Private/Mixed)", "surface": null, "type": null, "website": null, "wheelchair": null, "wikidata": null, "wikipedia": null, "@geometry": "center" }, "geometry": { "type": "Point", "coordinates": [ 1008017.912721783271991, 3504274.963537441566586 ] } },
{ "type": "Feature", "properties": { "id": "way/761930873", "@id": "way/761930873", "addr:city": null, "addr:country": null, "addr:district": null, "addr:housenumber": null, "addr:neighbourhood": null, "addr:postcode": null, "addr:state": null, "addr:street": null, "addr:subdistrict": null, "addr:suburb": null, "amenity": "school", "architect": null, "barrier": null, "building": null, "building:levels": null, "building:levels:underground": null, "check_date": null, "contact:facebook": null, "contact:instagram": null, "created_by": null, "denomination": null, "education": null, "ele": null, "email": null, "grades": null, "height": null, "image": null, "is_in": null, "level": null, "name": "Cantonment School for Boys", "name:en": null, "name:ur": null, "name_1": null, "office": null, "opening_hours": null, "operator": null, "operator:type": null, "phone": null, "polling_station": null, "religion": null, "roof:colour": null, "school": null, "smoking": null, "source": "OSM (Private/Mixed)", "surface": null, "type": null, "website": null, "wheelchair": null, "wikidata": null, "wikipedia": null, "@geometry": "center" }, "geometry": { "type": "Point", "coordinates": [ 1010694.651360497460701, 3502403.970037018880248 ] } },
{ "type": "Feature", "properties": { "id": "way/690185500", "@id": "way/690185500", "addr:city": null, "addr:country": null, "addr:district": null, "addr:housenumber": null, "addr:neighbourhood": null, "addr:postcode": null, "addr:state": null, "addr:street": null, "addr:subdistrict": null, "addr:suburb": null, "amenity": "school", "architect": null, "barrier": null, "building": null, "building:levels": null, "building:levels:underground": null, "check_date": null, "contact:facebook": null, "contact:instagram": null, "created_by": null, "denomination": null, "education": null, "ele": null, "email": null, "grades": null, "height": null, "image": null, "is_in": null, "level": null, "name": "Muslim Model High School", "name:en": null, "name:ur": null, "name_1": null, "office": null, "opening_hours": null, "operator": null, "operator:type": null, "phone": null, "polling_station": null, "religion": null, "roof:colour": null, "school": null, "smoking": null, "source": "OSM (Private/Mixed)", "surface": null, "type": null, "website": null, "wheelchair": null, "wikidata": null, "wikipedia": null, "@geometry": "center" }, "geometry": { "type": "Point", "coordinates": [ 1010656.844874106813222, 3502520.036200546659529 ] } },
{ "type": "Feature", "properties": { "id": "way/904662421", "@id": "way/904662421", "addr:city": null, "addr:country": null, "addr:district": null, "addr:housenumber": null, "addr:neighbourhood": null, "addr:postcode": null, "addr:state": null, "addr:street": null, "addr:subdistrict": null, "addr:suburb": null, "amenity": "school", "architect": null, "barrier": null, "building": null, "building:levels": null, "building:levels:underground": null, "check_date": null, "contact:facebook": null, "contact:instagram": null, "created_by": null, "denomination": null, "education": null, "ele": null, "email": null, "grades": null, "height": null, "image": null, "is_in": null, "level": null, "name": " تنویر اسلامیہ گرلز ہائی سکول", "name:en": null, "name:ur": null, "name_1": null, "office": null, "opening_hours": null, "operator": null, "operator:type": null, "phone": null, "polling_station": null, "religion": null, "roof:colour": null, "school": null, "smoking": null, "source": "OSM (Private/Mixed)", "surface": null, "type": null, "website": null, "wheelchair": null, "wikidata": null, "wikipedia": null, "@geometry": "center" }, "geometry": { "type": "Point", "coordinates": [ 1009288.20351140468847, 3502673.360124837607145 ] } },
{ "type": "Feature", "properties": { "id": "way/761930875", "@id": "way/761930875", "addr:city": null, "addr:country": null, "addr:district": null, "addr:housenumber": null, "addr:neighbourhood": null, "addr:postcode": null, "addr:state": null, "addr:street": null, "addr:subdistrict": null, "addr:suburb": null, "amenity": "school", "architect": null, "barrier": null, "building": null, "building:levels": null, "building:levels:underground": null, "check_date": null, "contact:facebook": null, "contact:instagram": null, "created_by": null, "denomination": null, "education": null, "ele": null, "email": null, "grades": null, "height": null, "image": null, "is_in": null, "level": null, "name": "Islamia High School for Girls Lahore Cantt", "name:en": null, "name:ur": null, "name_1": null, "office": null, "opening_hours": null, "operator": null, "operator:type": null, "phone": null, "polling_station": null, "religion": null, "roof:colour": null, "school": null, "smoking": null, "source": "OSM (Private/Mixed)", "surface": null, "type": null, "website": null, "wheelchair": null, "wikidata": null, "wikipedia": null, "@geometry": "center" }, "geometry": { "type": "Point", "coordinates": [ 1010856.716323208878748, 3502730.233321665320545 ] } },
{ "type": "Feature", "properties": { "id": "way/761929362", "@id": "way/761929362", "addr:city": null, "addr:country": null, "addr:district": null, "addr:housenumber": null, "addr:neighbourhood": null, "addr:postcode": null, "addr:state": null, "addr:street": null, "addr:subdistrict": null, "addr:suburb": null, "amenity": "school", "architect": null, "barrier": null, "building": null, "building:levels": null, "building:levels:underground": null, "check_date": null, "contact:facebook": null, "contact:instagram": null, "created_by": null, "denomination": null, "education": null, "ele": null, "email": null, "grades": null, "height": null, "image": null, "is_in": null, "level": null, "name": "Govt.Islamia High School", "name:en": null, "name:ur": null, "name_1": null, "office": null, "opening_hours": null, "operator": null, "operator:type": null, "phone": null, "polling_station": null, "religion": null, "roof:colour": null, "school": null, "smoking": null, "source": "OSM (Private/Mixed)", "surface": null, "type": null, "website": null, "wheelchair": null, "wikidata": null, "wikipedia": null, "@geometry": "center" }, "geometry": { "type": "Point", "coordinates": [ 1011036.779684664914384, 3502752.931533627212048 ] } },
{ "type": "Feature", "properties": { "id": "way/761929330", "@id": "way/761929330", "addr:city": null, "addr:country": null, "addr:district": null, "addr:housenumber": null, "addr:neighbourhood": null, "addr:postcode": null, "addr:state": null, "addr:street": null, "addr:subdistrict": null, "addr:suburb": null, "amenity": "school", "architect": null, "barrier": null, "building": null, "building:levels": null, "building:levels:underground": null, "check_date": null, "contact:facebook": null, "contact:instagram": null, "created_by": null, "denomination": null, "education": null, "ele": null, "email": null, "grades": null, "height": null, "image": null, "is_in": null, "level": null, "name": "FG Boys High School Number 1", "name:en": null, "name:ur": null, "name_1": null, "office": null, "opening_hours": null, "operator": null, "operator:type": null, "phone": null, "polling_station": null, "religion": null, "roof:colour": null, "school": null, "smoking": null, "source": "OSM (Private/Mixed)", "surface": null, "type": null, "website": null, "wheelchair": null, "wikidata": null, "wikipedia": null, "@geometry": "center" }, "geometry": { "type": "Point", "coordinates": [ 1010396.898935572244227, 3503042.705450292211026 ] } },
{ "type": "Feature", "properties": { "id": "way/761929329", "@id": "way/761929329", "addr:city": null, "addr:country": null, "addr:district": null, "addr:housenumber": null, "addr:neighbourhood": null, "addr:postcode": null, "addr:state": null, "addr:street": null, "addr:subdistrict": null, "addr:suburb": null, "amenity": "school", "architect": null, "barrier": null, "building": null, "building:levels": null, "building:levels:underground": null, "check_date": null, "contact:facebook": null, "contact:instagram": null, "created_by": null, "denomination": null, "education": null, "ele": null, "email": null, "grades": null, "height": null, "image": null, "is_in": null, "level": null, "name": "Girls Urdu College", "name:en": null, "name:ur": null, "name_1": null, "office": null, "opening_hours": null, "operator": null, "operator:type": null, "phone": null, "polling_station": null, "religion": null, "roof:colour": null, "school": null, "smoking": null, "source": "OSM (Private/Mixed)", "surface": null, "type": null, "website": null, "wheelchair": null, "wikidata": null, "wikipedia": null, "@geometry": "center" }, "geometry": { "type": "Point", "coordinates": [ 1010206.35473398421891, 3503089.95962480828166 ] } },
{ "type": "Feature", "properties": { "id": "way/611903933", "@id": "way/611903933", "addr:city": null, "addr:country": null, "addr:district": null, "addr:housenumber": null, "addr:neighbourhood": null, "addr:postcode": null, "addr:state": null, "addr:street": null, "addr:subdistrict": null, "addr:suburb": null, "amenity": "school", "architect": null, "barrier": null, "building": null, "building:levels": null, "building:levels:underground": null, "check_date": null, "contact:facebook": null, "contact:instagram": null, "created_by": null, "denomination": null, "education": null, "ele": null, "email": null, "grades": null, "height": null, "image": null, "is_in": null, "level": null, "name": "Municipal Corporation Primary & High School For Boys & Girls", "name:en": null, "name:ur": null, "name_1": null, "office": null, "opening_hours": null, "operator": null, "operator:type": null, "phone": null, "polling_station": null, "religion": null, "roof:colour": null, "school": null, "smoking": null, "source": "OSM (Private/Mixed)", "surface": null, "type": null, "website": null, "wheelchair": null, "wikidata": null, "wikipedia": null, "@geometry": "center" }, "geometry": { "type": "Point", "coordinates": [ 1009773.267823970410973, 3503373.176373535301536 ] } },
{ "type": "Feature", "properties": { "id": "node/4451240489", "@id": "node/4451240489", "addr:city": null, "addr:country": null, "addr:district": null, "addr:housenumber": null, "addr:neighbourhood": null, "addr:postcode": null, "addr:state": null, "addr:street": "Rehmani Road", "addr:subdistrict": null, "addr:suburb": null, "amenity": "school", "architect": null, "barrier": null, "building": null, "building:levels": null, "building:levels:underground": null, "check_date": null, "contact:facebook": null, "contact:instagram": null, "created_by": null, "denomination": null, "education": null, "ele": null, "email": null, "grades": null, "height": null, "image": null, "is_in": null, "level": null, "name": "Institute of Railways, Griffin Ground, Mughalpura Lahore, Pakistan", "name:en": "Institute of Railways, Griffin Ground, Mughalpura Lahore, Pakistan", "name:ur": null, "name_1": null, "office": null, "opening_hours": null, "operator": null, "operator:type": null, "phone": null, "polling_station": null, "religion": null, "roof:colour": null, "school": null, "smoking": null, "source": "OSM (Private/Mixed)", "surface": null, "type": null, "website": null, "wheelchair": null, "wikidata": null, "wikipedia": null, "@geometry": null }, "geometry": { "type": "Point", "coordinates": [ 1010360.110159383853897, 3504569.308394223451614 ] } },
{ "type": "Feature", "properties": { "id": "node/4327632889", "@id": "node/4327632889", "addr:city": null, "addr:country": null, "addr:district": null, "addr:housenumber": null, "addr:neighbourhood": null, "addr:postcode": null, "addr:state": null, "addr:street": null, "addr:subdistrict": null, "addr:suburb": null, "amenity": "school", "architect": null, "barrier": null, "building": null, "building:levels": null, "building:levels:underground": null, "check_date": null, "contact:facebook": null, "contact:instagram": null, "created_by": null, "denomination": null, "education": null, "ele": null, "email": null, "grades": null, "height": null, "image": null, "is_in": null, "level": null, "name": "Al Qalam", "name:en": null, "name:ur": null, "name_1": null, "office": null, "opening_hours": null, "operator": null, "operator:type": null, "phone": null, "polling_station": null, "religion": null, "roof:colour": null, "school": null, "smoking": null, "source": "OSM (Private/Mixed)", "surface": null, "type": null, "website": null, "wheelchair": null, "wikidata": null, "wikipedia": null, "@geometry": null }, "geometry": { "type": "Point", "coordinates": [ 1011006.16547656734474, 3504592.047413636464626 ] } },
{ "type": "Feature", "properties": { "id": "way/620993178", "@id": "way/620993178", "addr:city": null, "addr:country": null, "addr:district": null, "addr:housenumber": null, "addr:neighbourhood": null, "addr:postcode": null, "addr:state": null, "addr:street": null, "addr:subdistrict": null, "addr:suburb": null, "amenity": null, "architect": null, "barrier": null, "building": "school", "building:levels": null, "building:levels:underground": null, "check_date": null, "contact:facebook": null, "contact:instagram": null, "created_by": null, "denomination": null, "education": null, "ele": null, "email": null, "grades": null, "height": null, "image": null, "is_in": null, "level": null, "name": null, "name:en": null, "name:ur": null, "name_1": null, "office": null, "opening_hours": null, "operator": null, "operator:type": null, "phone": null, "polling_station": null, "religion": null, "roof:colour": null, "school": null, "smoking": null, "source": "OSM (Private/Mixed)", "surface": null, "type": null, "website": null, "wheelchair": null, "wikidata": null, "wikipedia": null, "@geometry": "center" }, "geometry": { "type": "Point", "coordinates": [ 1005771.468294158694334, 3504452.900891547556967 ] } },
{ "type": "Feature", "properties": { "id": "way/618368073", "@id": "way/618368073", "addr:city": null, "addr:country": null, "addr:district": null, "addr:housenumber": null, "addr:neighbourhood": null, "addr:postcode": null, "addr:state": null, "addr:street": null, "addr:subdistrict": null, "addr:suburb": null, "amenity": "school", "architect": null, "barrier": null, "building": null, "building:levels": null, "building:levels:underground": null, "check_date": null, "contact:facebook": null, "contact:instagram": null, "created_by": null, "denomination": null, "education": null, "ele": null, "email": null, "grades": null, "height": null, "image": null, "is_in": null, "level": null, "name": "Islamia Girls School", "name:en": null, "name:ur": null, "name_1": null, "office": null, "opening_hours": null, "operator": null, "operator:type": null, "phone": null, "polling_station": null, "religion": null, "roof:colour": null, "school": null, "smoking": null, "source": "OSM (Private/Mixed)", "surface": null, "type": null, "website": null, "wheelchair": null, "wikidata": null, "wikipedia": null, "@geometry": "center" }, "geometry": { "type": "Point", "coordinates": [ 1005729.150813750224188, 3504464.205029546283185 ] } },
{ "type": "Feature", "properties": { "id": "way/613586121", "@id": "way/613586121", "addr:city": null, "addr:country": null, "addr:district": null, "addr:housenumber": null, "addr:neighbourhood": null, "addr:postcode": null, "addr:state": null, "addr:street": null, "addr:subdistrict": null, "addr:suburb": null, "amenity": null, "architect": null, "barrier": null, "building": "school", "building:levels": null, "building:levels:underground": null, "check_date": null, "contact:facebook": null, "contact:instagram": null, "created_by": null, "denomination": null, "education": null, "ele": null, "email": null, "grades": null, "height": null, "image": null, "is_in": null, "level": null, "name": "St. Hilda's", "name:en": null, "name:ur": null, "name_1": null, "office": null, "opening_hours": null, "operator": null, "operator:type": null, "phone": null, "polling_station": null, "religion": null, "roof:colour": null, "school": null, "smoking": null, "source": "OSM (Private/Mixed)", "surface": null, "type": null, "website": null, "wheelchair": null, "wikidata": null, "wikipedia": null, "@geometry": "center" }, "geometry": { "type": "Point", "coordinates": [ 1004946.587472112383693, 3504465.175374410115182 ] } },
{ "type": "Feature", "properties": { "id": "way/620993180", "@id": "way/620993180", "addr:city": null, "addr:country": null, "addr:district": null, "addr:housenumber": null, "addr:neighbourhood": null, "addr:postcode": null, "addr:state": null, "addr:street": null, "addr:subdistrict": null, "addr:suburb": null, "amenity": null, "architect": null, "barrier": null, "building": "school", "building:levels": null, "building:levels:underground": null, "check_date": null, "contact:facebook": null, "contact:instagram": null, "created_by": null, "denomination": null, "education": null, "ele": null, "email": null, "grades": null, "height": null, "image": null, "is_in": null, "level": null, "name": null, "name:en": null, "name:ur": null, "name_1": null, "office": null, "opening_hours": null, "operator": null, "operator:type": null, "phone": null, "polling_station": null, "religion": null, "roof:colour": null, "school": null, "smoking": null, "source": "OSM (Private/Mixed)", "surface": null, "type": null, "website": null, "wheelchair": null, "wikidata": null, "wikipedia": null, "@geometry": "center" }, "geometry": { "type": "Point", "coordinates": [ 1005816.010019161039963, 3504481.367800310254097 ] } },
{ "type": "Feature", "properties": { "id": "relation/8616658", "@id": "relation/8616658", "addr:city": null, "addr:country": null, "addr:district": null, "addr:housenumber": null, "addr:neighbourhood": null, "addr:postcode": null, "addr:state": null, "addr:street": null, "addr:subdistrict": null, "addr:suburb": null, "amenity": null, "architect": null, "barrier": null, "building": "school", "building:levels": null, "building:levels:underground": null, "check_date": null, "contact:facebook": null, "contact:instagram": null, "created_by": null, "denomination": null, "education": null, "ele": null, "email": null, "grades": null, "height": null, "image": null, "is_in": null, "level": null, "name": null, "name:en": null, "name:ur": null, "name_1": null, "office": null, "opening_hours": null, "operator": null, "operator:type": null, "phone": null, "polling_station": null, "religion": null, "roof:colour": null, "school": null, "smoking": null, "source": "OSM (Private/Mixed)", "surface": null, "type": "multipolygon", "website": null, "wheelchair": null, "wikidata": null, "wikipedia": null, "@geometry": "center" }, "geometry": { "type": "Point", "coordinates": [ 1005738.520890377811156, 3504481.960944849532098 ] } },
{ "type": "Feature", "properties": { "id": "way/620993179", "@id": "way/620993179", "addr:city": null, "addr:country": null, "addr:district": null, "addr:housenumber": null, "addr:neighbourhood": null, "addr:postcode": null, "addr:state": null, "addr:street": null, "addr:subdistrict": null, "addr:suburb": null, "amenity": null, "architect": null, "barrier": null, "building": "school", "building:levels": null, "building:levels:underground": null, "check_date": null, "contact:facebook": null, "contact:instagram": null, "created_by": null, "denomination": null, "education": null, "ele": null, "email": null, "grades": null, "height": null, "image": null, "is_in": null, "level": null, "name": null, "name:en": null, "name:ur": null, "name_1": null, "office": null, "opening_hours": null, "operator": null, "operator:type": null, "phone": null, "polling_station": null, "religion": null, "roof:colour": null, "school": null, "smoking": null, "source": "OSM (Private/Mixed)", "surface": null, "type": null, "website": null, "wheelchair": null, "wikidata": null, "wikipedia": null, "@geometry": "center" }, "geometry": { "type": "Point", "coordinates": [ 1005783.53979539393913, 3504490.102224744856358 ] } },
{ "type": "Feature", "properties": { "id": "relation/8616657", "@id": "relation/8616657", "addr:city": null, "addr:country": null, "addr:district": null, "addr:housenumber": null, "addr:neighbourhood": null, "addr:postcode": null, "addr:state": null, "addr:street": null, "addr:subdistrict": null, "addr:suburb": null, "amenity": null, "architect": null, "barrier": null, "building": "school", "building:levels": null, "building:levels:underground": null, "check_date": null, "contact:facebook": null, "contact:instagram": null, "created_by": null, "denomination": null, "education": null, "ele": null, "email": null, "grades": null, "height": null, "image": null, "is_in": null, "level": null, "name": null, "name:en": null, "name:ur": null, "name_1": null, "office": null, "opening_hours": null, "operator": null, "operator:type": null, "phone": null, "polling_station": null, "religion": null, "roof:colour": null, "school": null, "smoking": null, "source": "OSM (Private/Mixed)", "surface": null, "type": "multipolygon", "website": null, "wheelchair": null, "wikidata": null, "wikipedia": null, "@geometry": "center" }, "geometry": { "type": "Point", "coordinates": [ 1005636.307230891077779, 3504499.370569374877959 ] } },
{ "type": "Feature", "properties": { "id": "way/618203480", "@id": "way/618203480", "addr:city": null, "addr:country": null, "addr:district": null, "addr:housenumber": null, "addr:neighbourhood": null, "addr:postcode": null, "addr:state": null, "addr:street": null, "addr:subdistrict": null, "addr:suburb": null, "amenity": null, "architect": null, "barrier": null, "building": "school", "building:levels": null, "building:levels:underground": null, "check_date": null, "contact:facebook": null, "contact:instagram": null, "created_by": null, "denomination": null, "education": null, "ele": null, "email": null, "grades": null, "height": null, "image": null, "is_in": null, "level": null, "name": "Cathedral School", "name:en": null, "name:ur": null, "name_1": null, "office": null, "opening_hours": null, "operator": null, "operator:type": null, "phone": null, "polling_station": null, "religion": null, "roof:colour": null, "school": null, "smoking": null, "source": "OSM (Private/Mixed)", "surface": null, "type": null, "website": null, "wheelchair": null, "wikidata": null, "wikipedia": null, "@geometry": "center" }, "geometry": { "type": "Point", "coordinates": [ 1005017.49368147063069, 3504513.000756817404181 ] } },
{ "type": "Feature", "properties": { "id": "way/620993172", "@id": "way/620993172", "addr:city": null, "addr:country": null, "addr:district": null, "addr:housenumber": null, "addr:neighbourhood": null, "addr:postcode": null, "addr:state": null, "addr:street": null, "addr:subdistrict": null, "addr:suburb": null, "amenity": null, "architect": null, "barrier": null, "building": "school", "building:levels": null, "building:levels:underground": null, "check_date": null, "contact:facebook": null, "contact:instagram": null, "created_by": null, "denomination": null, "education": null, "ele": null, "email": null, "grades": null, "height": null, "image": null, "is_in": null, "level": null, "name": null, "name:en": null, "name:ur": null, "name_1": null, "office": null, "opening_hours": null, "operator": null, "operator:type": null, "phone": null, "polling_station": null, "religion": null, "roof:colour": null, "school": null, "smoking": null, "source": "OSM (Private/Mixed)", "surface": null, "type": null, "website": null, "wheelchair": null, "wikidata": null, "wikipedia": null, "@geometry": "center" }, "geometry": { "type": "Point", "coordinates": [ 1005711.875043654814363, 3504531.699585102964193 ] } },
{ "type": "Feature", "properties": { "id": "way/620993171", "@id": "way/620993171", "addr:city": null, "addr:country": null, "addr:district": null, "addr:housenumber": null, "addr:neighbourhood": null, "addr:postcode": null, "addr:state": null, "addr:street": null, "addr:subdistrict": null, "addr:suburb": null, "amenity": null, "architect": null, "barrier": null, "building": "school", "building:levels": null, "building:levels:underground": null, "check_date": null, "contact:facebook": null, "contact:instagram": null, "created_by": null, "denomination": null, "education": null, "ele": null, "email": null, "grades": null, "height": null, "image": null, "is_in": null, "level": null, "name": null, "name:en": null, "name:ur": null, "name_1": null, "office": null, "opening_hours": null, "operator": null, "operator:type": null, "phone": null, "polling_station": null, "religion": null, "roof:colour": null, "school": null, "smoking": null, "source": "OSM (Private/Mixed)", "surface": null, "type": null, "website": null, "wheelchair": null, "wikidata": null, "wikipedia": null, "@geometry": "center" }, "geometry": { "type": "Point", "coordinates": [ 1005674.738128354074433, 3504542.71121843252331 ] } },
{ "type": "Feature", "properties": { "id": "way/618368063", "@id": "way/618368063", "addr:city": null, "addr:country": null, "addr:district": null, "addr:housenumber": null, "addr:neighbourhood": null, "addr:postcode": null, "addr:state": null, "addr:street": null, "addr:subdistrict": null, "addr:suburb": null, "amenity": null, "architect": null, "barrier": null, "building": "school", "building:levels": null, "building:levels:underground": null, "check_date": null, "contact:facebook": null, "contact:instagram": null, "created_by": null, "denomination": null, "education": null, "ele": null, "email": null, "grades": null, "height": null, "image": null, "is_in": null, "level": null, "name": "St. Don Bosco School", "name:en": null, "name:ur": null, "name_1": null, "office": null, "opening_hours": null, "operator": null, "operator:type": null, "phone": null, "polling_station": null, "religion": null, "roof:colour": null, "school": null, "smoking": null, "source": "OSM (Private/Mixed)", "surface": null, "type": null, "website": null, "wheelchair": null, "wikidata": null, "wikipedia": null, "@geometry": "center" }, "geometry": { "type": "Point", "coordinates": [ 1006587.539312241133302, 3504862.381034413352609 ] } },
{ "type": "Feature", "properties": { "id": "way/905264814", "@id": "way/905264814", "addr:city": null, "addr:country": null, "addr:district": null, "addr:housenumber": null, "addr:neighbourhood": null, "addr:postcode": null, "addr:state": null, "addr:street": null, "addr:subdistrict": null, "addr:suburb": null, "amenity": "school", "architect": null, "barrier": null, "building": null, "building:levels": null, "building:levels:underground": null, "check_date": null, "contact:facebook": null, "contact:instagram": null, "created_by": null, "denomination": null, "education": null, "ele": null, "email": null, "grades": null, "height": null, "image": null, "is_in": null, "level": null, "name": "Government Muslim League High School", "name:en": null, "name:ur": null, "name_1": null, "office": null, "opening_hours": null, "operator": null, "operator:type": null, "phone": null, "polling_station": null, "religion": null, "roof:colour": null, "school": null, "smoking": null, "source": "OSM (Private/Mixed)", "surface": null, "type": null, "website": null, "wheelchair": null, "wikidata": null, "wikipedia": null, "@geometry": "center" }, "geometry": { "type": "Point", "coordinates": [ 1006669.415432723239064, 3505194.040388659574091 ] } },
{ "type": "Feature", "properties": { "id": "way/611960632", "@id": "way/611960632", "addr:city": null, "addr:country": null, "addr:district": null, "addr:housenumber": null, "addr:neighbourhood": null, "addr:postcode": null, "addr:state": null, "addr:street": null, "addr:subdistrict": null, "addr:suburb": null, "amenity": "school", "architect": null, "barrier": null, "building": null, "building:levels": null, "building:levels:underground": null, "check_date": null, "contact:facebook": null, "contact:instagram": null, "created_by": null, "denomination": null, "education": null, "ele": null, "email": null, "grades": null, "height": null, "image": null, "is_in": null, "level": null, "name": "Lady Griffin High School", "name:en": null, "name:ur": null, "name_1": null, "office": null, "opening_hours": null, "operator": null, "operator:type": null, "phone": null, "polling_station": null, "religion": null, "roof:colour": null, "school": null, "smoking": null, "source": "OSM (Private/Mixed)", "surface": null, "type": null, "website": null, "wheelchair": null, "wikidata": null, "wikipedia": null, "@geometry": "center" }, "geometry": { "type": "Point", "coordinates": [ 1007248.475927890860476, 3505208.902922984678298 ] } },
{ "type": "Feature", "properties": { "id": "way/611960633", "@id": "way/611960633", "addr:city": null, "addr:country": null, "addr:district": null, "addr:housenumber": null, "addr:neighbourhood": null, "addr:postcode": null, "addr:state": null, "addr:street": null, "addr:subdistrict": null, "addr:suburb": null, "amenity": null, "architect": null, "barrier": null, "building": "school", "building:levels": null, "building:levels:underground": null, "check_date": null, "contact:facebook": null, "contact:instagram": null, "created_by": null, "denomination": null, "education": null, "ele": null, "email": null, "grades": null, "height": null, "image": null, "is_in": null, "level": null, "name": null, "name:en": null, "name:ur": null, "name_1": null, "office": null, "opening_hours": null, "operator": null, "operator:type": null, "phone": null, "polling_station": null, "religion": null, "roof:colour": null, "school": null, "smoking": null, "source": "OSM (Private/Mixed)", "surface": null, "type": null, "website": null, "wheelchair": null, "wikidata": null, "wikipedia": null, "@geometry": "center" }, "geometry": { "type": "Point", "coordinates": [ 1007218.268110189819708, 3505211.721074265427887 ] } },
{ "type": "Feature", "properties": { "id": "way/611960634", "@id": "way/611960634", "addr:city": null, "addr:country": null, "addr:district": null, "addr:housenumber": null, "addr:neighbourhood": null, "addr:postcode": null, "addr:state": null, "addr:street": null, "addr:subdistrict": null, "addr:suburb": null, "amenity": null, "architect": null, "barrier": null, "building": "school", "building:levels": null, "building:levels:underground": null, "check_date": null, "contact:facebook": null, "contact:instagram": null, "created_by": null, "denomination": null, "education": null, "ele": null, "email": null, "grades": null, "height": null, "image": null, "is_in": null, "level": null, "name": null, "name:en": null, "name:ur": null, "name_1": null, "office": null, "opening_hours": null, "operator": null, "operator:type": null, "phone": null, "polling_station": null, "religion": null, "roof:colour": null, "school": null, "smoking": null, "source": "OSM (Private/Mixed)", "surface": null, "type": null, "website": null, "wheelchair": null, "wikidata": null, "wikipedia": null, "@geometry": "center" }, "geometry": { "type": "Point", "coordinates": [ 1007234.934125721571036, 3505221.331230343785137 ] } },
{ "type": "Feature", "properties": { "id": "way/904662414", "@id": "way/904662414", "addr:city": null, "addr:country": null, "addr:district": null, "addr:housenumber": null, "addr:neighbourhood": null, "addr:postcode": null, "addr:state": null, "addr:street": null, "addr:subdistrict": null, "addr:suburb": null, "amenity": "school", "architect": null, "barrier": null, "building": null, "building:levels": null, "building:levels:underground": null, "check_date": null, "contact:facebook": null, "contact:instagram": null, "created_by": null, "denomination": null, "education": null, "ele": null, "email": null, "grades": null, "height": null, "image": null, "is_in": null, "level": null, "name": "Presbyterian School Lahore", "name:en": null, "name:ur": null, "name_1": null, "office": null, "opening_hours": null, "operator": null, "operator:type": null, "phone": null, "polling_station": null, "religion": null, "roof:colour": null, "school": null, "smoking": null, "source": "OSM (Private/Mixed)", "surface": null, "type": null, "website": null, "wheelchair": null, "wikidata": null, "wikipedia": null, "@geometry": "center" }, "geometry": { "type": "Point", "coordinates": [ 1006518.399267095723189, 3505443.413634535390884 ] } },
{ "type": "Feature", "properties": { "id": "way/606618800", "@id": "way/606618800", "addr:city": null, "addr:country": null, "addr:district": null, "addr:housenumber": null, "addr:neighbourhood": null, "addr:postcode": null, "addr:state": null, "addr:street": null, "addr:subdistrict": null, "addr:suburb": null, "amenity": "school", "architect": null, "barrier": null, "building": null, "building:levels": null, "building:levels:underground": null, "check_date": null, "contact:facebook": null, "contact:instagram": null, "created_by": null, "denomination": null, "education": null, "ele": null, "email": null, "grades": null, "height": null, "image": null, "is_in": null, "level": null, "name": "Government College of Technology", "name:en": null, "name:ur": null, "name_1": null, "office": null, "opening_hours": null, "operator": null, "operator:type": null, "phone": null, "polling_station": null, "religion": null, "roof:colour": null, "school": null, "smoking": null, "source": "OSM (Private/Mixed)", "surface": null, "type": null, "website": null, "wheelchair": null, "wikidata": null, "wikipedia": null, "@geometry": "center" }, "geometry": { "type": "Point", "coordinates": [ 1006355.592355089611374, 3505956.159168865997344 ] } },
{ "type": "Feature", "properties": { "id": "way/618368515", "@id": "way/618368515", "addr:city": null, "addr:country": null, "addr:district": null, "addr:housenumber": null, "addr:neighbourhood": null, "addr:postcode": null, "addr:state": null, "addr:street": null, "addr:subdistrict": null, "addr:suburb": null, "amenity": "school", "architect": null, "barrier": null, "building": null, "building:levels": null, "building:levels:underground": null, "check_date": null, "contact:facebook": null, "contact:instagram": null, "created_by": null, "denomination": null, "education": null, "ele": null, "email": null, "grades": null, "height": null, "image": null, "is_in": null, "level": null, "name": "Saint Andrew's School", "name:en": null, "name:ur": null, "name_1": null, "office": null, "opening_hours": null, "operator": null, "operator:type": null, "phone": null, "polling_station": null, "religion": null, "roof:colour": null, "school": null, "smoking": null, "source": "OSM (Private/Mixed)", "surface": null, "type": null, "website": null, "wheelchair": null, "wikidata": null, "wikipedia": null, "@geometry": "center" }, "geometry": { "type": "Point", "coordinates": [ 1007506.460335036041215, 3506042.693614488933235 ] } },
{ "type": "Feature", "properties": { "id": "way/904059886", "@id": "way/904059886", "addr:city": null, "addr:country": null, "addr:district": null, "addr:housenumber": null, "addr:neighbourhood": null, "addr:postcode": null, "addr:state": null, "addr:street": null, "addr:subdistrict": null, "addr:suburb": null, "amenity": "school", "architect": null, "barrier": null, "building": null, "building:levels": null, "building:levels:underground": null, "check_date": null, "contact:facebook": null, "contact:instagram": null, "created_by": null, "denomination": null, "education": null, "ele": null, "email": null, "grades": null, "height": null, "image": null, "is_in": null, "level": null, "name": "Gov't High School Chamra Mamdi", "name:en": null, "name:ur": null, "name_1": null, "office": null, "opening_hours": null, "operator": null, "operator:type": null, "phone": null, "polling_station": null, "religion": null, "roof:colour": null, "school": null, "smoking": null, "source": "OSM (Private/Mixed)", "surface": null, "type": null, "website": null, "wheelchair": null, "wikidata": null, "wikipedia": null, "@geometry": "center" }, "geometry": { "type": "Point", "coordinates": [ 1006791.881842940114439, 3506385.938010655809194 ] } },
{ "type": "Feature", "properties": { "id": "node/7796809886", "@id": "node/7796809886", "addr:city": null, "addr:country": null, "addr:district": null, "addr:housenumber": null, "addr:neighbourhood": null, "addr:postcode": null, "addr:state": null, "addr:street": "Sultanpura", "addr:subdistrict": null, "addr:suburb": null, "amenity": "school", "architect": null, "barrier": null, "building": null, "building:levels": null, "building:levels:underground": null, "check_date": null, "contact:facebook": null, "contact:instagram": null, "created_by": null, "denomination": null, "education": null, "ele": null, "email": null, "grades": null, "height": null, "image": null, "is_in": null, "level": null, "name": "Pak Model School", "name:en": null, "name:ur": null, "name_1": null, "office": null, "opening_hours": null, "operator": null, "operator:type": null, "phone": null, "polling_station": null, "religion": null, "roof:colour": null, "school": null, "smoking": null, "source": "OSM (Private/Mixed)", "surface": null, "type": null, "website": null, "wheelchair": null, "wikidata": null, "wikipedia": null, "@geometry": null }, "geometry": { "type": "Point", "coordinates": [ 1007321.839560626307502, 3506716.490320877637714 ] } },
{ "type": "Feature", "properties": { "id": "node/4170047793", "@id": "node/4170047793", "addr:city": null, "addr:country": null, "addr:district": null, "addr:housenumber": null, "addr:neighbourhood": null, "addr:postcode": null, "addr:state": null, "addr:street": "Shalimar Link Rd", "addr:subdistrict": null, "addr:suburb": null, "amenity": "school", "architect": null, "barrier": null, "building": null, "building:levels": null, "building:levels:underground": null, "check_date": null, "contact:facebook": null, "contact:instagram": null, "created_by": null, "denomination": null, "education": null, "ele": null, "email": null, "grades": null, "height": null, "image": null, "is_in": null, "level": null, "name": null, "name:en": null, "name:ur": null, "name_1": null, "office": null, "opening_hours": "Mo-Fr 07:30-15:00", "operator": null, "operator:type": null, "phone": null, "polling_station": null, "religion": null, "roof:colour": null, "school": null, "smoking": null, "source": "OSM (Private/Mixed)", "surface": null, "type": null, "website": null, "wheelchair": null, "wikidata": null, "wikipedia": null, "@geometry": null }, "geometry": { "type": "Point", "coordinates": [ 1011183.788973921211436, 3504617.75094748288393 ] } },
{ "type": "Feature", "properties": { "id": "node/4170047792", "@id": "node/4170047792", "addr:city": null, "addr:country": null, "addr:district": null, "addr:housenumber": null, "addr:neighbourhood": null, "addr:postcode": null, "addr:state": null, "addr:street": "Jehangir Road", "addr:subdistrict": null, "addr:suburb": null, "amenity": "school", "architect": null, "barrier": null, "building": null, "building:levels": null, "building:levels:underground": null, "check_date": null, "contact:facebook": null, "contact:instagram": null, "created_by": null, "denomination": null, "education": null, "ele": null, "email": null, "grades": null, "height": null, "image": null, "is_in": null, "level": null, "name": "Society Public School", "name:en": null, "name:ur": null, "name_1": null, "office": null, "opening_hours": "Mo-Fr 07:15-19:00", "operator": null, "operator:type": null, "phone": "0423", "polling_station": null, "religion": null, "roof:colour": null, "school": null, "smoking": null, "source": "OSM (Private/Mixed)", "surface": null, "type": null, "website": null, "wheelchair": null, "wikidata": null, "wikipedia": null, "@geometry": null }, "geometry": { "type": "Point", "coordinates": [ 1011178.740030158194713, 3504627.543659589253366 ] } },
{ "type": "Feature", "properties": { "id": "node/4327632989", "@id": "node/4327632989", "addr:city": null, "addr:country": null, "addr:district": null, "addr:housenumber": null, "addr:neighbourhood": null, "addr:postcode": null, "addr:state": null, "addr:street": null, "addr:subdistrict": null, "addr:suburb": null, "amenity": "school", "architect": null, "barrier": null, "building": null, "building:levels": null, "building:levels:underground": null, "check_date": null, "contact:facebook": null, "contact:instagram": null, "created_by": null, "denomination": null, "education": null, "ele": null, "email": null, "grades": null, "height": null, "image": null, "is_in": null, "level": null, "name": null, "name:en": null, "name:ur": null, "name_1": null, "office": null, "opening_hours": null, "operator": null, "operator:type": null, "phone": null, "polling_station": null, "religion": null, "roof:colour": null, "school": null, "smoking": null, "source": "OSM (Private/Mixed)", "surface": null, "type": null, "website": null, "wheelchair": null, "wikidata": null, "wikipedia": null, "@geometry": null }, "geometry": { "type": "Point", "coordinates": [ 1011651.38156320923008, 3504829.237289413809776 ] } },
{ "type": "Feature", "properties": { "id": "node/272388931", "@id": "node/272388931", "addr:city": null, "addr:country": null, "addr:district": null, "addr:housenumber": null, "addr:neighbourhood": null, "addr:postcode": null, "addr:state": null, "addr:street": null, "addr:subdistrict": null, "addr:suburb": null, "amenity": "school", "architect": null, "barrier": null, "building": null, "building:levels": null, "building:levels:underground": null, "check_date": null, "contact:facebook": null, "contact:instagram": null, "created_by": "Potlatch 0.9c", "denomination": null, "education": null, "ele": null, "email": null, "grades": null, "height": null, "image": null, "is_in": null, "level": null, "name": null, "name:en": null, "name:ur": null, "name_1": null, "office": null, "opening_hours": null, "operator": null, "operator:type": null, "phone": null, "polling_station": null, "religion": null, "roof:colour": null, "school": null, "smoking": null, "source": "OSM (Private/Mixed)", "surface": null, "type": null, "website": null, "wheelchair": null, "wikidata": null, "wikipedia": null, "@geometry": null }, "geometry": { "type": "Point", "coordinates": [ 1010310.056224821135402, 3505250.073246048763394 ] } },
{ "type": "Feature", "properties": { "id": "node/6488951387", "@id": "node/6488951387", "addr:city": null, "addr:country": null, "addr:district": null, "addr:housenumber": null, "addr:neighbourhood": null, "addr:postcode": null, "addr:state": null, "addr:street": null, "addr:subdistrict": null, "addr:suburb": null, "amenity": "school", "architect": null, "barrier": null, "building": null, "building:levels": null, "building:levels:underground": null, "check_date": null, "contact:facebook": null, "contact:instagram": null, "created_by": null, "denomination": null, "education": null, "ele": null, "email": null, "grades": null, "height": null, "image": null, "is_in": null, "level": null, "name": "شہری ضلع اسکول", "name:en": null, "name:ur": null, "name_1": null, "office": null, "opening_hours": null, "operator": null, "operator:type": null, "phone": null, "polling_station": null, "religion": null, "roof:colour": null, "school": null, "smoking": null, "source": "OSM (Private/Mixed)", "surface": null, "type": null, "website": null, "wheelchair": null, "wikidata": null, "wikipedia": null, "@geometry": null }, "geometry": { "type": "Point", "coordinates": [ 1010310.924209793796763, 3505276.76744746370241 ] } },
{ "type": "Feature", "properties": { "id": "node/5255279617", "@id": "node/5255279617", "addr:city": "Lahore", "addr:country": null, "addr:district": null, "addr:housenumber": null, "addr:neighbourhood": null, "addr:postcode": null, "addr:state": null, "addr:street": "Shalimar Link Road", "addr:subdistrict": null, "addr:suburb": null, "amenity": "school", "architect": null, "barrier": null, "building": null, "building:levels": null, "building:levels:underground": null, "check_date": null, "contact:facebook": null, "contact:instagram": null, "created_by": null, "denomination": null, "education": null, "ele": null, "email": null, "grades": null, "height": null, "image": null, "is_in": null, "level": null, "name": "LGS Shalimar Branch", "name:en": null, "name:ur": null, "name_1": null, "office": null, "opening_hours": null, "operator": null, "operator:type": null, "phone": null, "polling_station": null, "religion": null, "roof:colour": null, "school": null, "smoking": null, "source": "OSM (Private/Mixed)", "surface": null, "type": null, "website": null, "wheelchair": null, "wikidata": null, "wikipedia": null, "@geometry": null }, "geometry": { "type": "Point", "coordinates": [ 1010958.157327776774764, 3506096.228173803072423 ] } },
{ "type": "Feature", "properties": { "id": "way/621317156", "@id": "way/621317156", "addr:city": null, "addr:country": null, "addr:district": null, "addr:housenumber": null, "addr:neighbourhood": null, "addr:postcode": null, "addr:state": null, "addr:street": null, "addr:subdistrict": null, "addr:suburb": null, "amenity": "school", "architect": null, "barrier": null, "building": null, "building:levels": null, "building:levels:underground": null, "check_date": null, "contact:facebook": null, "contact:instagram": null, "created_by": null, "denomination": null, "education": null, "ele": null, "email": null, "grades": null, "height": null, "image": null, "is_in": null, "level": null, "name": "Girls High School", "name:en": null, "name:ur": null, "name_1": null, "office": null, "opening_hours": null, "operator": null, "operator:type": null, "phone": null, "polling_station": null, "religion": null, "roof:colour": null, "school": null, "smoking": null, "source": "OSM (Private/Mixed)", "surface": null, "type": null, "website": null, "wheelchair": null, "wikidata": null, "wikipedia": null, "@geometry": "center" }, "geometry": { "type": "Point", "coordinates": [ 1009506.738560533151031, 3506694.286777482833713 ] } },
{ "type": "Feature", "properties": { "id": "way/621317148", "@id": "way/621317148", "addr:city": null, "addr:country": null, "addr:district": null, "addr:housenumber": null, "addr:neighbourhood": null, "addr:postcode": null, "addr:state": null, "addr:street": null, "addr:subdistrict": null, "addr:suburb": null, "amenity": "school", "architect": null, "barrier": null, "building": null, "building:levels": null, "building:levels:underground": null, "check_date": null, "contact:facebook": null, "contact:instagram": null, "created_by": null, "denomination": null, "education": null, "ele": null, "email": null, "grades": null, "height": null, "image": null, "is_in": null, "level": null, "name": "Chiragh Girls School", "name:en": null, "name:ur": null, "name_1": null, "office": null, "opening_hours": null, "operator": null, "operator:type": null, "phone": null, "polling_station": null, "religion": null, "roof:colour": null, "school": null, "smoking": null, "source": "OSM (Private/Mixed)", "surface": null, "type": null, "website": null, "wheelchair": null, "wikidata": null, "wikipedia": null, "@geometry": "center" }, "geometry": { "type": "Point", "coordinates": [ 1009138.311730218469165, 3506704.73305974341929 ] } },
{ "type": "Feature", "properties": { "id": "way/611333258", "@id": "way/611333258", "addr:city": null, "addr:country": null, "addr:district": null, "addr:housenumber": null, "addr:neighbourhood": null, "addr:postcode": null, "addr:state": null, "addr:street": null, "addr:subdistrict": null, "addr:suburb": null, "amenity": "school", "architect": null, "barrier": "wall", "building": null, "building:levels": null, "building:levels:underground": null, "check_date": null, "contact:facebook": null, "contact:instagram": null, "created_by": null, "denomination": null, "education": null, "ele": null, "email": null, "grades": null, "height": null, "image": null, "is_in": null, "level": null, "name": "Government High School Baghbanpura Lahore", "name:en": null, "name:ur": null, "name_1": null, "office": null, "opening_hours": null, "operator": null, "operator:type": null, "phone": null, "polling_station": null, "religion": null, "roof:colour": null, "school": null, "smoking": null, "source": "OSM (Private/Mixed)", "surface": null, "type": null, "website": null, "wheelchair": null, "wikidata": null, "wikipedia": null, "@geometry": "center" }, "geometry": { "type": "Point", "coordinates": [ 1010785.512958760606125, 3506972.253083146642894 ] } },
{ "type": "Feature", "properties": { "id": "way/761662747", "@id": "way/761662747", "addr:city": null, "addr:country": null, "addr:district": null, "addr:housenumber": null, "addr:neighbourhood": null, "addr:postcode": null, "addr:state": null, "addr:street": null, "addr:subdistrict": null, "addr:suburb": null, "amenity": "school", "architect": null, "barrier": null, "building": null, "building:levels": null, "building:levels:underground": null, "check_date": null, "contact:facebook": null, "contact:instagram": null, "created_by": null, "denomination": null, "education": null, "ele": null, "email": null, "grades": null, "height": null, "image": null, "is_in": null, "level": null, "name": "WAPDA High School", "name:en": null, "name:ur": null, "name_1": null, "office": null, "opening_hours": null, "operator": null, "operator:type": null, "phone": null, "polling_station": null, "religion": null, "roof:colour": null, "school": null, "smoking": null, "source": "OSM (Private/Mixed)", "surface": null, "type": null, "website": null, "wheelchair": null, "wikidata": null, "wikipedia": null, "@geometry": "center" }, "geometry": { "type": "Point", "coordinates": [ 1011511.779409064445645, 3507853.823741204105318 ] } },
{ "type": "Feature", "properties": { "id": "way/903945367", "@id": "way/903945367", "addr:city": null, "addr:country": null, "addr:district": null, "addr:housenumber": null, "addr:neighbourhood": null, "addr:postcode": null, "addr:state": null, "addr:street": null, "addr:subdistrict": null, "addr:suburb": null, "amenity": "school", "architect": null, "barrier": null, "building": null, "building:levels": null, "building:levels:underground": null, "check_date": null, "contact:facebook": null, "contact:instagram": null, "created_by": null, "denomination": null, "education": null, "ele": null, "email": null, "grades": null, "height": null, "image": null, "is_in": null, "level": null, "name": "گورنمنٹ رنگ محل کرسچن ہائی سکول", "name:en": "Rang Mahal High School", "name:ur": "گورنمنٹ رنگ محل کرسچن ہائی سکول", "name_1": null, "office": null, "opening_hours": null, "operator": null, "operator:type": null, "phone": null, "polling_station": null, "religion": null, "roof:colour": null, "school": null, "smoking": null, "source": "OSM (Private/Mixed)", "surface": null, "type": null, "website": null, "wheelchair": null, "wikidata": null, "wikipedia": null, "@geometry": "center" }, "geometry": { "type": "Point", "coordinates": [ 1005020.18347373616416, 3506419.340324670542032 ] } },
{ "type": "Feature", "properties": { "id": "way/607798442", "@id": "way/607798442", "addr:city": null, "addr:country": null, "addr:district": null, "addr:housenumber": null, "addr:neighbourhood": null, "addr:postcode": null, "addr:state": null, "addr:street": null, "addr:subdistrict": null, "addr:suburb": null, "amenity": "school", "architect": null, "barrier": null, "building": null, "building:levels": null, "building:levels:underground": null, "check_date": null, "contact:facebook": null, "contact:instagram": null, "created_by": null, "denomination": null, "education": null, "ele": null, "email": null, "grades": null, "height": null, "image": null, "is_in": null, "level": null, "name": "Government High School - Said Mittha Bazar", "name:en": null, "name:ur": null, "name_1": null, "office": null, "opening_hours": null, "operator": null, "operator:type": null, "phone": null, "polling_station": null, "religion": null, "roof:colour": null, "school": null, "smoking": null, "source": "OSM (Private/Mixed)", "surface": null, "type": null, "website": null, "wheelchair": null, "wikidata": null, "wikipedia": null, "@geometry": "center" }, "geometry": { "type": "Point", "coordinates": [ 1004373.889709057286382, 3506595.281269127037376 ] } },
{ "type": "Feature", "properties": { "id": "way/1014191202", "@id": "way/1014191202", "addr:city": null, "addr:country": null, "addr:district": null, "addr:housenumber": null, "addr:neighbourhood": null, "addr:postcode": null, "addr:state": null, "addr:street": null, "addr:subdistrict": null, "addr:suburb": null, "amenity": "school", "architect": null, "barrier": null, "building": null, "building:levels": null, "building:levels:underground": null, "check_date": null, "contact:facebook": null, "contact:instagram": null, "created_by": null, "denomination": null, "education": null, "ele": null, "email": null, "grades": null, "height": null, "image": null, "is_in": null, "level": null, "name": "Asifa Girls High School", "name:en": null, "name:ur": null, "name_1": null, "office": null, "opening_hours": null, "operator": null, "operator:type": null, "phone": null, "polling_station": null, "religion": null, "roof:colour": null, "school": null, "smoking": null, "source": "OSM (Private/Mixed)", "surface": null, "type": null, "website": null, "wheelchair": null, "wikidata": null, "wikipedia": null, "@geometry": "center" }, "geometry": { "type": "Point", "coordinates": [ 1004167.627644471358508, 3506638.880224005784839 ] } },
{ "type": "Feature", "properties": { "id": "way/968013364", "@id": "way/968013364", "addr:city": null, "addr:country": null, "addr:district": null, "addr:housenumber": null, "addr:neighbourhood": null, "addr:postcode": null, "addr:state": null, "addr:street": null, "addr:subdistrict": null, "addr:suburb": null, "amenity": "school", "architect": null, "barrier": null, "building": null, "building:levels": null, "building:levels:underground": null, "check_date": null, "contact:facebook": null, "contact:instagram": null, "created_by": null, "denomination": null, "education": null, "ele": null, "email": null, "grades": null, "height": null, "image": null, "is_in": null, "level": null, "name": "Govt. Special Education Center", "name:en": null, "name:ur": null, "name_1": null, "office": null, "opening_hours": null, "operator": null, "operator:type": null, "phone": null, "polling_station": null, "religion": null, "roof:colour": null, "school": null, "smoking": null, "source": "OSM (Private/Mixed)", "surface": null, "type": null, "website": null, "wheelchair": null, "wikidata": null, "wikipedia": null, "@geometry": "center" }, "geometry": { "type": "Point", "coordinates": [ 1004607.65388121502474, 3506814.150010058656335 ] } },
{ "type": "Feature", "properties": { "id": "way/904059882", "@id": "way/904059882", "addr:city": null, "addr:country": null, "addr:district": null, "addr:housenumber": null, "addr:neighbourhood": null, "addr:postcode": null, "addr:state": null, "addr:street": null, "addr:subdistrict": null, "addr:suburb": null, "amenity": "school", "architect": null, "barrier": null, "building": null, "building:levels": null, "building:levels:underground": null, "check_date": null, "contact:facebook": null, "contact:instagram": null, "created_by": null, "denomination": null, "education": null, "ele": null, "email": null, "grades": null, "height": null, "image": null, "is_in": null, "level": null, "name": null, "name:en": null, "name:ur": "اسلامیہ ہائی سکول", "name_1": null, "office": null, "opening_hours": null, "operator": null, "operator:type": null, "phone": null, "polling_station": null, "religion": null, "roof:colour": null, "school": null, "smoking": null, "source": "OSM (Private/Mixed)", "surface": null, "type": null, "website": null, "wheelchair": null, "wikidata": null, "wikipedia": null, "@geometry": "center" }, "geometry": { "type": "Point", "coordinates": [ 1006228.929653509287164, 3506834.471887572202832 ] } },
{ "type": "Feature", "properties": { "id": "way/904565718", "@id": "way/904565718", "addr:city": null, "addr:country": null, "addr:district": null, "addr:housenumber": null, "addr:neighbourhood": null, "addr:postcode": null, "addr:state": null, "addr:street": null, "addr:subdistrict": null, "addr:suburb": null, "amenity": "school", "architect": null, "barrier": null, "building": null, "building:levels": null, "building:levels:underground": null, "check_date": null, "contact:facebook": null, "contact:instagram": null, "created_by": null, "denomination": null, "education": null, "ele": null, "email": null, "grades": null, "height": null, "image": null, "is_in": null, "level": null, "name": "Govt. Islamia High School, Sheranwala Gate", "name:en": null, "name:ur": "گورنمنٹ اسلامیہ ہائی اسکول، شیرانوالہ گیٹ", "name_1": null, "office": null, "opening_hours": null, "operator": null, "operator:type": null, "phone": null, "polling_station": null, "religion": null, "roof:colour": null, "school": null, "smoking": null, "source": "OSM (Private/Mixed)", "surface": null, "type": null, "website": null, "wheelchair": null, "wikidata": null, "wikipedia": null, "@geometry": "center" }, "geometry": { "type": "Point", "coordinates": [ 1005519.301500717876479, 3506884.551418969407678 ] } },
{ "type": "Feature", "properties": { "id": "way/904059881", "@id": "way/904059881", "addr:city": null, "addr:country": null, "addr:district": null, "addr:housenumber": null, "addr:neighbourhood": null, "addr:postcode": null, "addr:state": null, "addr:street": null, "addr:subdistrict": null, "addr:suburb": null, "amenity": "school", "architect": null, "barrier": null, "building": null, "building:levels": null, "building:levels:underground": null, "check_date": null, "contact:facebook": null, "contact:instagram": null, "created_by": null, "denomination": null, "education": null, "ele": null, "email": null, "grades": null, "height": null, "image": null, "is_in": null, "level": null, "name": "Madrasa-tul-Binat Misri Shah", "name:en": null, "name:ur": null, "name_1": null, "office": null, "opening_hours": null, "operator": null, "operator:type": null, "phone": null, "polling_station": null, "religion": null, "roof:colour": null, "school": null, "smoking": null, "source": "OSM (Private/Mixed)", "surface": null, "type": null, "website": null, "wheelchair": null, "wikidata": null, "wikipedia": null, "@geometry": "center" }, "geometry": { "type": "Point", "coordinates": [ 1006259.016340954462066, 3506967.142970242537558 ] } },
{ "type": "Feature", "properties": { "id": "way/1023471696", "@id": "way/1023471696", "addr:city": null, "addr:country": null, "addr:district": null, "addr:housenumber": null, "addr:neighbourhood": null, "addr:postcode": null, "addr:state": null, "addr:street": null, "addr:subdistrict": null, "addr:suburb": null, "amenity": "school", "architect": null, "barrier": null, "building": null, "building:levels": null, "building:levels:underground": null, "check_date": null, "contact:facebook": null, "contact:instagram": null, "created_by": null, "denomination": null, "education": null, "ele": null, "email": null, "grades": null, "height": null, "image": null, "is_in": null, "level": null, "name": "Government Girls Middle School", "name:en": null, "name:ur": null, "name_1": null, "office": null, "opening_hours": null, "operator": null, "operator:type": null, "phone": null, "polling_station": null, "religion": null, "roof:colour": null, "school": null, "smoking": null, "source": "OSM (Private/Mixed)", "surface": null, "type": null, "website": null, "wheelchair": null, "wikidata": null, "wikipedia": null, "@geometry": "center" }, "geometry": { "type": "Point", "coordinates": [ 1004867.397843454964459, 3507079.631556396838278 ] } },
{ "type": "Feature", "properties": { "id": "way/904315297", "@id": "way/904315297", "addr:city": null, "addr:country": null, "addr:district": null, "addr:housenumber": null, "addr:neighbourhood": null, "addr:postcode": null, "addr:state": null, "addr:street": null, "addr:subdistrict": null, "addr:suburb": null, "amenity": "school", "architect": null, "barrier": null, "building": null, "building:levels": null, "building:levels:underground": null, "check_date": null, "contact:facebook": null, "contact:instagram": null, "created_by": null, "denomination": null, "education": null, "ele": null, "email": null, "grades": null, "height": null, "image": null, "is_in": null, "level": null, "name": "Trust Model Public High School", "name:en": null, "name:ur": null, "name_1": null, "office": null, "opening_hours": null, "operator": null, "operator:type": null, "phone": null, "polling_station": null, "religion": null, "roof:colour": null, "school": null, "smoking": null, "source": "OSM (Private/Mixed)", "surface": null, "type": null, "website": null, "wheelchair": null, "wikidata": null, "wikipedia": null, "@geometry": "center" }, "geometry": { "type": "Point", "coordinates": [ 1004117.780761583242565, 3508245.419617756269872 ] } },
{ "type": "Feature", "properties": { "id": "node/4912575642", "@id": "node/4912575642", "addr:city": "Lahore", "addr:country": null, "addr:district": null, "addr:housenumber": null, "addr:neighbourhood": null, "addr:postcode": null, "addr:state": null, "addr:street": "Badami Bagh Flyover", "addr:subdistrict": null, "addr:suburb": null, "amenity": "school", "architect": null, "barrier": null, "building": null, "building:levels": null, "building:levels:underground": null, "check_date": null, "contact:facebook": null, "contact:instagram": null, "created_by": null, "denomination": null, "education": null, "ele": null, "email": null, "grades": null, "height": null, "image": null, "is_in": null, "level": null, "name": "Al Karam High School", "name:en": null, "name:ur": null, "name_1": null, "office": null, "opening_hours": null, "operator": null, "operator:type": null, "phone": null, "polling_station": null, "religion": null, "roof:colour": null, "school": null, "smoking": null, "source": "OSM (Private/Mixed)", "surface": null, "type": null, "website": null, "wheelchair": null, "wikidata": null, "wikipedia": null, "@geometry": null }, "geometry": { "type": "Point", "coordinates": [ 1004725.295680279843509, 3508281.328215041663498 ] } },
{ "type": "Feature", "properties": { "id": "way/316890923", "@id": "way/316890923", "addr:city": null, "addr:country": null, "addr:district": null, "addr:housenumber": null, "addr:neighbourhood": null, "addr:postcode": null, "addr:state": null, "addr:street": null, "addr:subdistrict": null, "addr:suburb": null, "amenity": "school", "architect": null, "barrier": null, "building": null, "building:levels": null, "building:levels:underground": null, "check_date": null, "contact:facebook": null, "contact:instagram": null, "created_by": null, "denomination": null, "education": null, "ele": null, "email": null, "grades": null, "height": null, "image": null, "is_in": null, "level": null, "name": null, "name:en": null, "name:ur": null, "name_1": null, "office": null, "opening_hours": null, "operator": null, "operator:type": null, "phone": null, "polling_station": null, "religion": null, "roof:colour": null, "school": null, "smoking": null, "source": "OSM (Private/Mixed)", "surface": null, "type": null, "website": null, "wheelchair": null, "wikidata": null, "wikipedia": null, "@geometry": "center" }, "geometry": { "type": "Point", "coordinates": [ 1008407.032431501196697, 3506846.210825462359935 ] } },
{ "type": "Feature", "properties": { "id": "node/3206662921", "@id": "node/3206662921", "addr:city": null, "addr:country": null, "addr:district": null, "addr:housenumber": null, "addr:neighbourhood": null, "addr:postcode": null, "addr:state": null, "addr:street": null, "addr:subdistrict": null, "addr:suburb": null, "amenity": "school", "architect": null, "barrier": null, "building": null, "building:levels": null, "building:levels:underground": null, "check_date": null, "contact:facebook": null, "contact:instagram": null, "created_by": null, "denomination": null, "education": null, "ele": null, "email": null, "grades": null, "height": null, "image": null, "is_in": null, "level": null, "name": "Govt.Comprehensive Higher Secondary School", "name:en": null, "name:ur": null, "name_1": null, "office": null, "opening_hours": null, "operator": null, "operator:type": null, "phone": null, "polling_station": null, "religion": null, "roof:colour": null, "school": null, "smoking": null, "source": "OSM (Private/Mixed)", "surface": null, "type": null, "website": null, "wheelchair": null, "wikidata": null, "wikipedia": null, "@geometry": null }, "geometry": { "type": "Point", "coordinates": [ 1008405.421285554068163, 3506850.105949028860778 ] } },
{ "type": "Feature", "properties": { "id": "way/621317137", "@id": "way/621317137", "addr:city": null, "addr:country": null, "addr:district": null, "addr:housenumber": null, "addr:neighbourhood": null, "addr:postcode": null, "addr:state": null, "addr:street": null, "addr:subdistrict": null, "addr:suburb": null, "amenity": "school", "architect": null, "barrier": null, "building": null, "building:levels": null, "building:levels:underground": null, "check_date": null, "contact:facebook": null, "contact:instagram": null, "created_by": null, "denomination": null, "education": null, "ele": null, "email": null, "grades": null, "height": null, "image": null, "is_in": null, "level": null, "name": "Take Wala School", "name:en": null, "name:ur": null, "name_1": null, "office": null, "opening_hours": null, "operator": null, "operator:type": null, "phone": null, "polling_station": null, "religion": null, "roof:colour": null, "school": null, "smoking": null, "source": "OSM (Private/Mixed)", "surface": null, "type": null, "website": null, "wheelchair": null, "wikidata": null, "wikipedia": null, "@geometry": "center" }, "geometry": { "type": "Point", "coordinates": [ 1006594.267137466464192, 3506977.505652072839439 ] } },
{ "type": "Feature", "properties": { "id": "way/1223362097", "@id": "way/1223362097", "addr:city": null, "addr:country": null, "addr:district": null, "addr:housenumber": null, "addr:neighbourhood": null, "addr:postcode": null, "addr:state": null, "addr:street": null, "addr:subdistrict": null, "addr:suburb": null, "amenity": "school", "architect": null, "barrier": null, "building": null, "building:levels": null, "building:levels:underground": null, "check_date": null, "contact:facebook": null, "contact:instagram": null, "created_by": null, "denomination": null, "education": null, "ele": null, "email": null, "grades": null, "height": null, "image": null, "is_in": null, "level": null, "name": "گورنمنٹ. ماڈل گرلز ہائی سکول الہیٰ پارک وسن پورہ", "name:en": "GGHS Model Elahi Park Wasan Pura", "name:ur": null, "name_1": null, "office": null, "opening_hours": null, "operator": null, "operator:type": null, "phone": null, "polling_station": null, "religion": null, "roof:colour": null, "school": null, "smoking": null, "source": "OSM (Private/Mixed)", "surface": null, "type": null, "website": null, "wheelchair": null, "wikidata": null, "wikipedia": null, "@geometry": "center" }, "geometry": { "type": "Point", "coordinates": [ 1006563.732351953163743, 3507139.829350198153406 ] } },
{ "type": "Feature", "properties": { "id": "way/761672828", "@id": "way/761672828", "addr:city": null, "addr:country": null, "addr:district": null, "addr:housenumber": null, "addr:neighbourhood": null, "addr:postcode": null, "addr:state": null, "addr:street": null, "addr:subdistrict": null, "addr:suburb": null, "amenity": "school", "architect": null, "barrier": null, "building": null, "building:levels": null, "building:levels:underground": null, "check_date": null, "contact:facebook": null, "contact:instagram": null, "created_by": null, "denomination": null, "education": null, "ele": null, "email": null, "grades": null, "height": null, "image": null, "is_in": null, "level": null, "name": "City District Government Boys High School", "name:en": null, "name:ur": null, "name_1": null, "office": null, "opening_hours": null, "operator": "سٹی ڈسٹرکٹ گورنمنٹ بوائز ہائی سکول", "operator:type": null, "phone": null, "polling_station": null, "religion": null, "roof:colour": null, "school": null, "smoking": null, "source": "OSM (Private/Mixed)", "surface": null, "type": null, "website": null, "wheelchair": null, "wikidata": null, "wikipedia": null, "@geometry": "center" }, "geometry": { "type": "Point", "coordinates": [ 1007664.64790240325965, 3507933.613795733079314 ] } },
{ "type": "Feature", "properties": { "id": "way/904059910", "@id": "way/904059910", "addr:city": null, "addr:country": null, "addr:district": null, "addr:housenumber": null, "addr:neighbourhood": null, "addr:postcode": null, "addr:state": null, "addr:street": null, "addr:subdistrict": null, "addr:suburb": null, "amenity": "school", "architect": null, "barrier": null, "building": null, "building:levels": null, "building:levels:underground": null, "check_date": null, "contact:facebook": null, "contact:instagram": null, "created_by": null, "denomination": null, "education": null, "ele": null, "email": null, "grades": null, "height": null, "image": null, "is_in": null, "level": null, "name": "Govt. Girls High School Wassanpura", "name:en": null, "name:ur": null, "name_1": null, "office": null, "opening_hours": null, "operator": null, "operator:type": null, "phone": null, "polling_station": null, "religion": null, "roof:colour": null, "school": null, "smoking": null, "source": "OSM (Private/Mixed)", "surface": null, "type": null, "website": null, "wheelchair": null, "wikidata": null, "wikipedia": null, "@geometry": "center" }, "geometry": { "type": "Point", "coordinates": [ 1007853.600337921176106, 3508076.312863988336176 ] } },
{ "type": "Feature", "properties": { "id": "way/904210064", "@id": "way/904210064", "addr:city": null, "addr:country": null, "addr:district": null, "addr:housenumber": null, "addr:neighbourhood": null, "addr:postcode": null, "addr:state": null, "addr:street": null, "addr:subdistrict": null, "addr:suburb": null, "amenity": null, "architect": null, "barrier": null, "building": "school", "building:levels": null, "building:levels:underground": null, "check_date": null, "contact:facebook": null, "contact:instagram": null, "created_by": null, "denomination": null, "education": null, "ele": null, "email": null, "grades": null, "height": null, "image": null, "is_in": null, "level": null, "name": "Lahore Children's School", "name:en": null, "name:ur": null, "name_1": null, "office": null, "opening_hours": null, "operator": null, "operator:type": null, "phone": null, "polling_station": null, "religion": null, "roof:colour": null, "school": null, "smoking": null, "source": "OSM (Private/Mixed)", "surface": null, "type": null, "website": null, "wheelchair": null, "wikidata": null, "wikipedia": null, "@geometry": "center" }, "geometry": { "type": "Point", "coordinates": [ 1007096.123049212154001, 3508443.002978110685945 ] } },
{ "type": "Feature", "properties": { "id": "way/761667173", "@id": "way/761667173", "addr:city": null, "addr:country": null, "addr:district": null, "addr:housenumber": null, "addr:neighbourhood": null, "addr:postcode": null, "addr:state": null, "addr:street": null, "addr:subdistrict": null, "addr:suburb": null, "amenity": "school", "architect": null, "barrier": null, "building": null, "building:levels": null, "building:levels:underground": null, "check_date": null, "contact:facebook": null, "contact:instagram": null, "created_by": null, "denomination": null, "education": null, "ele": null, "email": null, "grades": null, "height": null, "image": null, "is_in": null, "level": null, "name": "گورنمنٹ بوائز اسکول", "name:en": null, "name:ur": null, "name_1": null, "office": null, "opening_hours": null, "operator": null, "operator:type": null, "phone": null, "polling_station": null, "religion": null, "roof:colour": null, "school": null, "smoking": null, "source": "OSM (Private/Mixed)", "surface": null, "type": null, "website": null, "wheelchair": null, "wikidata": null, "wikipedia": null, "@geometry": "center" }, "geometry": { "type": "Point", "coordinates": [ 1008938.476277936017141, 3508861.665792135987431 ] } },
{ "type": "Feature", "properties": { "id": "way/994898901", "@id": "way/994898901", "addr:city": "lahore", "addr:country": null, "addr:district": null, "addr:housenumber": null, "addr:neighbourhood": null, "addr:postcode": null, "addr:state": null, "addr:street": "Bhamma Main Road", "addr:subdistrict": null, "addr:suburb": null, "amenity": "school", "architect": null, "barrier": null, "building": null, "building:levels": null, "building:levels:underground": null, "check_date": null, "contact:facebook": null, "contact:instagram": null, "created_by": null, "denomination": null, "education": null, "ele": null, "email": null, "grades": "0-8", "height": null, "image": "https://www.google.com/maps/uv?pb=!1s0x39191ba6d6a33711%3A0xe6a14177e3da97c2!3m1!7e115!4shttps%3A%2F%2Flh5.googleusercontent.com%2Fp%2FAF1QipMHihLwODhl01yggEVG19-xmlutw5bCh5qtRUQV%3Dw260-h175-n-k-no!5sgovt.%20school%20bhamma%20lahore%20-%20Google%20Suche!", "is_in": null, "level": null, "name": "CDGL School Bhamma Lahore", "name:en": null, "name:ur": null, "name_1": null, "office": null, "opening_hours": null, "operator": null, "operator:type": null, "phone": null, "polling_station": null, "religion": null, "roof:colour": null, "school": null, "smoking": null, "source": "OSM (Private/Mixed)", "surface": null, "type": null, "website": null, "wheelchair": null, "wikidata": null, "wikipedia": null, "@geometry": "center" }, "geometry": { "type": "Point", "coordinates": [ 1006975.401853695744649, 3509678.992557031102479 ] } },
{ "type": "Feature", "properties": { "id": "way/994898900", "@id": "way/994898900", "addr:city": null, "addr:country": null, "addr:district": null, "addr:housenumber": null, "addr:neighbourhood": null, "addr:postcode": null, "addr:state": null, "addr:street": null, "addr:subdistrict": null, "addr:suburb": null, "amenity": "school", "architect": null, "barrier": null, "building": null, "building:levels": null, "building:levels:underground": null, "check_date": null, "contact:facebook": null, "contact:instagram": null, "created_by": null, "denomination": "sufi", "education": null, "ele": null, "email": null, "grades": "0-10", "height": null, "image": null, "is_in": null, "level": null, "name": "Almadina High School", "name:en": null, "name:ur": null, "name_1": null, "office": null, "opening_hours": null, "operator": null, "operator:type": null, "phone": null, "polling_station": null, "religion": "muslim", "roof:colour": null, "school": null, "smoking": null, "source": "OSM (Private/Mixed)", "surface": null, "type": null, "website": null, "wheelchair": null, "wikidata": null, "wikipedia": null, "@geometry": "center" }, "geometry": { "type": "Point", "coordinates": [ 1006915.348251366754994, 3509689.040829742327332 ] } },
{ "type": "Feature", "properties": { "id": "way/905357073", "@id": "way/905357073", "addr:city": null, "addr:country": null, "addr:district": null, "addr:housenumber": null, "addr:neighbourhood": null, "addr:postcode": null, "addr:state": null, "addr:street": null, "addr:subdistrict": null, "addr:suburb": null, "amenity": "school", "architect": null, "barrier": null, "building": null, "building:levels": null, "building:levels:underground": null, "check_date": null, "contact:facebook": null, "contact:instagram": null, "created_by": null, "denomination": null, "education": null, "ele": null, "email": null, "grades": null, "height": null, "image": null, "is_in": null, "level": null, "name": "Chauburji Gardens High School", "name:en": null, "name:ur": null, "name_1": null, "office": null, "opening_hours": null, "operator": null, "operator:type": null, "phone": null, "polling_station": null, "religion": null, "roof:colour": null, "school": null, "smoking": null, "source": "OSM (Private/Mixed)", "surface": null, "type": null, "website": null, "wheelchair": null, "wikidata": null, "wikipedia": null, "@geometry": "center" }, "geometry": { "type": "Point", "coordinates": [ 1003415.030390868661925, 3502669.521878263913095 ] } },
{ "type": "Feature", "properties": { "id": "way/762198671", "@id": "way/762198671", "addr:city": null, "addr:country": null, "addr:district": null, "addr:housenumber": null, "addr:neighbourhood": null, "addr:postcode": null, "addr:state": null, "addr:street": null, "addr:subdistrict": null, "addr:suburb": null, "amenity": "school", "architect": null, "barrier": null, "building": null, "building:levels": null, "building:levels:underground": null, "check_date": null, "contact:facebook": null, "contact:instagram": null, "created_by": null, "denomination": null, "education": null, "ele": null, "email": null, "grades": null, "height": null, "image": null, "is_in": null, "level": null, "name": "Deaf Model High School For Girls", "name:en": null, "name:ur": null, "name_1": null, "office": null, "opening_hours": null, "operator": null, "operator:type": null, "phone": null, "polling_station": null, "religion": null, "roof:colour": null, "school": null, "smoking": null, "source": "OSM (Private/Mixed)", "surface": null, "type": null, "website": null, "wheelchair": null, "wikidata": null, "wikipedia": null, "@geometry": "center" }, "geometry": { "type": "Point", "coordinates": [ 1003560.749153032433242, 3503559.272579441778362 ] } },
{ "type": "Feature", "properties": { "id": "way/620720970", "@id": "way/620720970", "addr:city": null, "addr:country": null, "addr:district": null, "addr:housenumber": null, "addr:neighbourhood": null, "addr:postcode": null, "addr:state": null, "addr:street": null, "addr:subdistrict": null, "addr:suburb": null, "amenity": "school", "architect": null, "barrier": null, "building": null, "building:levels": null, "building:levels:underground": null, "check_date": null, "contact:facebook": null, "contact:instagram": null, "created_by": null, "denomination": null, "education": null, "ele": null, "email": null, "grades": null, "height": null, "image": null, "is_in": null, "level": null, "name": "لیڈی میکلیگن اسکول", "name:en": null, "name:ur": null, "name_1": null, "office": null, "opening_hours": null, "operator": null, "operator:type": null, "phone": null, "polling_station": null, "religion": null, "roof:colour": null, "school": null, "smoking": null, "source": "OSM (Private/Mixed)", "surface": null, "type": null, "website": null, "wheelchair": null, "wikidata": null, "wikipedia": null, "@geometry": "center" }, "geometry": { "type": "Point", "coordinates": [ 1003891.388368288404308, 3504298.141006474383175 ] } },
{ "type": "Feature", "properties": { "id": "way/295738665", "@id": "way/295738665", "addr:city": "Lahore", "addr:country": null, "addr:district": null, "addr:housenumber": null, "addr:neighbourhood": null, "addr:postcode": null, "addr:state": null, "addr:street": "Riwaz Garden", "addr:subdistrict": null, "addr:suburb": null, "amenity": "school", "architect": null, "barrier": null, "building": null, "building:levels": null, "building:levels:underground": null, "check_date": null, "contact:facebook": null, "contact:instagram": null, "created_by": null, "denomination": null, "education": null, "ele": null, "email": null, "grades": null, "height": null, "image": null, "is_in": null, "level": null, "name": "Punjab School Education Department", "name:en": null, "name:ur": null, "name_1": null, "office": null, "opening_hours": null, "operator": null, "operator:type": null, "phone": null, "polling_station": null, "religion": null, "roof:colour": null, "school": null, "smoking": null, "source": "OSM (Private/Mixed)", "surface": null, "type": null, "website": null, "wheelchair": null, "wikidata": null, "wikipedia": null, "@geometry": "center" }, "geometry": { "type": "Point", "coordinates": [ 1003364.039357121801004, 3504471.46502624778077 ] } },
{ "type": "Feature", "properties": { "id": "way/905357038", "@id": "way/905357038", "addr:city": null, "addr:country": null, "addr:district": null, "addr:housenumber": null, "addr:neighbourhood": null, "addr:postcode": null, "addr:state": null, "addr:street": null, "addr:subdistrict": null, "addr:suburb": null, "amenity": "school", "architect": null, "barrier": null, "building": null, "building:levels": null, "building:levels:underground": null, "check_date": null, "contact:facebook": null, "contact:instagram": null, "created_by": null, "denomination": null, "education": null, "ele": null, "email": null, "grades": null, "height": null, "image": null, "is_in": null, "level": null, "name": "Government Girls College", "name:en": null, "name:ur": null, "name_1": null, "office": null, "opening_hours": null, "operator": null, "operator:type": null, "phone": null, "polling_station": null, "religion": null, "roof:colour": null, "school": null, "smoking": null, "source": "OSM (Private/Mixed)", "surface": null, "type": null, "website": null, "wheelchair": null, "wikidata": null, "wikipedia": null, "@geometry": "center" }, "geometry": { "type": "Point", "coordinates": [ 1003184.956731913145632, 3504613.396347282454371 ] } },
{ "type": "Feature", "properties": { "id": "way/905357039", "@id": "way/905357039", "addr:city": null, "addr:country": null, "addr:district": null, "addr:housenumber": null, "addr:neighbourhood": null, "addr:postcode": null, "addr:state": null, "addr:street": null, "addr:subdistrict": null, "addr:suburb": null, "amenity": "school", "architect": null, "barrier": null, "building": null, "building:levels": null, "building:levels:underground": null, "check_date": null, "contact:facebook": null, "contact:instagram": null, "created_by": null, "denomination": null, "education": null, "ele": null, "email": null, "grades": null, "height": null, "image": null, "is_in": null, "level": null, "name": "Chishtia High School", "name:en": null, "name:ur": null, "name_1": null, "office": null, "opening_hours": null, "operator": null, "operator:type": null, "phone": null, "polling_station": null, "religion": null, "roof:colour": null, "school": null, "smoking": null, "source": "OSM (Private/Mixed)", "surface": null, "type": null, "website": null, "wheelchair": null, "wikidata": null, "wikipedia": null, "@geometry": "center" }, "geometry": { "type": "Point", "coordinates": [ 1003233.345063287182711, 3504688.922739326953888 ] } },
{ "type": "Feature", "properties": { "id": "way/905357040", "@id": "way/905357040", "addr:city": null, "addr:country": null, "addr:district": null, "addr:housenumber": null, "addr:neighbourhood": null, "addr:postcode": null, "addr:state": null, "addr:street": null, "addr:subdistrict": null, "addr:suburb": null, "amenity": "school", "architect": null, "barrier": null, "building": null, "building:levels": null, "building:levels:underground": null, "check_date": null, "contact:facebook": null, "contact:instagram": null, "created_by": null, "denomination": null, "education": null, "ele": null, "email": null, "grades": null, "height": null, "image": null, "is_in": null, "level": null, "name": "Govt. Higher Secondary School for Girls - Dev Samaj Road", "name:en": null, "name:ur": null, "name_1": null, "office": null, "opening_hours": null, "operator": null, "operator:type": null, "phone": null, "polling_station": null, "religion": null, "roof:colour": null, "school": null, "smoking": null, "source": "OSM (Private/Mixed)", "surface": null, "type": null, "website": null, "wheelchair": null, "wikidata": null, "wikipedia": null, "@geometry": "center" }, "geometry": { "type": "Point", "coordinates": [ 1003333.771152653847821, 3504970.612307090777904 ] } },
{ "type": "Feature", "properties": { "id": "way/905357042", "@id": "way/905357042", "addr:city": null, "addr:country": null, "addr:district": null, "addr:housenumber": null, "addr:neighbourhood": null, "addr:postcode": null, "addr:state": null, "addr:street": null, "addr:subdistrict": null, "addr:suburb": null, "amenity": "school", "architect": null, "barrier": null, "building": null, "building:levels": null, "building:levels:underground": null, "check_date": null, "contact:facebook": null, "contact:instagram": null, "created_by": null, "denomination": null, "education": null, "ele": null, "email": null, "grades": null, "height": null, "image": null, "is_in": null, "level": null, "name": "Islamia High School - Sant Nagar", "name:en": null, "name:ur": null, "name_1": null, "office": null, "opening_hours": null, "operator": null, "operator:type": null, "phone": null, "polling_station": null, "religion": null, "roof:colour": null, "school": null, "smoking": null, "source": "OSM (Private/Mixed)", "surface": null, "type": null, "website": null, "wheelchair": null, "wikidata": null, "wikipedia": null, "@geometry": "center" }, "geometry": { "type": "Point", "coordinates": [ 1003152.722783409291878, 3504977.135955842211843 ] } },
{ "type": "Feature", "properties": { "id": "node/4416074794", "@id": "node/4416074794", "addr:city": "Lahore", "addr:country": null, "addr:district": null, "addr:housenumber": null, "addr:neighbourhood": null, "addr:postcode": null, "addr:state": null, "addr:street": "Dev Samaj Road", "addr:subdistrict": null, "addr:suburb": null, "amenity": "school", "architect": null, "barrier": null, "building": null, "building:levels": null, "building:levels:underground": null, "check_date": null, "contact:facebook": null, "contact:instagram": null, "created_by": null, "denomination": null, "education": null, "ele": null, "email": null, "grades": null, "height": null, "image": null, "is_in": null, "level": null, "name": null, "name:en": "Dev Samaj School", "name:ur": null, "name_1": null, "office": null, "opening_hours": null, "operator": null, "operator:type": null, "phone": null, "polling_station": null, "religion": null, "roof:colour": null, "school": null, "smoking": null, "source": "OSM (Private/Mixed)", "surface": null, "type": null, "website": null, "wheelchair": null, "wikidata": null, "wikipedia": null, "@geometry": null }, "geometry": { "type": "Point", "coordinates": [ 1003356.494305096333846, 3504998.408912315033376 ] } },
{ "type": "Feature", "properties": { "id": "way/905357043", "@id": "way/905357043", "addr:city": null, "addr:country": null, "addr:district": null, "addr:housenumber": null, "addr:neighbourhood": null, "addr:postcode": null, "addr:state": null, "addr:street": null, "addr:subdistrict": null, "addr:suburb": null, "amenity": "school", "architect": null, "barrier": null, "building": null, "building:levels": null, "building:levels:underground": null, "check_date": null, "contact:facebook": null, "contact:instagram": null, "created_by": null, "denomination": null, "education": null, "ele": null, "email": null, "grades": null, "height": null, "image": null, "is_in": null, "level": null, "name": "Lahore Model School For Boys", "name:en": null, "name:ur": null, "name_1": null, "office": null, "opening_hours": null, "operator": null, "operator:type": null, "phone": null, "polling_station": null, "religion": null, "roof:colour": null, "school": null, "smoking": null, "source": "OSM (Private/Mixed)", "surface": null, "type": null, "website": null, "wheelchair": null, "wikidata": null, "wikipedia": null, "@geometry": "center" }, "geometry": { "type": "Point", "coordinates": [ 1003179.461247006664053, 3505036.472645924892277 ] } },
{ "type": "Feature", "properties": { "id": "way/620727725", "@id": "way/620727725", "addr:city": null, "addr:country": null, "addr:district": null, "addr:housenumber": null, "addr:neighbourhood": null, "addr:postcode": null, "addr:state": null, "addr:street": null, "addr:subdistrict": null, "addr:suburb": null, "amenity": null, "architect": null, "barrier": null, "building": "school", "building:levels": null, "building:levels:underground": null, "check_date": null, "contact:facebook": null, "contact:instagram": null, "created_by": null, "denomination": null, "education": null, "ele": null, "email": null, "grades": null, "height": null, "image": null, "is_in": null, "level": null, "name": null, "name:en": null, "name:ur": null, "name_1": null, "office": null, "opening_hours": null, "operator": null, "operator:type": null, "phone": null, "polling_station": null, "religion": null, "roof:colour": null, "school": null, "smoking": null, "source": "OSM (Private/Mixed)", "surface": null, "type": null, "website": null, "wheelchair": null, "wikidata": null, "wikipedia": null, "@geometry": "center" }, "geometry": { "type": "Point", "coordinates": [ 1003712.942170239635743, 3505134.145874104928225 ] } },
{ "type": "Feature", "properties": { "id": "way/620727728", "@id": "way/620727728", "addr:city": null, "addr:country": null, "addr:district": null, "addr:housenumber": null, "addr:neighbourhood": null, "addr:postcode": null, "addr:state": null, "addr:street": null, "addr:subdistrict": null, "addr:suburb": null, "amenity": null, "architect": null, "barrier": null, "building": "school", "building:levels": null, "building:levels:underground": null, "check_date": null, "contact:facebook": null, "contact:instagram": null, "created_by": null, "denomination": null, "education": null, "ele": null, "email": null, "grades": null, "height": null, "image": null, "is_in": null, "level": null, "name": null, "name:en": null, "name:ur": null, "name_1": null, "office": null, "opening_hours": null, "operator": null, "operator:type": null, "phone": null, "polling_station": null, "religion": null, "roof:colour": null, "school": null, "smoking": null, "source": "OSM (Private/Mixed)", "surface": null, "type": null, "website": null, "wheelchair": null, "wikidata": null, "wikipedia": null, "@geometry": "center" }, "geometry": { "type": "Point", "coordinates": [ 1003653.61454830924049, 3505153.012470905669034 ] } },
{ "type": "Feature", "properties": { "id": "way/620727722", "@id": "way/620727722", "addr:city": null, "addr:country": null, "addr:district": null, "addr:housenumber": null, "addr:neighbourhood": null, "addr:postcode": null, "addr:state": null, "addr:street": null, "addr:subdistrict": null, "addr:suburb": null, "amenity": "school", "architect": null, "barrier": null, "building": null, "building:levels": null, "building:levels:underground": null, "check_date": null, "contact:facebook": null, "contact:instagram": null, "created_by": null, "denomination": null, "education": null, "ele": null, "email": null, "grades": null, "height": null, "image": null, "is_in": null, "level": null, "name": "Islamia High School", "name:en": null, "name:ur": null, "name_1": null, "office": null, "opening_hours": null, "operator": null, "operator:type": null, "phone": null, "polling_station": null, "religion": null, "roof:colour": null, "school": null, "smoking": null, "source": "OSM (Private/Mixed)", "surface": null, "type": null, "website": null, "wheelchair": null, "wikidata": null, "wikipedia": null, "@geometry": "center" }, "geometry": { "type": "Point", "coordinates": [ 1003688.708065106300637, 3505166.272735023405403 ] } },
{ "type": "Feature", "properties": { "id": "way/620727724", "@id": "way/620727724", "addr:city": null, "addr:country": null, "addr:district": null, "addr:housenumber": null, "addr:neighbourhood": null, "addr:postcode": null, "addr:state": null, "addr:street": null, "addr:subdistrict": null, "addr:suburb": null, "amenity": null, "architect": null, "barrier": null, "building": "school", "building:levels": null, "building:levels:underground": null, "check_date": null, "contact:facebook": null, "contact:instagram": null, "created_by": null, "denomination": null, "education": null, "ele": null, "email": null, "grades": null, "height": null, "image": null, "is_in": null, "level": null, "name": null, "name:en": null, "name:ur": null, "name_1": null, "office": null, "opening_hours": null, "operator": null, "operator:type": null, "phone": null, "polling_station": null, "religion": null, "roof:colour": null, "school": null, "smoking": null, "source": "OSM (Private/Mixed)", "surface": null, "type": null, "website": null, "wheelchair": null, "wikidata": null, "wikipedia": null, "@geometry": "center" }, "geometry": { "type": "Point", "coordinates": [ 1003673.986301138647832, 3505169.753590888809413 ] } },
{ "type": "Feature", "properties": { "id": "way/620727723", "@id": "way/620727723", "addr:city": null, "addr:country": null, "addr:district": null, "addr:housenumber": null, "addr:neighbourhood": null, "addr:postcode": null, "addr:state": null, "addr:street": null, "addr:subdistrict": null, "addr:suburb": null, "amenity": null, "architect": null, "barrier": null, "building": "school", "building:levels": null, "building:levels:underground": null, "check_date": null, "contact:facebook": null, "contact:instagram": null, "created_by": null, "denomination": null, "education": null, "ele": null, "email": null, "grades": null, "height": null, "image": null, "is_in": null, "level": null, "name": null, "name:en": null, "name:ur": null, "name_1": null, "office": null, "opening_hours": null, "operator": null, "operator:type": null, "phone": null, "polling_station": null, "religion": null, "roof:colour": null, "school": null, "smoking": null, "source": "OSM (Private/Mixed)", "surface": null, "type": null, "website": null, "wheelchair": null, "wikidata": null, "wikipedia": null, "@geometry": "center" }, "geometry": { "type": "Point", "coordinates": [ 1003641.110887281829491, 3505174.188697603531182 ] } },
{ "type": "Feature", "properties": { "id": "way/620727726", "@id": "way/620727726", "addr:city": null, "addr:country": null, "addr:district": null, "addr:housenumber": null, "addr:neighbourhood": null, "addr:postcode": null, "addr:state": null, "addr:street": null, "addr:subdistrict": null, "addr:suburb": null, "amenity": null, "architect": null, "barrier": null, "building": "school", "building:levels": null, "building:levels:underground": null, "check_date": null, "contact:facebook": null, "contact:instagram": null, "created_by": null, "denomination": null, "education": null, "ele": null, "email": null, "grades": null, "height": null, "image": null, "is_in": null, "level": null, "name": null, "name:en": null, "name:ur": null, "name_1": null, "office": null, "opening_hours": null, "operator": null, "operator:type": null, "phone": null, "polling_station": null, "religion": null, "roof:colour": null, "school": null, "smoking": null, "source": "OSM (Private/Mixed)", "surface": null, "type": null, "website": null, "wheelchair": null, "wikidata": null, "wikipedia": null, "@geometry": "center" }, "geometry": { "type": "Point", "coordinates": [ 1003718.714989873813465, 3505178.695879960432649 ] } },
{ "type": "Feature", "properties": { "id": "way/620727727", "@id": "way/620727727", "addr:city": null, "addr:country": null, "addr:district": null, "addr:housenumber": null, "addr:neighbourhood": null, "addr:postcode": null, "addr:state": null, "addr:street": null, "addr:subdistrict": null, "addr:suburb": null, "amenity": null, "architect": null, "barrier": null, "building": "school", "building:levels": null, "building:levels:underground": null, "check_date": null, "contact:facebook": null, "contact:instagram": null, "created_by": null, "denomination": null, "education": null, "ele": null, "email": null, "grades": null, "height": null, "image": null, "is_in": null, "level": null, "name": null, "name:en": null, "name:ur": null, "name_1": null, "office": null, "opening_hours": null, "operator": null, "operator:type": null, "phone": null, "polling_station": null, "religion": null, "roof:colour": null, "school": null, "smoking": null, "source": "OSM (Private/Mixed)", "surface": null, "type": null, "website": null, "wheelchair": null, "wikidata": null, "wikipedia": null, "@geometry": "center" }, "geometry": { "type": "Point", "coordinates": [ 1003680.440355616388842, 3505191.862495933193713 ] } },
{ "type": "Feature", "properties": { "id": "way/620727729", "@id": "way/620727729", "addr:city": null, "addr:country": null, "addr:district": null, "addr:housenumber": null, "addr:neighbourhood": null, "addr:postcode": null, "addr:state": null, "addr:street": null, "addr:subdistrict": null, "addr:suburb": null, "amenity": null, "architect": null, "barrier": null, "building": "school", "building:levels": null, "building:levels:underground": null, "check_date": null, "contact:facebook": null, "contact:instagram": null, "created_by": null, "denomination": null, "education": null, "ele": null, "email": null, "grades": null, "height": null, "image": null, "is_in": null, "level": null, "name": null, "name:en": null, "name:ur": null, "name_1": null, "office": null, "opening_hours": null, "operator": null, "operator:type": null, "phone": null, "polling_station": null, "religion": null, "roof:colour": null, "school": null, "smoking": null, "source": "OSM (Private/Mixed)", "surface": null, "type": null, "website": null, "wheelchair": null, "wikidata": null, "wikipedia": null, "@geometry": "center" }, "geometry": { "type": "Point", "coordinates": [ 1003646.672780302818865, 3505195.831212630029768 ] } },
{ "type": "Feature", "properties": { "id": "node/4339373791", "@id": "node/4339373791", "addr:city": "Lahore", "addr:country": null, "addr:district": null, "addr:housenumber": null, "addr:neighbourhood": null, "addr:postcode": null, "addr:state": null, "addr:street": "Sheikh Abdul Qadir Jillani Road", "addr:subdistrict": null, "addr:suburb": null, "amenity": "school", "architect": null, "barrier": null, "building": null, "building:levels": null, "building:levels:underground": null, "check_date": null, "contact:facebook": null, "contact:instagram": null, "created_by": null, "denomination": null, "education": null, "ele": null, "email": null, "grades": null, "height": null, "image": null, "is_in": null, "level": null, "name": "Islamia College Civil Lines LHR", "name:en": null, "name:ur": null, "name_1": null, "office": null, "opening_hours": "Mo-Sa 07:00-18:00", "operator": null, "operator:type": null, "phone": null, "polling_station": null, "religion": null, "roof:colour": null, "school": null, "smoking": null, "source": "OSM (Private/Mixed)", "surface": null, "type": null, "website": null, "wheelchair": null, "wikidata": null, "wikipedia": null, "@geometry": null }, "geometry": { "type": "Point", "coordinates": [ 1003591.880474679986946, 3505379.817983809858561 ] } },
{ "type": "Feature", "properties": { "id": "way/620729999", "@id": "way/620729999", "addr:city": null, "addr:country": null, "addr:district": null, "addr:housenumber": null, "addr:neighbourhood": null, "addr:postcode": null, "addr:state": null, "addr:street": null, "addr:subdistrict": null, "addr:suburb": null, "amenity": "school", "architect": null, "barrier": null, "building": null, "building:levels": null, "building:levels:underground": null, "check_date": null, "contact:facebook": null, "contact:instagram": null, "created_by": null, "denomination": null, "education": null, "ele": null, "email": null, "grades": null, "height": null, "image": null, "is_in": null, "level": null, "name": "Central model school", "name:en": null, "name:ur": null, "name_1": null, "office": "educational_institution", "opening_hours": null, "operator": null, "operator:type": null, "phone": null, "polling_station": null, "religion": null, "roof:colour": null, "school": null, "smoking": null, "source": "OSM (Private/Mixed)", "surface": null, "type": null, "website": null, "wheelchair": null, "wikidata": null, "wikipedia": null, "@geometry": "center" }, "geometry": { "type": "Point", "coordinates": [ 1003438.477361986530013, 3505432.961398913990706 ] } },
{ "type": "Feature", "properties": { "id": "way/620729995", "@id": "way/620729995", "addr:city": null, "addr:country": null, "addr:district": null, "addr:housenumber": null, "addr:neighbourhood": null, "addr:postcode": null, "addr:state": null, "addr:street": null, "addr:subdistrict": null, "addr:suburb": null, "amenity": "school", "architect": null, "barrier": null, "building": null, "building:levels": null, "building:levels:underground": null, "check_date": null, "contact:facebook": null, "contact:instagram": null, "created_by": null, "denomination": null, "education": null, "ele": null, "email": null, "grades": null, "height": null, "image": null, "is_in": null, "level": null, "name": "Central model school", "name:en": null, "name:ur": null, "name_1": null, "office": "educational_institution", "opening_hours": null, "operator": null, "operator:type": null, "phone": null, "polling_station": null, "religion": null, "roof:colour": null, "school": null, "smoking": null, "source": "OSM (Private/Mixed)", "surface": null, "type": null, "website": null, "wheelchair": null, "wikidata": null, "wikipedia": null, "@geometry": "center" }, "geometry": { "type": "Point", "coordinates": [ 1003511.137980709434487, 3505455.215355993248522 ] } },
{ "type": "Feature", "properties": { "id": "way/620729994", "@id": "way/620729994", "addr:city": null, "addr:country": null, "addr:district": null, "addr:housenumber": null, "addr:neighbourhood": null, "addr:postcode": null, "addr:state": null, "addr:street": null, "addr:subdistrict": null, "addr:suburb": null, "amenity": "school", "architect": null, "barrier": null, "building": null, "building:levels": null, "building:levels:underground": null, "check_date": null, "contact:facebook": null, "contact:instagram": null, "created_by": null, "denomination": null, "education": null, "ele": null, "email": null, "grades": null, "height": null, "image": null, "is_in": null, "level": null, "name": "Central model school", "name:en": null, "name:ur": null, "name_1": null, "office": "educational_institution", "opening_hours": null, "operator": null, "operator:type": null, "phone": null, "polling_station": null, "religion": null, "roof:colour": null, "school": null, "smoking": null, "source": "OSM (Private/Mixed)", "surface": null, "type": null, "website": null, "wheelchair": null, "wikidata": null, "wikipedia": null, "@geometry": "center" }, "geometry": { "type": "Point", "coordinates": [ 1003457.876687369775027, 3505462.645122638437897 ] } },
{ "type": "Feature", "properties": { "id": "node/4912439080", "@id": "node/4912439080", "addr:city": "Lahore", "addr:country": null, "addr:district": null, "addr:housenumber": null, "addr:neighbourhood": null, "addr:postcode": null, "addr:state": null, "addr:street": "Sheikh Abdul Qadir Jillani Road", "addr:subdistrict": null, "addr:suburb": null, "amenity": "school", "architect": null, "barrier": null, "building": null, "building:levels": null, "building:levels:underground": null, "check_date": null, "contact:facebook": null, "contact:instagram": null, "created_by": null, "denomination": null, "education": null, "ele": null, "email": null, "grades": null, "height": null, "image": null, "is_in": null, "level": null, "name": "Government Muslim Model School", "name:en": null, "name:ur": null, "name_1": null, "office": null, "opening_hours": null, "operator": null, "operator:type": null, "phone": null, "polling_station": null, "religion": null, "roof:colour": null, "school": null, "smoking": null, "source": "OSM (Private/Mixed)", "surface": null, "type": null, "website": null, "wheelchair": null, "wikidata": null, "wikipedia": null, "@geometry": null }, "geometry": { "type": "Point", "coordinates": [ 1003484.8112734783208, 3505469.441802193410695 ] } },
{ "type": "Feature", "properties": { "id": "way/620729993", "@id": "way/620729993", "addr:city": null, "addr:country": null, "addr:district": null, "addr:housenumber": null, "addr:neighbourhood": null, "addr:postcode": null, "addr:state": null, "addr:street": null, "addr:subdistrict": null, "addr:suburb": null, "amenity": "school", "architect": null, "barrier": null, "building": null, "building:levels": null, "building:levels:underground": null, "check_date": null, "contact:facebook": null, "contact:instagram": null, "created_by": null, "denomination": null, "education": null, "ele": null, "email": null, "grades": null, "height": null, "image": null, "is_in": null, "level": null, "name": "Central model school", "name:en": null, "name:ur": null, "name_1": null, "office": "educational_institution", "opening_hours": null, "operator": null, "operator:type": null, "phone": null, "polling_station": null, "religion": null, "roof:colour": null, "school": null, "smoking": null, "source": "OSM (Private/Mixed)", "surface": null, "type": null, "website": null, "wheelchair": null, "wikidata": null, "wikipedia": null, "@geometry": "center" }, "geometry": { "type": "Point", "coordinates": [ 1003431.427909901249222, 3505477.032724164426327 ] } },
{ "type": "Feature", "properties": { "id": "way/620729996", "@id": "way/620729996", "addr:city": null, "addr:country": null, "addr:district": null, "addr:housenumber": null, "addr:neighbourhood": null, "addr:postcode": null, "addr:state": null, "addr:street": null, "addr:subdistrict": null, "addr:suburb": null, "amenity": "school", "architect": null, "barrier": null, "building": null, "building:levels": null, "building:levels:underground": null, "check_date": null, "contact:facebook": null, "contact:instagram": null, "created_by": null, "denomination": null, "education": null, "ele": null, "email": null, "grades": null, "height": null, "image": null, "is_in": null, "level": null, "name": "Central model school", "name:en": null, "name:ur": null, "name_1": null, "office": "educational_institution", "opening_hours": null, "operator": null, "operator:type": null, "phone": null, "polling_station": null, "religion": null, "roof:colour": null, "school": null, "smoking": null, "source": "OSM (Private/Mixed)", "surface": null, "type": null, "website": null, "wheelchair": null, "wikidata": null, "wikipedia": null, "@geometry": "center" }, "geometry": { "type": "Point", "coordinates": [ 1003515.893130934098735, 3505479.534626204520464 ] } },
{ "type": "Feature", "properties": { "id": "way/620729997", "@id": "way/620729997", "addr:city": null, "addr:country": null, "addr:district": null, "addr:housenumber": null, "addr:neighbourhood": null, "addr:postcode": null, "addr:state": null, "addr:street": null, "addr:subdistrict": null, "addr:suburb": null, "amenity": "school", "architect": null, "barrier": null, "building": null, "building:levels": null, "building:levels:underground": null, "check_date": null, "contact:facebook": null, "contact:instagram": null, "created_by": null, "denomination": null, "education": null, "ele": null, "email": null, "grades": null, "height": null, "image": null, "is_in": null, "level": null, "name": "Central model school", "name:en": null, "name:ur": null, "name_1": null, "office": "educational_institution", "opening_hours": null, "operator": null, "operator:type": null, "phone": null, "polling_station": null, "religion": null, "roof:colour": null, "school": null, "smoking": null, "source": "OSM (Private/Mixed)", "surface": null, "type": null, "website": null, "wheelchair": null, "wikidata": null, "wikipedia": null, "@geometry": "center" }, "geometry": { "type": "Point", "coordinates": [ 1003500.613821632228792, 3505491.949247789569199 ] } },
{ "type": "Feature", "properties": { "id": "way/620729991", "@id": "way/620729991", "addr:city": null, "addr:country": null, "addr:district": null, "addr:housenumber": null, "addr:neighbourhood": null, "addr:postcode": null, "addr:state": null, "addr:street": null, "addr:subdistrict": null, "addr:suburb": null, "amenity": "school", "architect": null, "barrier": null, "building": null, "building:levels": null, "building:levels:underground": null, "check_date": null, "contact:facebook": null, "contact:instagram": null, "created_by": null, "denomination": null, "education": null, "ele": null, "email": null, "grades": null, "height": null, "image": null, "is_in": null, "level": null, "name": "Central model school", "name:en": null, "name:ur": null, "name_1": null, "office": "educational_institution", "opening_hours": null, "operator": null, "operator:type": null, "phone": null, "polling_station": null, "religion": null, "roof:colour": null, "school": null, "smoking": null, "source": "OSM (Private/Mixed)", "surface": null, "type": null, "website": null, "wheelchair": null, "wikidata": null, "wikipedia": null, "@geometry": "center" }, "geometry": { "type": "Point", "coordinates": [ 1003524.286872266791761, 3505501.537334399763495 ] } },
{ "type": "Feature", "properties": { "id": "way/620729998", "@id": "way/620729998", "addr:city": null, "addr:country": null, "addr:district": null, "addr:housenumber": null, "addr:neighbourhood": null, "addr:postcode": null, "addr:state": null, "addr:street": null, "addr:subdistrict": null, "addr:suburb": null, "amenity": "school", "architect": null, "barrier": null, "building": null, "building:levels": null, "building:levels:underground": null, "check_date": null, "contact:facebook": null, "contact:instagram": null, "created_by": null, "denomination": null, "education": null, "ele": null, "email": null, "grades": null, "height": null, "image": null, "is_in": null, "level": null, "name": "Central model school", "name:en": null, "name:ur": null, "name_1": null, "office": "educational_institution", "opening_hours": null, "operator": null, "operator:type": null, "phone": null, "polling_station": null, "religion": null, "roof:colour": null, "school": null, "smoking": null, "source": "OSM (Private/Mixed)", "surface": null, "type": null, "website": null, "wheelchair": null, "wikidata": null, "wikipedia": null, "@geometry": "center" }, "geometry": { "type": "Point", "coordinates": [ 1003487.78504250315018, 3505506.297383198980242 ] } },
{ "type": "Feature", "properties": { "id": "way/620729992", "@id": "way/620729992", "addr:city": null, "addr:country": null, "addr:district": null, "addr:housenumber": null, "addr:neighbourhood": null, "addr:postcode": null, "addr:state": null, "addr:street": null, "addr:subdistrict": null, "addr:suburb": null, "amenity": "school", "architect": null, "barrier": null, "building": null, "building:levels": null, "building:levels:underground": null, "check_date": null, "contact:facebook": null, "contact:instagram": null, "created_by": null, "denomination": null, "education": null, "ele": null, "email": null, "grades": null, "height": null, "image": null, "is_in": null, "level": null, "name": "Central model school", "name:en": null, "name:ur": null, "name_1": null, "office": "educational_institution", "opening_hours": null, "operator": null, "operator:type": null, "phone": null, "polling_station": null, "religion": null, "roof:colour": null, "school": null, "smoking": null, "source": "OSM (Private/Mixed)", "surface": null, "type": null, "website": null, "wheelchair": null, "wikidata": null, "wikipedia": null, "@geometry": "center" }, "geometry": { "type": "Point", "coordinates": [ 1003455.784882312407717, 3505518.044150528963655 ] } },
{ "type": "Feature", "properties": { "id": "way/620729990", "@id": "way/620729990", "addr:city": null, "addr:country": null, "addr:district": null, "addr:housenumber": null, "addr:neighbourhood": null, "addr:postcode": null, "addr:state": null, "addr:street": null, "addr:subdistrict": null, "addr:suburb": null, "amenity": "school", "architect": null, "barrier": null, "building": null, "building:levels": null, "building:levels:underground": null, "check_date": null, "contact:facebook": null, "contact:instagram": null, "created_by": null, "denomination": null, "education": null, "ele": null, "email": null, "grades": null, "height": null, "image": null, "is_in": null, "level": null, "name": "Central model school", "name:en": null, "name:ur": null, "name_1": null, "office": "educational_institution", "opening_hours": null, "operator": null, "operator:type": null, "phone": null, "polling_station": null, "religion": null, "roof:colour": null, "school": null, "smoking": null, "source": "OSM (Private/Mixed)", "surface": null, "type": null, "website": null, "wheelchair": null, "wikidata": null, "wikipedia": null, "@geometry": "center" }, "geometry": { "type": "Point", "coordinates": [ 1003511.847107616718858, 3505526.312131388112903 ] } },
{ "type": "Feature", "properties": { "id": "way/904354195", "@id": "way/904354195", "addr:city": null, "addr:country": null, "addr:district": null, "addr:housenumber": null, "addr:neighbourhood": null, "addr:postcode": null, "addr:state": null, "addr:street": null, "addr:subdistrict": null, "addr:suburb": null, "amenity": "school", "architect": null, "barrier": null, "building": null, "building:levels": null, "building:levels:underground": null, "check_date": null, "contact:facebook": null, "contact:instagram": null, "created_by": null, "denomination": null, "education": null, "ele": null, "email": null, "grades": null, "height": null, "image": null, "is_in": null, "level": null, "name": "Sacred Heart Convent School", "name:en": null, "name:ur": null, "name_1": null, "office": null, "opening_hours": null, "operator": null, "operator:type": null, "phone": null, "polling_station": null, "religion": null, "roof:colour": null, "school": null, "smoking": null, "source": "OSM (Private/Mixed)", "surface": null, "type": null, "website": null, "wheelchair": null, "wikidata": null, "wikipedia": null, "@geometry": "center" }, "geometry": { "type": "Point", "coordinates": [ 1004717.867077458417043, 3504814.18347440706566 ] } },
{ "type": "Feature", "properties": { "id": "way/319651873", "@id": "way/319651873", "addr:city": null, "addr:country": null, "addr:district": null, "addr:housenumber": null, "addr:neighbourhood": null, "addr:postcode": null, "addr:state": null, "addr:street": null, "addr:subdistrict": null, "addr:suburb": null, "amenity": "school", "architect": null, "barrier": null, "building": null, "building:levels": null, "building:levels:underground": null, "check_date": null, "contact:facebook": null, "contact:instagram": null, "created_by": null, "denomination": null, "education": null, "ele": null, "email": null, "grades": null, "height": null, "image": null, "is_in": null, "level": null, "name": "Oriental College - Punjab University", "name:en": null, "name:ur": null, "name_1": null, "office": null, "opening_hours": null, "operator": null, "operator:type": null, "phone": null, "polling_station": null, "religion": null, "roof:colour": null, "school": null, "smoking": null, "source": "OSM (Private/Mixed)", "surface": null, "type": null, "website": null, "wheelchair": null, "wikidata": null, "wikipedia": null, "@geometry": "center" }, "geometry": { "type": "Point", "coordinates": [ 1004235.224735357332975, 3505240.753619072958827 ] } },
{ "type": "Feature", "properties": { "id": "node/3260928489", "@id": "node/3260928489", "addr:city": null, "addr:country": null, "addr:district": null, "addr:housenumber": null, "addr:neighbourhood": null, "addr:postcode": null, "addr:state": null, "addr:street": null, "addr:subdistrict": null, "addr:suburb": null, "amenity": "school", "architect": null, "barrier": null, "building": null, "building:levels": null, "building:levels:underground": null, "check_date": null, "contact:facebook": null, "contact:instagram": null, "created_by": null, "denomination": null, "education": null, "ele": null, "email": null, "grades": null, "height": null, "image": null, "is_in": null, "level": null, "name": "Saint Francis High School", "name:en": null, "name:ur": null, "name_1": null, "office": null, "opening_hours": null, "operator": null, "operator:type": null, "phone": null, "polling_station": null, "religion": null, "roof:colour": null, "school": null, "smoking": null, "source": "OSM (Private/Mixed)", "surface": null, "type": null, "website": null, "wheelchair": null, "wikidata": null, "wikipedia": null, "@geometry": null }, "geometry": { "type": "Point", "coordinates": [ 1004238.66763402777724, 3505244.227213834878057 ] } },
{ "type": "Feature", "properties": { "id": "way/1320817650", "@id": "way/1320817650", "addr:city": null, "addr:country": null, "addr:district": null, "addr:housenumber": null, "addr:neighbourhood": null, "addr:postcode": null, "addr:state": null, "addr:street": null, "addr:subdistrict": null, "addr:suburb": null, "amenity": "school", "architect": null, "barrier": null, "building": null, "building:levels": null, "building:levels:underground": null, "check_date": null, "contact:facebook": null, "contact:instagram": null, "created_by": null, "denomination": null, "education": null, "ele": null, "email": null, "grades": null, "height": null, "image": null, "is_in": null, "level": null, "name": "GGHS Junior Model Gawalmandi", "name:en": null, "name:ur": null, "name_1": null, "office": null, "opening_hours": null, "operator": null, "operator:type": null, "phone": null, "polling_station": null, "religion": null, "roof:colour": null, "school": null, "smoking": null, "source": "OSM (Private/Mixed)", "surface": null, "type": null, "website": null, "wheelchair": null, "wikidata": null, "wikipedia": null, "@geometry": "center" }, "geometry": { "type": "Point", "coordinates": [ 1005202.401609468273818, 3505345.841877002734691 ] } },
{ "type": "Feature", "properties": { "id": "way/1320817248", "@id": "way/1320817248", "addr:city": null, "addr:country": null, "addr:district": null, "addr:housenumber": null, "addr:neighbourhood": null, "addr:postcode": null, "addr:state": null, "addr:street": null, "addr:subdistrict": null, "addr:suburb": null, "amenity": "school", "architect": null, "barrier": null, "building": null, "building:levels": null, "building:levels:underground": null, "check_date": null, "contact:facebook": null, "contact:instagram": null, "created_by": null, "denomination": null, "education": null, "ele": null, "email": null, "grades": null, "height": null, "image": null, "is_in": null, "level": null, "name": "GGHS Anjuman-e-Islamia Gawalmandi", "name:en": null, "name:ur": null, "name_1": null, "office": null, "opening_hours": null, "operator": null, "operator:type": null, "phone": null, "polling_station": null, "religion": null, "roof:colour": null, "school": null, "smoking": null, "source": "OSM (Private/Mixed)", "surface": null, "type": null, "website": null, "wheelchair": null, "wikidata": null, "wikipedia": null, "@geometry": "center" }, "geometry": { "type": "Point", "coordinates": [ 1005228.531017947709188, 3505364.6594791370444 ] } },
{ "type": "Feature", "properties": { "id": "way/762186844", "@id": "way/762186844", "addr:city": null, "addr:country": null, "addr:district": null, "addr:housenumber": null, "addr:neighbourhood": null, "addr:postcode": null, "addr:state": null, "addr:street": null, "addr:subdistrict": null, "addr:suburb": null, "amenity": "school", "architect": null, "barrier": null, "building": null, "building:levels": null, "building:levels:underground": null, "check_date": null, "contact:facebook": null, "contact:instagram": null, "created_by": null, "denomination": null, "education": null, "ele": null, "email": null, "grades": null, "height": null, "image": null, "is_in": null, "level": null, "name": "Government Degree College", "name:en": null, "name:ur": null, "name_1": null, "office": null, "opening_hours": null, "operator": null, "operator:type": null, "phone": null, "polling_station": null, "religion": null, "roof:colour": null, "school": null, "smoking": null, "source": "OSM (Private/Mixed)", "surface": null, "type": null, "website": null, "wheelchair": null, "wikidata": null, "wikipedia": null, "@geometry": "center" }, "geometry": { "type": "Point", "coordinates": [ 1005130.873516535852104, 3505440.12331152940169 ] } },
{ "type": "Feature", "properties": { "id": "way/1323300941", "@id": "way/1323300941", "addr:city": null, "addr:country": null, "addr:district": null, "addr:housenumber": null, "addr:neighbourhood": null, "addr:postcode": null, "addr:state": null, "addr:street": "Krishna Gali No. 2", "addr:subdistrict": null, "addr:suburb": null, "amenity": "school", "architect": null, "barrier": null, "building": null, "building:levels": null, "building:levels:underground": null, "check_date": null, "contact:facebook": null, "contact:instagram": null, "created_by": null, "denomination": null, "education": null, "ele": null, "email": null, "grades": null, "height": null, "image": null, "is_in": null, "level": null, "name": "Government Middle School Gowalmandi", "name:en": null, "name:ur": null, "name_1": null, "office": null, "opening_hours": null, "operator": null, "operator:type": null, "phone": null, "polling_station": null, "religion": null, "roof:colour": null, "school": null, "smoking": null, "source": "OSM (Private/Mixed)", "surface": null, "type": null, "website": null, "wheelchair": null, "wikidata": null, "wikipedia": null, "@geometry": "center" }, "geometry": { "type": "Point", "coordinates": [ 1005010.311224539997056, 3505516.67532911291346 ] } },
{ "type": "Feature", "properties": { "id": "way/606609369", "@id": "way/606609369", "addr:city": null, "addr:country": null, "addr:district": null, "addr:housenumber": null, "addr:neighbourhood": null, "addr:postcode": null, "addr:state": null, "addr:street": null, "addr:subdistrict": null, "addr:suburb": null, "amenity": "school", "architect": null, "barrier": null, "building": null, "building:levels": null, "building:levels:underground": null, "check_date": null, "contact:facebook": null, "contact:instagram": null, "created_by": null, "denomination": null, "education": null, "ele": null, "email": null, "grades": null, "height": null, "image": null, "is_in": null, "level": null, "name": "GHS Watan Islamia", "name:en": null, "name:ur": "جی ایچ ایس وطن اسلامیہ", "name_1": null, "office": null, "opening_hours": null, "operator": null, "operator:type": null, "phone": null, "polling_station": null, "religion": null, "roof:colour": null, "school": null, "smoking": null, "source": "OSM (Private/Mixed)", "surface": null, "type": null, "website": null, "wheelchair": null, "wikidata": null, "wikipedia": null, "@geometry": "center" }, "geometry": { "type": "Point", "coordinates": [ 1005745.44163156952709, 3505696.669985694810748 ] } },
{ "type": "Feature", "properties": { "id": "node/5759425670", "@id": "node/5759425670", "addr:city": null, "addr:country": null, "addr:district": null, "addr:housenumber": null, "addr:neighbourhood": null, "addr:postcode": null, "addr:state": null, "addr:street": null, "addr:subdistrict": null, "addr:suburb": null, "amenity": "school", "architect": null, "barrier": null, "building": null, "building:levels": null, "building:levels:underground": null, "check_date": null, "contact:facebook": null, "contact:instagram": null, "created_by": null, "denomination": null, "education": null, "ele": null, "email": null, "grades": null, "height": null, "image": null, "is_in": null, "level": null, "name": "حکومت وکٹوریہ گرلز ہائر سیکنڈری سکول", "name:en": "Victoria Girls School", "name:ur": null, "name_1": null, "office": null, "opening_hours": null, "operator": null, "operator:type": null, "phone": null, "polling_station": null, "religion": null, "roof:colour": null, "school": null, "smoking": null, "source": "OSM (Private/Mixed)", "surface": null, "type": null, "website": null, "wheelchair": null, "wikidata": null, "wikipedia": null, "@geometry": null }, "geometry": { "type": "Point", "coordinates": [ 1004286.904855300090276, 3506076.147351302672178 ] } },
{ "type": "Feature", "properties": { "id": "way/968635865", "@id": "way/968635865", "addr:city": null, "addr:country": null, "addr:district": null, "addr:housenumber": null, "addr:neighbourhood": null, "addr:postcode": null, "addr:state": null, "addr:street": null, "addr:subdistrict": null, "addr:suburb": null, "amenity": "school", "architect": null, "barrier": null, "building": null, "building:levels": null, "building:levels:underground": null, "check_date": null, "contact:facebook": null, "contact:instagram": null, "created_by": null, "denomination": null, "education": null, "ele": null, "email": null, "grades": null, "height": null, "image": null, "is_in": null, "level": null, "name": null, "name:en": null, "name:ur": null, "name_1": null, "office": null, "opening_hours": null, "operator": null, "operator:type": null, "phone": null, "polling_station": null, "religion": null, "roof:colour": null, "school": null, "smoking": null, "source": "OSM (Private/Mixed)", "surface": null, "type": null, "website": null, "wheelchair": null, "wikidata": null, "wikipedia": null, "@geometry": "center" }, "geometry": { "type": "Point", "coordinates": [ 1005299.415794176980853, 3506371.212749463971704 ] } },
{ "type": "Feature", "properties": { "id": "way/620729989", "@id": "way/620729989", "addr:city": null, "addr:country": null, "addr:district": null, "addr:housenumber": null, "addr:neighbourhood": null, "addr:postcode": null, "addr:state": null, "addr:street": null, "addr:subdistrict": null, "addr:suburb": null, "amenity": "school", "architect": null, "barrier": null, "building": null, "building:levels": null, "building:levels:underground": null, "check_date": null, "contact:facebook": null, "contact:instagram": null, "created_by": null, "denomination": null, "education": null, "ele": null, "email": null, "grades": null, "height": null, "image": null, "is_in": null, "level": null, "name": "Central model school", "name:en": null, "name:ur": null, "name_1": null, "office": "educational_institution", "opening_hours": null, "operator": null, "operator:type": null, "phone": null, "polling_station": null, "religion": null, "roof:colour": null, "school": null, "smoking": null, "source": "OSM (Private/Mixed)", "surface": null, "type": null, "website": null, "wheelchair": null, "wikidata": null, "wikipedia": null, "@geometry": "center" }, "geometry": { "type": "Point", "coordinates": [ 1003498.365738626103848, 3505549.578108639921993 ] } },
{ "type": "Feature", "properties": { "id": "node/4912439081", "@id": "node/4912439081", "addr:city": "Lahore", "addr:country": null, "addr:district": null, "addr:housenumber": null, "addr:neighbourhood": null, "addr:postcode": null, "addr:state": null, "addr:street": "Rettigan Road", "addr:subdistrict": null, "addr:suburb": null, "amenity": "school", "architect": null, "barrier": null, "building": null, "building:levels": null, "building:levels:underground": null, "check_date": null, "contact:facebook": null, "contact:instagram": null, "created_by": null, "denomination": null, "education": null, "ele": null, "email": null, "grades": null, "height": null, "image": null, "is_in": null, "level": null, "name": "Central Model School", "name:en": null, "name:ur": null, "name_1": null, "office": null, "opening_hours": null, "operator": null, "operator:type": null, "phone": null, "polling_station": null, "religion": null, "roof:colour": null, "school": null, "smoking": null, "source": "OSM (Private/Mixed)", "surface": null, "type": null, "website": null, "wheelchair": null, "wikidata": null, "wikipedia": null, "@geometry": null }, "geometry": { "type": "Point", "coordinates": [ 1003524.163489197613671, 3505552.702004829421639 ] } },
{ "type": "Feature", "properties": { "id": "way/620729988", "@id": "way/620729988", "addr:city": null, "addr:country": null, "addr:district": null, "addr:housenumber": null, "addr:neighbourhood": null, "addr:postcode": null, "addr:state": null, "addr:street": null, "addr:subdistrict": null, "addr:suburb": null, "amenity": null, "architect": null, "barrier": null, "building": "school", "building:levels": null, "building:levels:underground": null, "check_date": null, "contact:facebook": null, "contact:instagram": null, "created_by": null, "denomination": null, "education": null, "ele": null, "email": null, "grades": null, "height": null, "image": null, "is_in": null, "level": null, "name": null, "name:en": null, "name:ur": null, "name_1": null, "office": null, "opening_hours": null, "operator": null, "operator:type": null, "phone": null, "polling_station": null, "religion": null, "roof:colour": null, "school": null, "smoking": null, "source": "OSM (Private/Mixed)", "surface": null, "type": null, "website": null, "wheelchair": null, "wikidata": null, "wikipedia": null, "@geometry": "center" }, "geometry": { "type": "Point", "coordinates": [ 1003611.063195329974405, 3505566.866305955685675 ] } },
{ "type": "Feature", "properties": { "id": "way/620729986", "@id": "way/620729986", "addr:city": null, "addr:country": null, "addr:district": null, "addr:housenumber": null, "addr:neighbourhood": null, "addr:postcode": null, "addr:state": null, "addr:street": null, "addr:subdistrict": null, "addr:suburb": null, "amenity": null, "architect": null, "barrier": null, "building": "school", "building:levels": null, "building:levels:underground": null, "check_date": null, "contact:facebook": null, "contact:instagram": null, "created_by": null, "denomination": null, "education": null, "ele": null, "email": null, "grades": null, "height": null, "image": null, "is_in": null, "level": null, "name": null, "name:en": null, "name:ur": null, "name_1": null, "office": null, "opening_hours": null, "operator": null, "operator:type": null, "phone": null, "polling_station": null, "religion": null, "roof:colour": null, "school": null, "smoking": null, "source": "OSM (Private/Mixed)", "surface": null, "type": null, "website": null, "wheelchair": null, "wikidata": null, "wikipedia": null, "@geometry": "center" }, "geometry": { "type": "Point", "coordinates": [ 1003497.943988588871434, 3505583.942238998133689 ] } },
{ "type": "Feature", "properties": { "id": "way/620729987", "@id": "way/620729987", "addr:city": null, "addr:country": null, "addr:district": null, "addr:housenumber": null, "addr:neighbourhood": null, "addr:postcode": null, "addr:state": null, "addr:street": null, "addr:subdistrict": null, "addr:suburb": null, "amenity": null, "architect": null, "barrier": null, "building": "school", "building:levels": null, "building:levels:underground": null, "check_date": null, "contact:facebook": null, "contact:instagram": null, "created_by": null, "denomination": null, "education": null, "ele": null, "email": null, "grades": null, "height": null, "image": null, "is_in": null, "level": null, "name": null, "name:en": null, "name:ur": null, "name_1": null, "office": null, "opening_hours": null, "operator": null, "operator:type": null, "phone": null, "polling_station": null, "religion": null, "roof:colour": null, "school": null, "smoking": null, "source": "OSM (Private/Mixed)", "surface": null, "type": null, "website": null, "wheelchair": null, "wikidata": null, "wikipedia": null, "@geometry": "center" }, "geometry": { "type": "Point", "coordinates": [ 1003564.268846010556445, 3505595.358614866621792 ] } },
{ "type": "Feature", "properties": { "id": "node/4912439083", "@id": "node/4912439083", "addr:city": "Lahore", "addr:country": null, "addr:district": null, "addr:housenumber": null, "addr:neighbourhood": null, "addr:postcode": null, "addr:state": null, "addr:street": "Lower Mall", "addr:subdistrict": null, "addr:suburb": null, "amenity": "school", "architect": null, "barrier": null, "building": null, "building:levels": null, "building:levels:underground": null, "check_date": null, "contact:facebook": null, "contact:instagram": null, "created_by": null, "denomination": null, "education": null, "ele": null, "email": null, "grades": null, "height": null, "image": null, "is_in": null, "level": null, "name": "Govt. Saleem Model High School", "name:en": null, "name:ur": "حکومت سلیم ماڈل ہائی سکول", "name_1": null, "office": null, "opening_hours": null, "operator": null, "operator:type": null, "phone": null, "polling_station": null, "religion": null, "roof:colour": null, "school": null, "smoking": null, "source": "OSM (Private/Mixed)", "surface": null, "type": null, "website": null, "wheelchair": null, "wikidata": null, "wikipedia": null, "@geometry": null }, "geometry": { "type": "Point", "coordinates": [ 1003893.943195991450921, 3505620.805966068990529 ] } },
{ "type": "Feature", "properties": { "id": "way/1436259184", "@id": "way/1436259184", "addr:city": null, "addr:country": null, "addr:district": null, "addr:housenumber": null, "addr:neighbourhood": null, "addr:postcode": null, "addr:state": null, "addr:street": null, "addr:subdistrict": null, "addr:suburb": null, "amenity": "school", "architect": null, "barrier": null, "building": null, "building:levels": "0", "building:levels:underground": null, "check_date": null, "contact:facebook": null, "contact:instagram": null, "created_by": null, "denomination": null, "education": "school", "ele": null, "email": null, "grades": null, "height": null, "image": null, "is_in": null, "level": null, "name": "Govt School", "name:en": null, "name:ur": null, "name_1": null, "office": null, "opening_hours": null, "operator": null, "operator:type": null, "phone": null, "polling_station": null, "religion": null, "roof:colour": null, "school": null, "smoking": null, "source": "OSM (Private/Mixed)", "surface": null, "type": null, "website": null, "wheelchair": null, "wikidata": null, "wikipedia": null, "@geometry": "center" }, "geometry": { "type": "Point", "coordinates": [ 1003506.378531973110512, 3505701.765309642534703 ] } },
{ "type": "Feature", "properties": { "id": "way/606849271", "@id": "way/606849271", "addr:city": null, "addr:country": null, "addr:district": null, "addr:housenumber": null, "addr:neighbourhood": null, "addr:postcode": null, "addr:state": null, "addr:street": null, "addr:subdistrict": null, "addr:suburb": null, "amenity": "school", "architect": null, "barrier": null, "building": null, "building:levels": null, "building:levels:underground": null, "check_date": null, "contact:facebook": null, "contact:instagram": null, "created_by": null, "denomination": null, "education": null, "ele": null, "email": null, "grades": null, "height": null, "image": null, "is_in": null, "level": null, "name": "Goverment Central Model High School", "name:en": null, "name:ur": null, "name_1": null, "office": null, "opening_hours": null, "operator": null, "operator:type": null, "phone": null, "polling_station": null, "religion": null, "roof:colour": null, "school": null, "smoking": null, "source": "OSM (Private/Mixed)", "surface": null, "type": null, "website": null, "wheelchair": null, "wikidata": null, "wikipedia": null, "@geometry": "center" }, "geometry": { "type": "Point", "coordinates": [ 1003795.38250322593376, 3505705.731258451938629 ] } },
{ "type": "Feature", "properties": { "id": "way/500080233", "@id": "way/500080233", "addr:city": "Lahore", "addr:country": null, "addr:district": null, "addr:housenumber": null, "addr:neighbourhood": null, "addr:postcode": null, "addr:state": null, "addr:street": "Bilal Ghang", "addr:subdistrict": null, "addr:suburb": null, "amenity": "school", "architect": null, "barrier": null, "building": null, "building:levels": null, "building:levels:underground": null, "check_date": null, "contact:facebook": null, "contact:instagram": null, "created_by": null, "denomination": null, "education": null, "ele": null, "email": null, "grades": null, "height": null, "image": null, "is_in": null, "level": null, "name": "City District Govt Boys High School", "name:en": null, "name:ur": null, "name_1": null, "office": null, "opening_hours": null, "operator": null, "operator:type": null, "phone": null, "polling_station": null, "religion": null, "roof:colour": null, "school": null, "smoking": null, "source": "OSM (Private/Mixed)", "surface": null, "type": null, "website": null, "wheelchair": null, "wikidata": null, "wikipedia": null, "@geometry": "center" }, "geometry": { "type": "Point", "coordinates": [ 1003221.372819162672386, 3505981.960234106518328 ] } },
{ "type": "Feature", "properties": { "id": "way/500080236", "@id": "way/500080236", "addr:city": "Lahore", "addr:country": null, "addr:district": null, "addr:housenumber": null, "addr:neighbourhood": null, "addr:postcode": null, "addr:state": null, "addr:street": "Bilal Ghang", "addr:subdistrict": null, "addr:suburb": null, "amenity": "school", "architect": null, "barrier": null, "building": null, "building:levels": null, "building:levels:underground": null, "check_date": null, "contact:facebook": null, "contact:instagram": null, "created_by": null, "denomination": null, "education": null, "ele": null, "email": null, "grades": null, "height": null, "image": null, "is_in": null, "level": null, "name": "اسلامیہ ہائی سکول", "name:en": "Islamia High School", "name:ur": null, "name_1": null, "office": null, "opening_hours": null, "operator": null, "operator:type": null, "phone": null, "polling_station": null, "religion": null, "roof:colour": null, "school": null, "smoking": null, "source": "OSM (Private/Mixed)", "surface": null, "type": null, "website": null, "wheelchair": null, "wikidata": null, "wikipedia": null, "@geometry": "center" }, "geometry": { "type": "Point", "coordinates": [ 1003497.642702447483316, 3506316.491102635860443 ] } },
{ "type": "Feature", "properties": { "id": "way/905357037", "@id": "way/905357037", "addr:city": null, "addr:country": null, "addr:district": null, "addr:housenumber": null, "addr:neighbourhood": null, "addr:postcode": null, "addr:state": null, "addr:street": null, "addr:subdistrict": null, "addr:suburb": null, "amenity": "school", "architect": null, "barrier": null, "building": null, "building:levels": null, "building:levels:underground": null, "check_date": null, "contact:facebook": null, "contact:instagram": null, "created_by": null, "denomination": null, "education": null, "ele": null, "email": null, "grades": null, "height": null, "image": null, "is_in": null, "level": null, "name": "Muhammadia Girls High School", "name:en": null, "name:ur": "محمدیہ گرلز ہائی اسکول", "name_1": null, "office": null, "opening_hours": null, "operator": null, "operator:type": null, "phone": null, "polling_station": null, "religion": null, "roof:colour": null, "school": null, "smoking": null, "source": "OSM (Private/Mixed)", "surface": null, "type": null, "website": null, "wheelchair": null, "wikidata": null, "wikipedia": null, "@geometry": "center" }, "geometry": { "type": "Point", "coordinates": [ 1003409.734169924980961, 3506412.611213299911469 ] } },
{ "type": "Feature", "properties": { "id": "node/9451069565", "@id": "node/9451069565", "addr:city": null, "addr:country": null, "addr:district": null, "addr:housenumber": null, "addr:neighbourhood": null, "addr:postcode": null, "addr:state": null, "addr:street": null, "addr:subdistrict": null, "addr:suburb": null, "amenity": "school", "architect": null, "barrier": null, "building": null, "building:levels": null, "building:levels:underground": null, "check_date": null, "contact:facebook": null, "contact:instagram": null, "created_by": null, "denomination": null, "education": null, "ele": null, "email": null, "grades": null, "height": null, "image": null, "is_in": null, "level": null, "name": "Naqsh School of Arts", "name:en": null, "name:ur": "نقش اسکول آف آرٹس", "name_1": null, "office": null, "opening_hours": null, "operator": null, "operator:type": null, "phone": null, "polling_station": null, "religion": null, "roof:colour": null, "school": null, "smoking": null, "source": "OSM (Private/Mixed)", "surface": null, "type": null, "website": null, "wheelchair": null, "wikidata": null, "wikipedia": null, "@geometry": null }, "geometry": { "type": "Point", "coordinates": [ 1004108.092544732382521, 3506525.112690792884678 ] } },
{ "type": "Feature", "properties": { "id": "node/4912291867", "@id": "node/4912291867", "addr:city": "Lahore", "addr:country": null, "addr:district": null, "addr:housenumber": null, "addr:neighbourhood": null, "addr:postcode": null, "addr:state": null, "addr:street": "Data Darbar Road", "addr:subdistrict": null, "addr:suburb": null, "amenity": "school", "architect": null, "barrier": null, "building": null, "building:levels": null, "building:levels:underground": null, "check_date": null, "contact:facebook": null, "contact:instagram": null, "created_by": null, "denomination": null, "education": null, "ele": null, "email": null, "grades": null, "height": null, "image": null, "is_in": null, "level": null, "name": "Farooqi Grammar School", "name:en": null, "name:ur": null, "name_1": null, "office": null, "opening_hours": null, "operator": null, "operator:type": null, "phone": null, "polling_station": null, "religion": null, "roof:colour": null, "school": null, "smoking": null, "source": "OSM (Private/Mixed)", "surface": null, "type": null, "website": null, "wheelchair": null, "wikidata": null, "wikipedia": null, "@geometry": null }, "geometry": { "type": "Point", "coordinates": [ 1003634.798295272048563, 3506958.103995931334794 ] } },
{ "type": "Feature", "properties": { "id": "node/4912291863", "@id": "node/4912291863", "addr:city": "Lahore", "addr:country": null, "addr:district": null, "addr:housenumber": null, "addr:neighbourhood": null, "addr:postcode": null, "addr:state": null, "addr:street": "Lnk Ravi Road", "addr:subdistrict": null, "addr:suburb": null, "amenity": "school", "architect": null, "barrier": null, "building": null, "building:levels": null, "building:levels:underground": null, "check_date": null, "contact:facebook": null, "contact:instagram": null, "created_by": null, "denomination": null, "education": null, "ele": null, "email": null, "grades": null, "height": null, "image": null, "is_in": null, "level": null, "name": "EFA School Naseem Campus", "name:en": null, "name:ur": "ای ایف اے سکول نسیم کیمپس", "name_1": null, "office": null, "opening_hours": null, "operator": null, "operator:type": null, "phone": null, "polling_station": null, "religion": null, "roof:colour": null, "school": null, "smoking": null, "source": "OSM (Private/Mixed)", "surface": null, "type": null, "website": null, "wheelchair": null, "wikidata": null, "wikipedia": null, "@geometry": null }, "geometry": { "type": "Point", "coordinates": [ 1003542.185426349053159, 3507178.241827707272023 ] } },
{ "type": "Feature", "properties": { "id": "node/4912575663", "@id": "node/4912575663", "addr:city": "Lahore", "addr:country": null, "addr:district": null, "addr:housenumber": null, "addr:neighbourhood": null, "addr:postcode": null, "addr:state": null, "addr:street": "Circular Road", "addr:subdistrict": null, "addr:suburb": null, "amenity": "school", "architect": null, "barrier": null, "building": null, "building:levels": null, "building:levels:underground": null, "check_date": null, "contact:facebook": null, "contact:instagram": null, "created_by": null, "denomination": null, "education": null, "ele": null, "email": null, "grades": null, "height": null, "image": null, "is_in": null, "level": null, "name": null, "name:en": null, "name:ur": "تنظیم المدارس اہلسنت", "name_1": null, "office": null, "opening_hours": null, "operator": null, "operator:type": null, "phone": null, "polling_station": null, "religion": null, "roof:colour": null, "school": null, "smoking": null, "source": "OSM (Private/Mixed)", "surface": null, "type": null, "website": null, "wheelchair": null, "wikidata": null, "wikipedia": null, "@geometry": null }, "geometry": { "type": "Point", "coordinates": [ 1003848.644113424699754, 3507588.048926300834864 ] } },
{ "type": "Feature", "properties": { "id": "way/500119254", "@id": "way/500119254", "addr:city": "Lahore", "addr:country": null, "addr:district": null, "addr:housenumber": null, "addr:neighbourhood": null, "addr:postcode": null, "addr:state": null, "addr:street": "Ravi Rd", "addr:subdistrict": null, "addr:suburb": null, "amenity": "school", "architect": null, "barrier": null, "building": null, "building:levels": null, "building:levels:underground": null, "check_date": null, "contact:facebook": null, "contact:instagram": null, "created_by": null, "denomination": null, "education": null, "ele": null, "email": null, "grades": null, "height": null, "image": null, "is_in": null, "level": null, "name": "MCL Boys High School QLS", "name:en": null, "name:ur": null, "name_1": null, "office": null, "opening_hours": null, "operator": null, "operator:type": null, "phone": null, "polling_station": null, "religion": null, "roof:colour": null, "school": null, "smoking": null, "source": "OSM (Private/Mixed)", "surface": null, "type": null, "website": null, "wheelchair": null, "wikidata": null, "wikipedia": null, "@geometry": "center" }, "geometry": { "type": "Point", "coordinates": [ 1003845.964673242764547, 3507907.368403398431838 ] } },
{ "type": "Feature", "properties": { "id": "node/4912575658", "@id": "node/4912575658", "addr:city": "Lahore", "addr:country": null, "addr:district": null, "addr:housenumber": null, "addr:neighbourhood": null, "addr:postcode": null, "addr:state": null, "addr:street": "Ravi Rd", "addr:subdistrict": null, "addr:suburb": null, "amenity": "school", "architect": null, "barrier": null, "building": null, "building:levels": null, "building:levels:underground": null, "check_date": null, "contact:facebook": null, "contact:instagram": null, "created_by": null, "denomination": null, "education": null, "ele": null, "email": null, "grades": null, "height": null, "image": null, "is_in": null, "level": null, "name": "Allied School Ravi Road Campus", "name:en": null, "name:ur": null, "name_1": null, "office": null, "opening_hours": null, "operator": null, "operator:type": null, "phone": null, "polling_station": null, "religion": null, "roof:colour": null, "school": null, "smoking": null, "source": "OSM (Private/Mixed)", "surface": null, "type": null, "website": null, "wheelchair": null, "wikidata": null, "wikipedia": null, "@geometry": null }, "geometry": { "type": "Point", "coordinates": [ 1003746.749147131456994, 3507920.950932264793664 ] } },
{ "type": "Feature", "properties": { "id": "node/4912575649", "@id": "node/4912575649", "addr:city": "Lahore", "addr:country": null, "addr:district": null, "addr:housenumber": null, "addr:neighbourhood": null, "addr:postcode": null, "addr:state": null, "addr:street": "Ravi Rd", "addr:subdistrict": null, "addr:suburb": null, "amenity": "school", "architect": null, "barrier": null, "building": null, "building:levels": null, "building:levels:underground": null, "check_date": null, "contact:facebook": null, "contact:instagram": null, "created_by": null, "denomination": null, "education": null, "ele": null, "email": null, "grades": null, "height": null, "image": null, "is_in": null, "level": null, "name": "Govt Girls High School", "name:en": null, "name:ur": null, "name_1": null, "office": null, "opening_hours": null, "operator": null, "operator:type": null, "phone": null, "polling_station": null, "religion": null, "roof:colour": null, "school": null, "smoking": null, "source": "OSM (Private/Mixed)", "surface": null, "type": null, "website": null, "wheelchair": null, "wikidata": null, "wikipedia": null, "@geometry": null }, "geometry": { "type": "Point", "coordinates": [ 1003912.921332524158061, 3507977.127026215195656 ] } },
{ "type": "Feature", "properties": { "id": "way/904315305", "@id": "way/904315305", "addr:city": null, "addr:country": null, "addr:district": null, "addr:housenumber": null, "addr:neighbourhood": null, "addr:postcode": null, "addr:state": null, "addr:street": null, "addr:subdistrict": null, "addr:suburb": null, "amenity": "school", "architect": null, "barrier": null, "building": null, "building:levels": null, "building:levels:underground": null, "check_date": null, "contact:facebook": null, "contact:instagram": null, "created_by": null, "denomination": null, "education": null, "ele": null, "email": null, "grades": null, "height": null, "image": null, "is_in": null, "level": null, "name": "Govt Ayesha Degree College for Women", "name:en": null, "name:ur": null, "name_1": null, "office": null, "opening_hours": null, "operator": null, "operator:type": null, "phone": null, "polling_station": null, "religion": null, "roof:colour": null, "school": null, "smoking": null, "source": "OSM (Private/Mixed)", "surface": null, "type": null, "website": null, "wheelchair": null, "wikidata": null, "wikipedia": null, "@geometry": "center" }, "geometry": { "type": "Point", "coordinates": [ 1003426.65717780822888, 3508484.120360612403601 ] } },
{ "type": "Feature", "properties": { "id": "node/4910585754", "@id": "node/4910585754", "addr:city": "Shahdara", "addr:country": null, "addr:district": null, "addr:housenumber": null, "addr:neighbourhood": null, "addr:postcode": null, "addr:state": null, "addr:street": "Band Road Shahdara Town", "addr:subdistrict": null, "addr:suburb": null, "amenity": "school", "architect": null, "barrier": null, "building": null, "building:levels": null, "building:levels:underground": null, "check_date": null, "contact:facebook": null, "contact:instagram": null, "created_by": null, "denomination": null, "education": null, "ele": null, "email": null, "grades": null, "height": null, "image": null, "is_in": null, "level": null, "name": "Muslim Ideal School", "name:en": null, "name:ur": null, "name_1": null, "office": null, "opening_hours": null, "operator": null, "operator:type": null, "phone": null, "polling_station": null, "religion": null, "roof:colour": null, "school": null, "smoking": null, "source": "OSM (Private/Mixed)", "surface": null, "type": null, "website": null, "wheelchair": null, "wikidata": null, "wikipedia": null, "@geometry": null }, "geometry": { "type": "Point", "coordinates": [ 1003411.976072308607399, 3511228.154409607872367 ] } },
{ "type": "Feature", "properties": { "id": "way/704819252", "@id": "way/704819252", "addr:city": null, "addr:country": null, "addr:district": null, "addr:housenumber": null, "addr:neighbourhood": null, "addr:postcode": null, "addr:state": null, "addr:street": null, "addr:subdistrict": null, "addr:suburb": null, "amenity": null, "architect": null, "barrier": null, "building": "school", "building:levels": "2", "building:levels:underground": null, "check_date": null, "contact:facebook": null, "contact:instagram": null, "created_by": null, "denomination": null, "education": null, "ele": null, "email": null, "grades": null, "height": null, "image": null, "is_in": null, "level": null, "name": "Haramain Model High School", "name:en": null, "name:ur": null, "name_1": null, "office": null, "opening_hours": null, "operator": null, "operator:type": null, "phone": null, "polling_station": null, "religion": null, "roof:colour": null, "school": null, "smoking": null, "source": "OSM (Private/Mixed)", "surface": null, "type": null, "website": null, "wheelchair": null, "wikidata": null, "wikipedia": null, "@geometry": "center" }, "geometry": { "type": "Point", "coordinates": [ 1001238.169581444119103, 3503939.481120429001749 ] } },
{ "type": "Feature", "properties": { "id": "node/4910585749", "@id": "node/4910585749", "addr:city": "Shahdara", "addr:country": null, "addr:district": null, "addr:housenumber": null, "addr:neighbourhood": null, "addr:postcode": null, "addr:state": null, "addr:street": "Grand Trunk Road", "addr:subdistrict": null, "addr:suburb": null, "amenity": "school", "architect": null, "barrier": null, "building": null, "building:levels": null, "building:levels:underground": null, "check_date": null, "contact:facebook": null, "contact:instagram": null, "created_by": null, "denomination": null, "education": null, "ele": null, "email": null, "grades": null, "height": null, "image": null, "is_in": null, "level": null, "name": "گورنمنٹ ہائی اسکول شاہدرہ", "name:en": null, "name:ur": null, "name_1": null, "office": null, "opening_hours": null, "operator": null, "operator:type": null, "phone": null, "polling_station": null, "religion": null, "roof:colour": null, "school": null, "smoking": null, "source": "OSM (Private/Mixed)", "surface": null, "type": null, "website": null, "wheelchair": null, "wikidata": null, "wikipedia": null, "@geometry": null }, "geometry": { "type": "Point", "coordinates": [ 1002265.930454140296206, 3510790.160113268531859 ] } },
{ "type": "Feature", "properties": { "id": "node/4910219499", "@id": "node/4910219499", "addr:city": "Shahdara", "addr:country": null, "addr:district": null, "addr:housenumber": null, "addr:neighbourhood": null, "addr:postcode": null, "addr:state": null, "addr:street": "Grand Trunk Road", "addr:subdistrict": null, "addr:suburb": null, "amenity": "school", "architect": null, "barrier": null, "building": null, "building:levels": null, "building:levels:underground": null, "check_date": null, "contact:facebook": null, "contact:instagram": null, "created_by": null, "denomination": null, "education": null, "ele": null, "email": null, "grades": null, "height": null, "image": null, "is_in": null, "level": null, "name": "CDG Boys High School, Factory Area Shahdara", "name:en": null, "name:ur": null, "name_1": null, "office": null, "opening_hours": null, "operator": null, "operator:type": null, "phone": null, "polling_station": null, "religion": null, "roof:colour": null, "school": null, "smoking": null, "source": "OSM (Private/Mixed)", "surface": null, "type": null, "website": null, "wheelchair": null, "wikidata": null, "wikipedia": null, "@geometry": null }, "geometry": { "type": "Point", "coordinates": [ 1001912.272624610457569, 3511153.840480586979538 ] } },
{ "type": "Feature", "properties": { "id": "way/686608889", "@id": "way/686608889", "addr:city": "Lahore", "addr:country": null, "addr:district": null, "addr:housenumber": null, "addr:neighbourhood": null, "addr:postcode": null, "addr:state": null, "addr:street": null, "addr:subdistrict": null, "addr:suburb": null, "amenity": null, "architect": null, "barrier": null, "building": "school", "building:levels": null, "building:levels:underground": null, "check_date": null, "contact:facebook": null, "contact:instagram": null, "created_by": null, "denomination": null, "education": null, "ele": "2", "email": null, "grades": null, "height": null, "image": null, "is_in": null, "level": null, "name": "Govt. Girls High School", "name:en": null, "name:ur": null, "name_1": null, "office": null, "opening_hours": null, "operator": null, "operator:type": null, "phone": null, "polling_station": null, "religion": null, "roof:colour": null, "school": null, "smoking": null, "source": "OSM (Private/Mixed)", "surface": null, "type": null, "website": null, "wheelchair": null, "wikidata": null, "wikipedia": null, "@geometry": "center" }, "geometry": { "type": "Point", "coordinates": [ 1016184.12921774154529, 3499437.539986500982195 ] } },
{ "type": "Feature", "properties": { "id": "node/4794984423", "@id": "node/4794984423", "addr:city": null, "addr:country": null, "addr:district": null, "addr:housenumber": null, "addr:neighbourhood": null, "addr:postcode": null, "addr:state": null, "addr:street": null, "addr:subdistrict": null, "addr:suburb": null, "amenity": "school", "architect": null, "barrier": null, "building": null, "building:levels": null, "building:levels:underground": null, "check_date": null, "contact:facebook": null, "contact:instagram": null, "created_by": null, "denomination": null, "education": null, "ele": null, "email": null, "grades": null, "height": null, "image": null, "is_in": null, "level": null, "name": "Fazaia Intermediate College", "name:en": "Fazaia Intermediate College", "name:ur": "فضائیہ انٹرمیڈیٹ کالج", "name_1": null, "office": null, "opening_hours": null, "operator": null, "operator:type": null, "phone": null, "polling_station": null, "religion": null, "roof:colour": null, "school": null, "smoking": null, "source": "OSM (Private/Mixed)", "surface": null, "type": null, "website": null, "wheelchair": null, "wikidata": null, "wikipedia": null, "@geometry": null }, "geometry": { "type": "Point", "coordinates": [ 1012452.790018630214036, 3499697.885892366059124 ] } },
{ "type": "Feature", "properties": { "id": "way/687489000", "@id": "way/687489000", "addr:city": "Lahore", "addr:country": null, "addr:district": null, "addr:housenumber": "32/1, J Block DHA Phase 8", "addr:neighbourhood": null, "addr:postcode": null, "addr:state": null, "addr:street": null, "addr:subdistrict": null, "addr:suburb": null, "amenity": null, "architect": null, "barrier": null, "building": "school", "building:levels": null, "building:levels:underground": null, "check_date": null, "contact:facebook": null, "contact:instagram": null, "created_by": null, "denomination": null, "education": null, "ele": "3", "email": null, "grades": null, "height": null, "image": null, "is_in": null, "level": null, "name": "Learning Alliance - Lahore Preschool DHA", "name:en": null, "name:ur": null, "name_1": null, "office": null, "opening_hours": null, "operator": null, "operator:type": null, "phone": null, "polling_station": null, "religion": null, "roof:colour": null, "school": null, "smoking": null, "source": "OSM (Private/Mixed)", "surface": null, "type": null, "website": null, "wheelchair": null, "wikidata": null, "wikipedia": null, "@geometry": "center" }, "geometry": { "type": "Point", "coordinates": [ 1016489.449442346580327, 3500688.927082981448621 ] } },
{ "type": "Feature", "properties": { "id": "way/687489001", "@id": "way/687489001", "addr:city": "Lahore", "addr:country": null, "addr:district": null, "addr:housenumber": "32/3, J Block DHA Phase 8", "addr:neighbourhood": null, "addr:postcode": null, "addr:state": null, "addr:street": null, "addr:subdistrict": null, "addr:suburb": null, "amenity": null, "architect": null, "barrier": null, "building": "school", "building:levels": null, "building:levels:underground": null, "check_date": null, "contact:facebook": null, "contact:instagram": null, "created_by": null, "denomination": null, "education": null, "ele": "3", "email": null, "grades": null, "height": null, "image": null, "is_in": null, "level": null, "name": "LGS International", "name:en": null, "name:ur": null, "name_1": null, "office": null, "opening_hours": null, "operator": null, "operator:type": null, "phone": null, "polling_station": null, "religion": null, "roof:colour": null, "school": null, "smoking": null, "source": "OSM (Private/Mixed)", "surface": null, "type": null, "website": null, "wheelchair": null, "wikidata": null, "wikipedia": null, "@geometry": "center" }, "geometry": { "type": "Point", "coordinates": [ 1016620.005132091930136, 3500691.127356030512601 ] } },
{ "type": "Feature", "properties": { "id": "way/687491337", "@id": "way/687491337", "addr:city": "Lahore", "addr:country": null, "addr:district": null, "addr:housenumber": null, "addr:neighbourhood": null, "addr:postcode": null, "addr:state": null, "addr:street": "Barki Road", "addr:subdistrict": null, "addr:suburb": null, "amenity": null, "architect": null, "barrier": null, "building": "school", "building:levels": null, "building:levels:underground": null, "check_date": null, "contact:facebook": null, "contact:instagram": null, "created_by": null, "denomination": null, "education": null, "ele": "1", "email": null, "grades": null, "height": null, "image": null, "is_in": null, "level": null, "name": "New Sardar High School", "name:en": null, "name:ur": null, "name_1": null, "office": null, "opening_hours": null, "operator": null, "operator:type": null, "phone": null, "polling_station": null, "religion": null, "roof:colour": null, "school": null, "smoking": null, "source": "OSM (Private/Mixed)", "surface": null, "type": null, "website": null, "wheelchair": null, "wikidata": null, "wikipedia": null, "@geometry": "center" }, "geometry": { "type": "Point", "coordinates": [ 1016800.371978457900696, 3501249.846966030076146 ] } },
{ "type": "Feature", "properties": { "id": "way/687332056", "@id": "way/687332056", "addr:city": "Lahore", "addr:country": null, "addr:district": null, "addr:housenumber": null, "addr:neighbourhood": null, "addr:postcode": null, "addr:state": null, "addr:street": null, "addr:subdistrict": null, "addr:suburb": null, "amenity": null, "architect": null, "barrier": null, "building": "school", "building:levels": null, "building:levels:underground": null, "check_date": null, "contact:facebook": null, "contact:instagram": null, "created_by": null, "denomination": null, "education": null, "ele": "2", "email": null, "grades": null, "height": null, "image": null, "is_in": null, "level": null, "name": "Khan Foundation School", "name:en": null, "name:ur": null, "name_1": null, "office": null, "opening_hours": null, "operator": null, "operator:type": null, "phone": null, "polling_station": null, "religion": null, "roof:colour": null, "school": null, "smoking": null, "source": "OSM (Private/Mixed)", "surface": null, "type": null, "website": null, "wheelchair": null, "wikidata": null, "wikipedia": null, "@geometry": "center" }, "geometry": { "type": "Point", "coordinates": [ 1016422.631943277083337, 3501411.617983135860413 ] } },
{ "type": "Feature", "properties": { "id": "way/232101722", "@id": "way/232101722", "addr:city": null, "addr:country": null, "addr:district": null, "addr:housenumber": null, "addr:neighbourhood": null, "addr:postcode": null, "addr:state": null, "addr:street": null, "addr:subdistrict": null, "addr:suburb": null, "amenity": "school", "architect": null, "barrier": null, "building": null, "building:levels": null, "building:levels:underground": null, "check_date": null, "contact:facebook": null, "contact:instagram": null, "created_by": null, "denomination": null, "education": null, "ele": null, "email": null, "grades": null, "height": null, "image": null, "is_in": null, "level": null, "name": "Baeconhouse", "name:en": null, "name:ur": null, "name_1": null, "office": null, "opening_hours": null, "operator": null, "operator:type": null, "phone": null, "polling_station": null, "religion": null, "roof:colour": null, "school": null, "smoking": null, "source": "OSM (Private/Mixed)", "surface": null, "type": null, "website": null, "wheelchair": null, "wikidata": null, "wikipedia": null, "@geometry": "center" }, "geometry": { "type": "Point", "coordinates": [ 1014926.782456186600029, 3501958.074972460046411 ] } },
{ "type": "Feature", "properties": { "id": "node/13417619802", "@id": "node/13417619802", "addr:city": "Lahore", "addr:country": null, "addr:district": null, "addr:housenumber": null, "addr:neighbourhood": null, "addr:postcode": null, "addr:state": null, "addr:street": "Zarar Shaheed Road", "addr:subdistrict": null, "addr:suburb": null, "amenity": "school", "architect": null, "barrier": null, "building": null, "building:levels": null, "building:levels:underground": null, "check_date": null, "contact:facebook": null, "contact:instagram": null, "created_by": null, "denomination": null, "education": "school", "ele": null, "email": null, "grades": null, "height": null, "image": null, "is_in": null, "level": null, "name": "Inernational Grammar School", "name:en": null, "name:ur": null, "name_1": null, "office": null, "opening_hours": null, "operator": null, "operator:type": null, "phone": null, "polling_station": null, "religion": null, "roof:colour": null, "school": null, "smoking": null, "source": "OSM (Private/Mixed)", "surface": null, "type": null, "website": null, "wheelchair": null, "wikidata": null, "wikipedia": null, "@geometry": null }, "geometry": { "type": "Point", "coordinates": [ 1014956.990006963955238, 3502660.267564206384122 ] } },
{ "type": "Feature", "properties": { "id": "node/4655947392", "@id": "node/4655947392", "addr:city": null, "addr:country": null, "addr:district": null, "addr:housenumber": null, "addr:neighbourhood": null, "addr:postcode": null, "addr:state": null, "addr:street": "PAF Colony", "addr:subdistrict": null, "addr:suburb": null, "amenity": "school", "architect": null, "barrier": null, "building": null, "building:levels": null, "building:levels:underground": null, "check_date": null, "contact:facebook": null, "contact:instagram": null, "created_by": null, "denomination": null, "education": null, "ele": null, "email": null, "grades": null, "height": null, "image": null, "is_in": null, "level": null, "name": "Green Hall academy", "name:en": null, "name:ur": null, "name_1": null, "office": null, "opening_hours": "Mo-Fr", "operator": null, "operator:type": null, "phone": "+924236614410", "polling_station": null, "religion": null, "roof:colour": null, "school": null, "smoking": null, "source": "OSM (Private/Mixed)", "surface": null, "type": null, "website": null, "wheelchair": null, "wikidata": null, "wikipedia": null, "@geometry": null }, "geometry": { "type": "Point", "coordinates": [ 1012675.018707758164965, 3503124.104781799018383 ] } },
{ "type": "Feature", "properties": { "id": "way/715162332", "@id": "way/715162332", "addr:city": "Lahore", "addr:country": null, "addr:district": null, "addr:housenumber": null, "addr:neighbourhood": null, "addr:postcode": null, "addr:state": null, "addr:street": "Tajpura", "addr:subdistrict": null, "addr:suburb": null, "amenity": "school", "architect": null, "barrier": null, "building": null, "building:levels": null, "building:levels:underground": null, "check_date": null, "contact:facebook": null, "contact:instagram": null, "created_by": null, "denomination": null, "education": null, "ele": null, "email": null, "grades": null, "height": null, "image": null, "is_in": null, "level": null, "name": "Govt School Tajpura", "name:en": null, "name:ur": null, "name_1": null, "office": null, "opening_hours": null, "operator": null, "operator:type": null, "phone": null, "polling_station": null, "religion": null, "roof:colour": null, "school": null, "smoking": null, "source": "OSM (Private/Mixed)", "surface": null, "type": null, "website": null, "wheelchair": null, "wikidata": null, "wikipedia": null, "@geometry": "center" }, "geometry": { "type": "Point", "coordinates": [ 1013094.683417683816515, 3504005.238767918664962 ] } },
{ "type": "Feature", "properties": { "id": "way/791069766", "@id": "way/791069766", "addr:city": null, "addr:country": null, "addr:district": null, "addr:housenumber": null, "addr:neighbourhood": null, "addr:postcode": null, "addr:state": null, "addr:street": null, "addr:subdistrict": null, "addr:suburb": null, "amenity": null, "architect": null, "barrier": null, "building": "school", "building:levels": null, "building:levels:underground": null, "check_date": null, "contact:facebook": null, "contact:instagram": null, "created_by": null, "denomination": null, "education": null, "ele": null, "email": null, "grades": null, "height": null, "image": null, "is_in": null, "level": null, "name": "Lahore Grammar School - Paragon City", "name:en": null, "name:ur": null, "name_1": null, "office": null, "opening_hours": null, "operator": null, "operator:type": null, "phone": null, "polling_station": null, "religion": null, "roof:colour": null, "school": null, "smoking": null, "source": "OSM (Private/Mixed)", "surface": null, "type": null, "website": null, "wheelchair": null, "wikidata": null, "wikipedia": null, "@geometry": "center" }, "geometry": { "type": "Point", "coordinates": [ 1017927.982616658788174, 3501637.371051603462547 ] } },
{ "type": "Feature", "properties": { "id": "node/4305867294", "@id": "node/4305867294", "addr:city": null, "addr:country": null, "addr:district": null, "addr:housenumber": null, "addr:neighbourhood": null, "addr:postcode": null, "addr:state": null, "addr:street": null, "addr:subdistrict": null, "addr:suburb": null, "amenity": "school", "architect": null, "barrier": null, "building": null, "building:levels": null, "building:levels:underground": null, "check_date": null, "contact:facebook": null, "contact:instagram": null, "created_by": null, "denomination": null, "education": null, "ele": null, "email": null, "grades": null, "height": null, "image": null, "is_in": null, "level": null, "name": "LGS Paragon Campus", "name:en": null, "name:ur": null, "name_1": null, "office": null, "opening_hours": "Mo-Su 08:00-14:00", "operator": null, "operator:type": null, "phone": null, "polling_station": null, "religion": null, "roof:colour": null, "school": null, "smoking": null, "source": "OSM (Private/Mixed)", "surface": null, "type": null, "website": null, "wheelchair": null, "wikidata": null, "wikipedia": null, "@geometry": null }, "geometry": { "type": "Point", "coordinates": [ 1017972.946896601701155, 3501637.745225145015866 ] } },
{ "type": "Feature", "properties": { "id": "way/791069767", "@id": "way/791069767", "addr:city": null, "addr:country": null, "addr:district": null, "addr:housenumber": null, "addr:neighbourhood": null, "addr:postcode": null, "addr:state": null, "addr:street": null, "addr:subdistrict": null, "addr:suburb": null, "amenity": "school", "architect": null, "barrier": null, "building": null, "building:levels": null, "building:levels:underground": null, "check_date": null, "contact:facebook": null, "contact:instagram": null, "created_by": null, "denomination": null, "education": null, "ele": null, "email": null, "grades": null, "height": null, "image": null, "is_in": null, "level": null, "name": "Football Field", "name:en": null, "name:ur": null, "name_1": null, "office": null, "opening_hours": null, "operator": null, "operator:type": null, "phone": null, "polling_station": null, "religion": null, "roof:colour": null, "school": null, "smoking": null, "source": "OSM (Private/Mixed)", "surface": null, "type": null, "website": null, "wheelchair": null, "wikidata": null, "wikipedia": null, "@geometry": "center" }, "geometry": { "type": "Point", "coordinates": [ 1017891.562044447986409, 3501672.740504770539701 ] } },
{ "type": "Feature", "properties": { "id": "way/1474702455", "@id": "way/1474702455", "addr:city": null, "addr:country": null, "addr:district": null, "addr:housenumber": null, "addr:neighbourhood": null, "addr:postcode": null, "addr:state": null, "addr:street": null, "addr:subdistrict": null, "addr:suburb": null, "amenity": "school", "architect": null, "barrier": null, "building": null, "building:levels": null, "building:levels:underground": null, "check_date": null, "contact:facebook": null, "contact:instagram": null, "created_by": null, "denomination": null, "education": "school", "ele": null, "email": null, "grades": null, "height": null, "image": null, "is_in": null, "level": null, "name": "Govt High School Manhala", "name:en": null, "name:ur": null, "name_1": null, "office": null, "opening_hours": null, "operator": null, "operator:type": null, "phone": null, "polling_station": null, "religion": null, "roof:colour": null, "school": null, "smoking": null, "source": "OSM (Private/Mixed)", "surface": null, "type": null, "website": null, "wheelchair": null, "wikidata": null, "wikipedia": null, "@geometry": "center" }, "geometry": { "type": "Point", "coordinates": [ 1026678.07988194306381, 3501929.650079888291657 ] } },
{ "type": "Feature", "properties": { "id": "way/1474324554", "@id": "way/1474324554", "addr:city": null, "addr:country": null, "addr:district": null, "addr:housenumber": null, "addr:neighbourhood": null, "addr:postcode": null, "addr:state": null, "addr:street": null, "addr:subdistrict": null, "addr:suburb": null, "amenity": null, "architect": null, "barrier": null, "building": "school", "building:levels": null, "building:levels:underground": null, "check_date": null, "contact:facebook": null, "contact:instagram": null, "created_by": null, "denomination": null, "education": null, "ele": null, "email": null, "grades": null, "height": null, "image": null, "is_in": null, "level": null, "name": null, "name:en": null, "name:ur": null, "name_1": null, "office": null, "opening_hours": null, "operator": null, "operator:type": null, "phone": null, "polling_station": null, "religion": null, "roof:colour": null, "school": null, "smoking": null, "source": "OSM (Private/Mixed)", "surface": null, "type": null, "website": null, "wheelchair": null, "wikidata": null, "wikipedia": null, "@geometry": "center" }, "geometry": { "type": "Point", "coordinates": [ 1026682.393190390546806, 3501931.862333571538329 ] } },
{ "type": "Feature", "properties": { "id": "way/1474324553", "@id": "way/1474324553", "addr:city": null, "addr:country": null, "addr:district": null, "addr:housenumber": null, "addr:neighbourhood": null, "addr:postcode": null, "addr:state": null, "addr:street": null, "addr:subdistrict": null, "addr:suburb": null, "amenity": null, "architect": null, "barrier": null, "building": "school", "building:levels": null, "building:levels:underground": null, "check_date": null, "contact:facebook": null, "contact:instagram": null, "created_by": null, "denomination": null, "education": null, "ele": null, "email": null, "grades": null, "height": null, "image": null, "is_in": null, "level": null, "name": null, "name:en": null, "name:ur": null, "name_1": null, "office": null, "opening_hours": null, "operator": null, "operator:type": null, "phone": null, "polling_station": null, "religion": null, "roof:colour": null, "school": null, "smoking": null, "source": "OSM (Private/Mixed)", "surface": null, "type": null, "website": null, "wheelchair": null, "wikidata": null, "wikipedia": null, "@geometry": "center" }, "geometry": { "type": "Point", "coordinates": [ 1026725.259485197369941, 3501934.439397980459034 ] } },
{ "type": "Feature", "properties": { "id": "way/1474749013", "@id": "way/1474749013", "addr:city": null, "addr:country": null, "addr:district": null, "addr:housenumber": null, "addr:neighbourhood": null, "addr:postcode": null, "addr:state": null, "addr:street": null, "addr:subdistrict": null, "addr:suburb": null, "amenity": null, "architect": null, "barrier": null, "building": "school", "building:levels": null, "building:levels:underground": null, "check_date": null, "contact:facebook": null, "contact:instagram": null, "created_by": null, "denomination": null, "education": null, "ele": null, "email": null, "grades": null, "height": null, "image": null, "is_in": null, "level": null, "name": null, "name:en": null, "name:ur": null, "name_1": null, "office": null, "opening_hours": null, "operator": null, "operator:type": null, "phone": null, "polling_station": null, "religion": null, "roof:colour": null, "school": null, "smoking": null, "source": "OSM (Private/Mixed)", "surface": null, "type": null, "website": null, "wheelchair": null, "wikidata": null, "wikipedia": null, "@geometry": "center" }, "geometry": { "type": "Point", "coordinates": [ 1026444.472709910944104, 3501982.926331238821149 ] } },
{ "type": "Feature", "properties": { "id": "way/1474749012", "@id": "way/1474749012", "addr:city": null, "addr:country": null, "addr:district": null, "addr:housenumber": null, "addr:neighbourhood": null, "addr:postcode": null, "addr:state": null, "addr:street": null, "addr:subdistrict": null, "addr:suburb": null, "amenity": null, "architect": null, "barrier": null, "building": "school", "building:levels": null, "building:levels:underground": null, "check_date": null, "contact:facebook": null, "contact:instagram": null, "created_by": null, "denomination": null, "education": null, "ele": null, "email": null, "grades": null, "height": null, "image": null, "is_in": null, "level": null, "name": null, "name:en": null, "name:ur": null, "name_1": null, "office": null, "opening_hours": null, "operator": null, "operator:type": null, "phone": null, "polling_station": null, "religion": null, "roof:colour": null, "school": null, "smoking": null, "source": "OSM (Private/Mixed)", "surface": null, "type": null, "website": null, "wheelchair": null, "wikidata": null, "wikipedia": null, "@geometry": "center" }, "geometry": { "type": "Point", "coordinates": [ 1026460.485300676315092, 3501999.495829744730145 ] } },
{ "type": "Feature", "properties": { "id": "way/1467814810", "@id": "way/1467814810", "addr:city": null, "addr:country": null, "addr:district": null, "addr:housenumber": null, "addr:neighbourhood": null, "addr:postcode": null, "addr:state": null, "addr:street": null, "addr:subdistrict": null, "addr:suburb": null, "amenity": "school", "architect": null, "barrier": null, "building": null, "building:levels": null, "building:levels:underground": null, "check_date": null, "contact:facebook": null, "contact:instagram": null, "created_by": null, "denomination": null, "education": "school", "ele": null, "email": null, "grades": null, "height": null, "image": null, "is_in": null, "level": null, "name": "Govt Primry School Manhala Kalan", "name:en": null, "name:ur": null, "name_1": null, "office": null, "opening_hours": null, "operator": null, "operator:type": null, "phone": null, "polling_station": null, "religion": null, "roof:colour": null, "school": null, "smoking": null, "source": "OSM (Private/Mixed)", "surface": null, "type": null, "website": null, "wheelchair": null, "wikidata": null, "wikipedia": null, "@geometry": "center" }, "geometry": { "type": "Point", "coordinates": [ 1026430.024614377878606, 3502002.816444966476411 ] } },
{ "type": "Feature", "properties": { "id": "node/13526574807", "@id": "node/13526574807", "addr:city": "Manhala", "addr:country": null, "addr:district": null, "addr:housenumber": null, "addr:neighbourhood": null, "addr:postcode": null, "addr:state": null, "addr:street": "منہالہ روڈ", "addr:subdistrict": null, "addr:suburb": null, "amenity": "school", "architect": null, "barrier": null, "building": null, "building:levels": null, "building:levels:underground": null, "check_date": null, "contact:facebook": null, "contact:instagram": null, "created_by": null, "denomination": null, "education": null, "ele": null, "email": null, "grades": null, "height": null, "image": null, "is_in": null, "level": null, "name": "Govt Primary School Manhala Kalan", "name:en": null, "name:ur": null, "name_1": null, "office": null, "opening_hours": null, "operator": null, "operator:type": null, "phone": null, "polling_station": null, "religion": null, "roof:colour": null, "school": "primary", "smoking": null, "source": "OSM (Private/Mixed)", "surface": null, "type": null, "website": null, "wheelchair": null, "wikidata": null, "wikipedia": null, "@geometry": null }, "geometry": { "type": "Point", "coordinates": [ 1026426.874998362152837, 3502007.745624323841184 ] } },
{ "type": "Feature", "properties": { "id": "way/715162337", "@id": "way/715162337", "addr:city": null, "addr:country": null, "addr:district": null, "addr:housenumber": null, "addr:neighbourhood": null, "addr:postcode": null, "addr:state": null, "addr:street": null, "addr:subdistrict": null, "addr:suburb": null, "amenity": "school", "architect": null, "barrier": null, "building": null, "building:levels": null, "building:levels:underground": null, "check_date": null, "contact:facebook": null, "contact:instagram": null, "created_by": null, "denomination": null, "education": null, "ele": null, "email": null, "grades": null, "height": null, "image": null, "is_in": null, "level": null, "name": "Govt Boys High School Tajpura Scheme", "name:en": null, "name:ur": null, "name_1": null, "office": null, "opening_hours": null, "operator": null, "operator:type": null, "phone": null, "polling_station": null, "religion": null, "roof:colour": null, "school": null, "smoking": null, "source": "OSM (Private/Mixed)", "surface": null, "type": null, "website": null, "wheelchair": null, "wikidata": null, "wikipedia": null, "@geometry": "center" }, "geometry": { "type": "Point", "coordinates": [ 1013346.192361310124397, 3504123.934414007235318 ] } },
{ "type": "Feature", "properties": { "id": "way/715162331", "@id": "way/715162331", "addr:city": null, "addr:country": null, "addr:district": null, "addr:housenumber": null, "addr:neighbourhood": null, "addr:postcode": null, "addr:state": null, "addr:street": null, "addr:subdistrict": null, "addr:suburb": null, "amenity": "school", "architect": null, "barrier": null, "building": null, "building:levels": null, "building:levels:underground": null, "check_date": null, "contact:facebook": null, "contact:instagram": null, "created_by": null, "denomination": null, "education": null, "ele": null, "email": null, "grades": null, "height": null, "image": null, "is_in": null, "level": null, "name": "Special Education School", "name:en": null, "name:ur": null, "name_1": null, "office": null, "opening_hours": null, "operator": null, "operator:type": null, "phone": null, "polling_station": null, "religion": null, "roof:colour": null, "school": null, "smoking": null, "source": "OSM (Private/Mixed)", "surface": null, "type": null, "website": null, "wheelchair": null, "wikidata": null, "wikipedia": null, "@geometry": "center" }, "geometry": { "type": "Point", "coordinates": [ 1012794.002797020366415, 3504211.730038590729237 ] } },
{ "type": "Feature", "properties": { "id": "way/235019246", "@id": "way/235019246", "addr:city": null, "addr:country": null, "addr:district": null, "addr:housenumber": null, "addr:neighbourhood": null, "addr:postcode": null, "addr:state": null, "addr:street": null, "addr:subdistrict": null, "addr:suburb": null, "amenity": "school", "architect": null, "barrier": null, "building": "yes", "building:levels": null, "building:levels:underground": null, "check_date": null, "contact:facebook": null, "contact:instagram": null, "created_by": null, "denomination": null, "education": null, "ele": null, "email": null, "grades": null, "height": null, "image": null, "is_in": null, "level": null, "name": "Allamgir School", "name:en": null, "name:ur": null, "name_1": null, "office": null, "opening_hours": null, "operator": "Mr.Fahad", "operator:type": null, "phone": null, "polling_station": null, "religion": null, "roof:colour": null, "school": null, "smoking": null, "source": "OSM (Private/Mixed)", "surface": null, "type": null, "website": null, "wheelchair": null, "wikidata": null, "wikipedia": null, "@geometry": "center" }, "geometry": { "type": "Point", "coordinates": [ 1016082.86813503538724, 3504285.455337463878095 ] } },
{ "type": "Feature", "properties": { "id": "way/235330050", "@id": "way/235330050", "addr:city": null, "addr:country": null, "addr:district": null, "addr:housenumber": null, "addr:neighbourhood": null, "addr:postcode": null, "addr:state": null, "addr:street": null, "addr:subdistrict": null, "addr:suburb": null, "amenity": "school", "architect": null, "barrier": null, "building": "yes", "building:levels": null, "building:levels:underground": null, "check_date": null, "contact:facebook": null, "contact:instagram": null, "created_by": null, "denomination": null, "education": null, "ele": null, "email": null, "grades": null, "height": null, "image": null, "is_in": null, "level": null, "name": "Govt. Pirmary School", "name:en": null, "name:ur": null, "name_1": null, "office": null, "opening_hours": null, "operator": null, "operator:type": null, "phone": null, "polling_station": null, "religion": null, "roof:colour": null, "school": null, "smoking": null, "source": "OSM (Private/Mixed)", "surface": null, "type": null, "website": null, "wheelchair": null, "wikidata": null, "wikipedia": null, "@geometry": "center" }, "geometry": { "type": "Point", "coordinates": [ 1015266.241215274203569, 3504530.715846530161798 ] } },
{ "type": "Feature", "properties": { "id": "way/235017538", "@id": "way/235017538", "addr:city": null, "addr:country": null, "addr:district": null, "addr:housenumber": null, "addr:neighbourhood": null, "addr:postcode": null, "addr:state": null, "addr:street": null, "addr:subdistrict": null, "addr:suburb": null, "amenity": "school", "architect": null, "barrier": null, "building": "yes", "building:levels": null, "building:levels:underground": null, "check_date": null, "contact:facebook": null, "contact:instagram": null, "created_by": null, "denomination": null, "education": null, "ele": null, "email": null, "grades": null, "height": null, "image": null, "is_in": null, "level": null, "name": "Govt.Girl School", "name:en": null, "name:ur": null, "name_1": null, "office": null, "opening_hours": null, "operator": null, "operator:type": null, "phone": null, "polling_station": null, "religion": null, "roof:colour": null, "school": null, "smoking": null, "source": "OSM (Private/Mixed)", "surface": null, "type": null, "website": null, "wheelchair": null, "wikidata": null, "wikipedia": null, "@geometry": "center" }, "geometry": { "type": "Point", "coordinates": [ 1015986.163893085904419, 3504631.607913383748382 ] } },
{ "type": "Feature", "properties": { "id": "way/235017541", "@id": "way/235017541", "addr:city": null, "addr:country": null, "addr:district": null, "addr:housenumber": null, "addr:neighbourhood": null, "addr:postcode": null, "addr:state": null, "addr:street": null, "addr:subdistrict": null, "addr:suburb": null, "amenity": "school", "architect": null, "barrier": null, "building": "yes", "building:levels": null, "building:levels:underground": null, "check_date": null, "contact:facebook": null, "contact:instagram": null, "created_by": null, "denomination": null, "education": null, "ele": null, "email": null, "grades": null, "height": null, "image": null, "is_in": null, "level": null, "name": "Zahid Model High School", "name:en": null, "name:ur": null, "name_1": null, "office": null, "opening_hours": null, "operator": null, "operator:type": null, "phone": null, "polling_station": null, "religion": null, "roof:colour": null, "school": null, "smoking": null, "source": "OSM (Private/Mixed)", "surface": null, "type": null, "website": null, "wheelchair": null, "wikidata": null, "wikipedia": null, "@geometry": "center" }, "geometry": { "type": "Point", "coordinates": [ 1015963.223348692408763, 3504745.042517320718616 ] } },
{ "type": "Feature", "properties": { "id": "way/235017540", "@id": "way/235017540", "addr:city": null, "addr:country": null, "addr:district": null, "addr:housenumber": null, "addr:neighbourhood": null, "addr:postcode": null, "addr:state": null, "addr:street": null, "addr:subdistrict": null, "addr:suburb": null, "amenity": "school", "architect": null, "barrier": null, "building": "yes", "building:levels": null, "building:levels:underground": null, "check_date": null, "contact:facebook": null, "contact:instagram": null, "created_by": null, "denomination": null, "education": null, "ele": null, "email": null, "grades": null, "height": null, "image": null, "is_in": null, "level": null, "name": "Govt. Boys School", "name:en": null, "name:ur": null, "name_1": null, "office": null, "opening_hours": null, "operator": "Sir Akbar", "operator:type": null, "phone": null, "polling_station": null, "religion": null, "roof:colour": null, "school": null, "smoking": null, "source": "OSM (Private/Mixed)", "surface": null, "type": null, "website": null, "wheelchair": null, "wikidata": null, "wikipedia": null, "@geometry": "center" }, "geometry": { "type": "Point", "coordinates": [ 1015969.378505463479087, 3504759.27718985453248 ] } },
{ "type": "Feature", "properties": { "id": "way/1245440642", "@id": "way/1245440642", "addr:city": "Lahore", "addr:country": null, "addr:district": null, "addr:housenumber": null, "addr:neighbourhood": null, "addr:postcode": null, "addr:state": null, "addr:street": "Taj Bagh, Canal Road", "addr:subdistrict": null, "addr:suburb": null, "amenity": "school", "architect": null, "barrier": null, "building": null, "building:levels": null, "building:levels:underground": null, "check_date": null, "contact:facebook": null, "contact:instagram": null, "created_by": null, "denomination": null, "education": null, "ele": null, "email": null, "grades": null, "height": null, "image": null, "is_in": null, "level": null, "name": "The Punjab School", "name:en": null, "name:ur": null, "name_1": null, "office": null, "opening_hours": null, "operator": null, "operator:type": null, "phone": null, "polling_station": null, "religion": null, "roof:colour": null, "school": null, "smoking": null, "source": "OSM (Private/Mixed)", "surface": null, "type": null, "website": null, "wheelchair": null, "wikidata": null, "wikipedia": null, "@geometry": "center" }, "geometry": { "type": "Point", "coordinates": [ 1014477.338153708493337, 3505417.279234790243208 ] } },
{ "type": "Feature", "properties": { "id": "way/701840258", "@id": "way/701840258", "addr:city": "Lahore", "addr:country": null, "addr:district": null, "addr:housenumber": null, "addr:neighbourhood": null, "addr:postcode": null, "addr:state": null, "addr:street": null, "addr:subdistrict": null, "addr:suburb": null, "amenity": null, "architect": null, "barrier": null, "building": "school", "building:levels": null, "building:levels:underground": null, "check_date": null, "contact:facebook": null, "contact:instagram": null, "created_by": null, "denomination": null, "education": null, "ele": "3", "email": null, "grades": null, "height": null, "image": null, "is_in": null, "level": null, "name": "Government Boys High School Harbanspura", "name:en": null, "name:ur": null, "name_1": null, "office": null, "opening_hours": null, "operator": null, "operator:type": null, "phone": null, "polling_station": null, "religion": null, "roof:colour": null, "school": null, "smoking": null, "source": "OSM (Private/Mixed)", "surface": null, "type": null, "website": null, "wheelchair": null, "wikidata": null, "wikipedia": null, "@geometry": "center" }, "geometry": { "type": "Point", "coordinates": [ 1015276.72547486401163, 3506071.743345826864243 ] } },
{ "type": "Feature", "properties": { "id": "way/702604705", "@id": "way/702604705", "addr:city": "Lahore", "addr:country": null, "addr:district": null, "addr:housenumber": null, "addr:neighbourhood": null, "addr:postcode": null, "addr:state": null, "addr:street": null, "addr:subdistrict": null, "addr:suburb": null, "amenity": null, "architect": null, "barrier": null, "building": "school", "building:levels": null, "building:levels:underground": null, "check_date": null, "contact:facebook": null, "contact:instagram": null, "created_by": null, "denomination": null, "education": null, "ele": "3", "email": null, "grades": null, "height": null, "image": null, "is_in": null, "level": null, "name": "Government Model Girls High School, Qalandar Pura", "name:en": null, "name:ur": null, "name_1": null, "office": null, "opening_hours": null, "operator": null, "operator:type": null, "phone": null, "polling_station": null, "religion": null, "roof:colour": null, "school": null, "smoking": null, "source": "OSM (Private/Mixed)", "surface": null, "type": null, "website": null, "wheelchair": null, "wikidata": null, "wikipedia": null, "@geometry": "center" }, "geometry": { "type": "Point", "coordinates": [ 1015909.720741721452214, 3506146.281281631439924 ] } },
{ "type": "Feature", "properties": { "id": "way/1474749014", "@id": "way/1474749014", "addr:city": null, "addr:country": null, "addr:district": null, "addr:housenumber": null, "addr:neighbourhood": null, "addr:postcode": null, "addr:state": null, "addr:street": null, "addr:subdistrict": null, "addr:suburb": null, "amenity": null, "architect": null, "barrier": null, "building": "school", "building:levels": null, "building:levels:underground": null, "check_date": null, "contact:facebook": null, "contact:instagram": null, "created_by": null, "denomination": null, "education": null, "ele": null, "email": null, "grades": null, "height": null, "image": null, "is_in": null, "level": null, "name": null, "name:en": null, "name:ur": null, "name_1": null, "office": null, "opening_hours": null, "operator": null, "operator:type": null, "phone": null, "polling_station": null, "religion": null, "roof:colour": null, "school": null, "smoking": null, "source": "OSM (Private/Mixed)", "surface": null, "type": null, "website": null, "wheelchair": null, "wikidata": null, "wikipedia": null, "@geometry": "center" }, "geometry": { "type": "Point", "coordinates": [ 1026457.299451427650638, 3502028.821403922047466 ] } },
{ "type": "Feature", "properties": { "id": "way/1239437294", "@id": "way/1239437294", "addr:city": null, "addr:country": null, "addr:district": null, "addr:housenumber": null, "addr:neighbourhood": null, "addr:postcode": null, "addr:state": null, "addr:street": null, "addr:subdistrict": null, "addr:suburb": null, "amenity": "school", "architect": null, "barrier": null, "building": null, "building:levels": null, "building:levels:underground": null, "check_date": null, "contact:facebook": null, "contact:instagram": null, "created_by": null, "denomination": null, "education": null, "ele": null, "email": null, "grades": null, "height": null, "image": null, "is_in": null, "level": null, "name": "American Premier School", "name:en": null, "name:ur": null, "name_1": null, "office": null, "opening_hours": null, "operator": null, "operator:type": null, "phone": null, "polling_station": null, "religion": null, "roof:colour": null, "school": null, "smoking": null, "source": "OSM (Private/Mixed)", "surface": null, "type": null, "website": null, "wheelchair": null, "wikidata": null, "wikipedia": null, "@geometry": "center" }, "geometry": { "type": "Point", "coordinates": [ 1017827.133592052850872, 3506314.73904879624024 ] } },
{ "type": "Feature", "properties": { "id": "way/1245233173", "@id": "way/1245233173", "addr:city": null, "addr:country": null, "addr:district": null, "addr:housenumber": null, "addr:neighbourhood": null, "addr:postcode": null, "addr:state": null, "addr:street": null, "addr:subdistrict": null, "addr:suburb": null, "amenity": "school", "architect": null, "barrier": null, "building": null, "building:levels": null, "building:levels:underground": null, "check_date": null, "contact:facebook": null, "contact:instagram": null, "created_by": null, "denomination": null, "education": null, "ele": null, "email": null, "grades": null, "height": null, "image": null, "is_in": null, "level": null, "name": null, "name:en": null, "name:ur": null, "name_1": null, "office": null, "opening_hours": null, "operator": null, "operator:type": null, "phone": null, "polling_station": null, "religion": null, "roof:colour": null, "school": null, "smoking": null, "source": "OSM (Private/Mixed)", "surface": null, "type": null, "website": null, "wheelchair": null, "wikidata": null, "wikipedia": null, "@geometry": "center" }, "geometry": { "type": "Point", "coordinates": [ 1017205.457636630744673, 3506475.417015824466944 ] } },
{ "type": "Feature", "properties": { "id": "way/1240997112", "@id": "way/1240997112", "addr:city": null, "addr:country": null, "addr:district": null, "addr:housenumber": null, "addr:neighbourhood": null, "addr:postcode": null, "addr:state": null, "addr:street": null, "addr:subdistrict": null, "addr:suburb": null, "amenity": null, "architect": null, "barrier": null, "building": "school", "building:levels": null, "building:levels:underground": null, "check_date": null, "contact:facebook": null, "contact:instagram": null, "created_by": null, "denomination": null, "education": null, "ele": null, "email": null, "grades": null, "height": null, "image": null, "is_in": null, "level": null, "name": "Proposed School Site", "name:en": null, "name:ur": null, "name_1": null, "office": null, "opening_hours": null, "operator": null, "operator:type": null, "phone": null, "polling_station": null, "religion": null, "roof:colour": null, "school": null, "smoking": null, "source": "OSM (Private/Mixed)", "surface": null, "type": null, "website": null, "wheelchair": null, "wikidata": null, "wikipedia": null, "@geometry": "center" }, "geometry": { "type": "Point", "coordinates": [ 1017484.901364876888692, 3506868.421519688796252 ] } },
{ "type": "Feature", "properties": { "id": "way/701497213", "@id": "way/701497213", "addr:city": null, "addr:country": null, "addr:district": null, "addr:housenumber": null, "addr:neighbourhood": null, "addr:postcode": null, "addr:state": null, "addr:street": null, "addr:subdistrict": null, "addr:suburb": null, "amenity": null, "architect": null, "barrier": null, "building": "school", "building:levels": "2", "building:levels:underground": null, "check_date": null, "contact:facebook": null, "contact:instagram": null, "created_by": null, "denomination": null, "education": null, "ele": null, "email": null, "grades": null, "height": null, "image": null, "is_in": null, "level": null, "name": "Govt Primary School", "name:en": null, "name:ur": null, "name_1": null, "office": null, "opening_hours": null, "operator": null, "operator:type": null, "phone": null, "polling_station": null, "religion": null, "roof:colour": null, "school": null, "smoking": null, "source": "OSM (Private/Mixed)", "surface": null, "type": null, "website": null, "wheelchair": null, "wikidata": null, "wikipedia": null, "@geometry": "center" }, "geometry": { "type": "Point", "coordinates": [ 1020714.148099975427613, 3508622.436982527375221 ] } },
{ "type": "Feature", "properties": { "id": "way/1116446611", "@id": "way/1116446611", "addr:city": "Batapur, Lahore", "addr:country": null, "addr:district": null, "addr:housenumber": null, "addr:neighbourhood": null, "addr:postcode": "53400", "addr:state": null, "addr:street": null, "addr:subdistrict": null, "addr:suburb": null, "amenity": null, "architect": null, "barrier": null, "building": "school", "building:levels": "10", "building:levels:underground": null, "check_date": null, "contact:facebook": null, "contact:instagram": null, "created_by": null, "denomination": null, "education": null, "ele": null, "email": null, "grades": null, "height": null, "image": null, "is_in": null, "level": null, "name": "Govt. High School Atto-ke-Awan, Batapur", "name:en": null, "name:ur": "گورنمنٹ ہائی اسکول اٹّو کے اعوان، باٹا پور", "name_1": null, "office": null, "opening_hours": null, "operator": null, "operator:type": null, "phone": null, "polling_station": null, "religion": null, "roof:colour": null, "school": null, "smoking": null, "source": "OSM (Private/Mixed)", "surface": null, "type": null, "website": null, "wheelchair": null, "wikidata": null, "wikipedia": null, "@geometry": "center" }, "geometry": { "type": "Point", "coordinates": [ 1021321.001946669770405, 3508971.575453657191247 ] } },
{ "type": "Feature", "properties": { "id": "way/701840234", "@id": "way/701840234", "addr:city": "Lahore", "addr:country": null, "addr:district": null, "addr:housenumber": null, "addr:neighbourhood": null, "addr:postcode": null, "addr:state": null, "addr:street": null, "addr:subdistrict": null, "addr:suburb": null, "amenity": null, "architect": null, "barrier": null, "building": "school", "building:levels": null, "building:levels:underground": null, "check_date": null, "contact:facebook": null, "contact:instagram": null, "created_by": null, "denomination": null, "education": null, "ele": "3", "email": null, "grades": null, "height": null, "image": null, "is_in": null, "level": null, "name": "Awais Grammar School", "name:en": null, "name:ur": null, "name_1": null, "office": null, "opening_hours": null, "operator": null, "operator:type": null, "phone": null, "polling_station": null, "religion": null, "roof:colour": null, "school": null, "smoking": null, "source": "OSM (Private/Mixed)", "surface": null, "type": null, "website": null, "wheelchair": null, "wikidata": null, "wikipedia": null, "@geometry": "center" }, "geometry": { "type": "Point", "coordinates": [ 1014806.82362826471217, 3506271.728957287967205 ] } },
{ "type": "Feature", "properties": { "id": "way/701840226", "@id": "way/701840226", "addr:city": "Lahore", "addr:country": null, "addr:district": null, "addr:housenumber": null, "addr:neighbourhood": null, "addr:postcode": null, "addr:state": null, "addr:street": null, "addr:subdistrict": null, "addr:suburb": null, "amenity": null, "architect": null, "barrier": null, "building": "school", "building:levels": null, "building:levels:underground": null, "check_date": null, "contact:facebook": null, "contact:instagram": null, "created_by": null, "denomination": null, "education": null, "ele": "3", "email": null, "grades": null, "height": null, "image": null, "is_in": null, "level": null, "name": "Government Girls High School", "name:en": null, "name:ur": null, "name_1": null, "office": null, "opening_hours": null, "operator": null, "operator:type": null, "phone": null, "polling_station": null, "religion": null, "roof:colour": null, "school": null, "smoking": null, "source": "OSM (Private/Mixed)", "surface": null, "type": null, "website": null, "wheelchair": null, "wikidata": null, "wikipedia": null, "@geometry": "center" }, "geometry": { "type": "Point", "coordinates": [ 1015243.061751633184031, 3506402.239181209355593 ] } },
{ "type": "Feature", "properties": { "id": "way/1245233172", "@id": "way/1245233172", "addr:city": null, "addr:country": null, "addr:district": null, "addr:housenumber": null, "addr:neighbourhood": null, "addr:postcode": null, "addr:state": null, "addr:street": null, "addr:subdistrict": null, "addr:suburb": null, "amenity": null, "architect": null, "barrier": null, "building": "school", "building:levels": null, "building:levels:underground": null, "check_date": null, "contact:facebook": null, "contact:instagram": null, "created_by": null, "denomination": null, "education": null, "ele": null, "email": null, "grades": null, "height": null, "image": null, "is_in": null, "level": null, "name": null, "name:en": null, "name:ur": null, "name_1": null, "office": null, "opening_hours": null, "operator": null, "operator:type": null, "phone": null, "polling_station": null, "religion": null, "roof:colour": null, "school": null, "smoking": null, "source": "OSM (Private/Mixed)", "surface": null, "type": null, "website": null, "wheelchair": null, "wikidata": null, "wikipedia": null, "@geometry": "center" }, "geometry": { "type": "Point", "coordinates": [ 1017205.318565140012652, 3506535.466680031269789 ] } },
{ "type": "Feature", "properties": { "id": "way/703082505", "@id": "way/703082505", "addr:city": "Lahore", "addr:country": null, "addr:district": null, "addr:housenumber": null, "addr:neighbourhood": null, "addr:postcode": null, "addr:state": null, "addr:street": null, "addr:subdistrict": null, "addr:suburb": null, "amenity": null, "architect": null, "barrier": null, "building": "school", "building:levels": null, "building:levels:underground": null, "check_date": null, "contact:facebook": null, "contact:instagram": null, "created_by": null, "denomination": null, "education": null, "ele": "2", "email": null, "grades": null, "height": null, "image": null, "is_in": null, "level": null, "name": "Kamran Educational High School", "name:en": null, "name:ur": null, "name_1": null, "office": null, "opening_hours": null, "operator": null, "operator:type": null, "phone": null, "polling_station": null, "religion": null, "roof:colour": null, "school": null, "smoking": null, "source": "OSM (Private/Mixed)", "surface": null, "type": null, "website": null, "wheelchair": null, "wikidata": null, "wikipedia": null, "@geometry": "center" }, "geometry": { "type": "Point", "coordinates": [ 1014746.730134739889763, 3507198.64529414428398 ] } },
{ "type": "Feature", "properties": { "id": "node/6514180539", "@id": "node/6514180539", "addr:city": null, "addr:country": null, "addr:district": null, "addr:housenumber": null, "addr:neighbourhood": null, "addr:postcode": null, "addr:state": null, "addr:street": null, "addr:subdistrict": null, "addr:suburb": null, "amenity": "school", "architect": null, "barrier": null, "building": null, "building:levels": null, "building:levels:underground": null, "check_date": null, "contact:facebook": null, "contact:instagram": null, "created_by": null, "denomination": null, "education": null, "ele": null, "email": null, "grades": null, "height": null, "image": null, "is_in": null, "level": null, "name": "Al-Hadi Foundation School", "name:en": null, "name:ur": null, "name_1": null, "office": null, "opening_hours": null, "operator": null, "operator:type": null, "phone": null, "polling_station": null, "religion": null, "roof:colour": null, "school": null, "smoking": null, "source": "OSM (Private/Mixed)", "surface": null, "type": null, "website": null, "wheelchair": null, "wikidata": null, "wikipedia": null, "@geometry": null }, "geometry": { "type": "Point", "coordinates": [ 1013090.720613421173766, 3507291.280520537868142 ] } },
{ "type": "Feature", "properties": { "id": "way/702982536", "@id": "way/702982536", "addr:city": "Lahore", "addr:country": null, "addr:district": null, "addr:housenumber": null, "addr:neighbourhood": null, "addr:postcode": null, "addr:state": null, "addr:street": null, "addr:subdistrict": null, "addr:suburb": null, "amenity": null, "architect": null, "barrier": null, "building": "school", "building:levels": null, "building:levels:underground": null, "check_date": null, "contact:facebook": null, "contact:instagram": null, "created_by": null, "denomination": null, "education": null, "ele": "3", "email": null, "grades": null, "height": null, "image": null, "is_in": null, "level": null, "name": "Bright Future High School", "name:en": null, "name:ur": null, "name_1": null, "office": null, "opening_hours": null, "operator": null, "operator:type": null, "phone": null, "polling_station": null, "religion": null, "roof:colour": null, "school": null, "smoking": null, "source": "OSM (Private/Mixed)", "surface": null, "type": null, "website": null, "wheelchair": null, "wikidata": null, "wikipedia": null, "@geometry": "center" }, "geometry": { "type": "Point", "coordinates": [ 1015635.788680682657287, 3507337.905783928930759 ] } },
{ "type": "Feature", "properties": { "id": "way/624644730", "@id": "way/624644730", "addr:city": null, "addr:country": null, "addr:district": null, "addr:housenumber": null, "addr:neighbourhood": null, "addr:postcode": null, "addr:state": null, "addr:street": null, "addr:subdistrict": null, "addr:suburb": null, "amenity": "school", "architect": null, "barrier": null, "building": null, "building:levels": null, "building:levels:underground": null, "check_date": null, "contact:facebook": null, "contact:instagram": null, "created_by": null, "denomination": null, "education": null, "ele": null, "email": null, "grades": null, "height": null, "image": null, "is_in": null, "level": null, "name": "Girls Shalimar HIgh School2", "name:en": null, "name:ur": "گرلز شالیمار ہائی اسکول2", "name_1": null, "office": null, "opening_hours": null, "operator": null, "operator:type": null, "phone": null, "polling_station": null, "religion": null, "roof:colour": null, "school": null, "smoking": null, "source": "OSM (Private/Mixed)", "surface": null, "type": null, "website": null, "wheelchair": null, "wikidata": null, "wikipedia": null, "@geometry": "center" }, "geometry": { "type": "Point", "coordinates": [ 1012192.226443349150941, 3507497.90129220392555 ] } },
{ "type": "Feature", "properties": { "id": "way/703325851", "@id": "way/703325851", "addr:city": "Lahore", "addr:country": null, "addr:district": null, "addr:housenumber": null, "addr:neighbourhood": null, "addr:postcode": null, "addr:state": null, "addr:street": null, "addr:subdistrict": null, "addr:suburb": null, "amenity": null, "architect": null, "barrier": null, "building": "school", "building:levels": null, "building:levels:underground": null, "check_date": null, "contact:facebook": null, "contact:instagram": null, "created_by": null, "denomination": null, "education": null, "ele": "4", "email": null, "grades": null, "height": null, "image": null, "is_in": null, "level": null, "name": "Government Girls High School", "name:en": null, "name:ur": "گورنمنٹ گرلز ہائی اسکول", "name_1": null, "office": null, "opening_hours": null, "operator": null, "operator:type": null, "phone": null, "polling_station": null, "religion": null, "roof:colour": null, "school": null, "smoking": null, "source": "OSM (Private/Mixed)", "surface": null, "type": null, "website": null, "wheelchair": null, "wikidata": null, "wikipedia": null, "@geometry": "center" }, "geometry": { "type": "Point", "coordinates": [ 1014212.618804174009711, 3509666.831974870525301 ] } },
{ "type": "Feature", "properties": { "id": "way/703331359", "@id": "way/703331359", "addr:city": "Lahore", "addr:country": null, "addr:district": null, "addr:housenumber": null, "addr:neighbourhood": null, "addr:postcode": null, "addr:state": null, "addr:street": null, "addr:subdistrict": null, "addr:suburb": null, "amenity": null, "architect": null, "barrier": null, "building": "school", "building:levels": null, "building:levels:underground": null, "check_date": null, "contact:facebook": null, "contact:instagram": null, "created_by": null, "denomination": null, "education": null, "ele": "3", "email": null, "grades": null, "height": null, "image": null, "is_in": null, "level": null, "name": "Al-Huda Public Girls High School", "name:en": null, "name:ur": null, "name_1": null, "office": null, "opening_hours": null, "operator": null, "operator:type": null, "phone": null, "polling_station": null, "religion": null, "roof:colour": null, "school": null, "smoking": null, "source": "OSM (Private/Mixed)", "surface": null, "type": null, "website": null, "wheelchair": null, "wikidata": null, "wikipedia": null, "@geometry": "center" }, "geometry": { "type": "Point", "coordinates": [ 1014049.072261734167114, 3510011.857172665186226 ] } }
]
}
