{
"type": "FeatureCollection",
"name": "pitb_schools_lahore",
"crs": { "type": "name", "properties": { "name": "urn:ogc:def:crs:EPSG::32642" } },
"features": [
{ "type": "Feature", "properties": { "name": "GPS KHAMBANA WALA", "school_type": "Primary", "source": "PITB (Government)" }, "geometry": { "type": "Point", "coordinates": [ 985044.096824202220887, 3472257.200390388723463 ] } },
{ "type": "Feature", "properties": { "name": "GPS KHALID ABAD", "school_type": "Primary", "source": "PITB (Government)" }, "geometry": { "type": "Point", "coordinates": [ 982873.01143170229625, 3473719.692415418103337 ] } },
{ "type": "Feature", "properties": { "name": "GPS MANGA MANDI", "school_type": "Primary", "source": "PITB (Government)" }, "geometry": { "type": "Point", "coordinates": [ 982390.381561559159309, 3474086.142650267109275 ] } },
{ "type": "Feature", "properties": { "name": "GGPS MANGA MORE", "school_type": "Primary", "source": "PITB (Government)" }, "geometry": { "type": "Point", "coordinates": [ 982397.385854327585548, 3474092.981021001935005 ] } },
{ "type": "Feature", "properties": { "name": "GGHS RAIWIND PIND RAIWIND ROAD", "school_type": "Secondary", "source": "PITB (Government)" }, "geometry": { "type": "Point", "coordinates": [ 997282.795819899532944, 3469887.056704979389906 ] } },
{ "type": "Feature", "properties": { "name": "GHS RAIWIND ROAD LHR", "school_type": "Secondary", "source": "PITB (Government)" }, "geometry": { "type": "Point", "coordinates": [ 996895.26877688197419, 3470098.945862444583327 ] } },
{ "type": "Feature", "properties": { "name": "GGPS NAHALA RAIWIND", "school_type": "Primary", "source": "PITB (Government)" }, "geometry": { "type": "Point", "coordinates": [ 992798.475753087783232, 3471289.029117949306965 ] } },
{ "type": "Feature", "properties": { "name": "GPS NAHLA", "school_type": "Primary", "source": "PITB (Government)" }, "geometry": { "type": "Point", "coordinates": [ 992674.432065838482231, 3471358.012953276745975 ] } },
{ "type": "Feature", "properties": { "name": "GES WARA SIDHU", "school_type": "Elementary", "source": "PITB (Government)" }, "geometry": { "type": "Point", "coordinates": [ 993705.181276962044649, 3472046.334430237766355 ] } },
{ "type": "Feature", "properties": { "name": "GPS BHAIKOT", "school_type": "Primary", "source": "PITB (Government)" }, "geometry": { "type": "Point", "coordinates": [ 994158.675934767350554, 3473538.314409009646624 ] } },
{ "type": "Feature", "properties": { "name": "GGPS BHAI KOT", "school_type": "Primary", "source": "PITB (Government)" }, "geometry": { "type": "Point", "coordinates": [ 994151.328737942618318, 3473576.161841244902462 ] } },
{ "type": "Feature", "properties": { "name": "GES MANAK LAHORE", "school_type": "Elementary", "source": "PITB (Government)" }, "geometry": { "type": "Point", "coordinates": [ 995252.673462284728885, 3474553.51061406172812 ] } },
{ "type": "Feature", "properties": { "name": "GPS KOT SHADI RAIWIND", "school_type": "Primary", "source": "PITB (Government)" }, "geometry": { "type": "Point", "coordinates": [ 997322.613916513742879, 3470207.917351173702627 ] } },
{ "type": "Feature", "properties": { "name": "GPS MODEL RAKH JODHO DHEER", "school_type": "Primary", "source": "PITB (Government)" }, "geometry": { "type": "Point", "coordinates": [ 998810.98116427345667, 3470935.069756456185132 ] } },
{ "type": "Feature", "properties": { "name": "GGPS JODHO DHEER", "school_type": "Primary", "source": "PITB (Government)" }, "geometry": { "type": "Point", "coordinates": [ 999700.759698693524115, 3471489.286196605768055 ] } },
{ "type": "Feature", "properties": { "name": "GHS JODHO DHEER", "school_type": "Secondary", "source": "PITB (Government)" }, "geometry": { "type": "Point", "coordinates": [ 999787.1630524356151, 3471659.211537302937359 ] } },
{ "type": "Feature", "properties": { "name": "GPS HAVELI HARI KHAN", "school_type": "Primary", "source": "PITB (Government)" }, "geometry": { "type": "Point", "coordinates": [ 999099.283612880622968, 3472381.778999705798924 ] } },
{ "type": "Feature", "properties": { "name": "GGPS JAMALPURA RAIWIND", "school_type": "Primary", "source": "PITB (Government)" }, "geometry": { "type": "Point", "coordinates": [ 998167.536868788651191, 3472486.748324383981526 ] } },
{ "type": "Feature", "properties": { "name": "GPS JAMAL PURA", "school_type": "Primary", "source": "PITB (Government)" }, "geometry": { "type": "Point", "coordinates": [ 998439.156094719888642, 3472572.151218813378364 ] } },
{ "type": "Feature", "properties": { "name": "GGPS DHONDAY", "school_type": "Primary", "source": "PITB (Government)" }, "geometry": { "type": "Point", "coordinates": [ 1000422.510753302136436, 3473513.373487213626504 ] } },
{ "type": "Feature", "properties": { "name": "GES DHONDAY", "school_type": "Elementary", "source": "PITB (Government)" }, "geometry": { "type": "Point", "coordinates": [ 1000666.223208380164579, 3473678.570542149245739 ] } },
{ "type": "Feature", "properties": { "name": "GES PAJIAN", "school_type": "Elementary", "source": "PITB (Government)" }, "geometry": { "type": "Point", "coordinates": [ 997559.814858095953241, 3474491.908173420466483 ] } },
{ "type": "Feature", "properties": { "name": "GPS JIA KA TIBBA", "school_type": "Primary", "source": "PITB (Government)" }, "geometry": { "type": "Point", "coordinates": [ 986361.192035716259852, 3473531.928984109777957 ] } },
{ "type": "Feature", "properties": { "name": "GES KAMAS", "school_type": "Elementary", "source": "PITB (Government)" }, "geometry": { "type": "Point", "coordinates": [ 988933.582895022933371, 3474128.942932755686343 ] } },
{ "type": "Feature", "properties": { "name": "GGPS KMASS", "school_type": "Primary", "source": "PITB (Government)" }, "geometry": { "type": "Point", "coordinates": [ 988968.714070529211313, 3474169.865343831479549 ] } },
{ "type": "Feature", "properties": { "name": "GPS CHAH TAMBULI", "school_type": "Primary", "source": "PITB (Government)" }, "geometry": { "type": "Point", "coordinates": [ 985655.616985160391778, 3474895.037153704557568 ] } },
{ "type": "Feature", "properties": { "name": "GGPS CHAH TAMOLI", "school_type": "Primary", "source": "PITB (Government)" }, "geometry": { "type": "Point", "coordinates": [ 985630.723215899546631, 3474897.556794234085828 ] } },
{ "type": "Feature", "properties": { "name": "GPS SAMADH", "school_type": "Primary", "source": "PITB (Government)" }, "geometry": { "type": "Point", "coordinates": [ 983604.058764199260622, 3475796.779993739910424 ] } },
{ "type": "Feature", "properties": { "name": "GHS SULTANKE VIA RAIWIND", "school_type": "Secondary", "source": "PITB (Government)" }, "geometry": { "type": "Point", "coordinates": [ 990252.524186715483665, 3476689.939030965324491 ] } },
{ "type": "Feature", "properties": { "name": "GGHS SULTAN KEY", "school_type": "Secondary", "source": "PITB (Government)" }, "geometry": { "type": "Point", "coordinates": [ 990273.835720005212352, 3476733.423612638376653 ] } },
{ "type": "Feature", "properties": { "name": "GES BATH MULTAN ROAD", "school_type": "Elementary", "source": "PITB (Government)" }, "geometry": { "type": "Point", "coordinates": [ 984271.938270344398916, 3477045.438761140685529 ] } },
{ "type": "Feature", "properties": { "name": "GGHS SHAMKE BHATTIAN", "school_type": "Secondary", "source": "PITB (Government)" }, "geometry": { "type": "Point", "coordinates": [ 985586.419603783404455, 3477309.500230522826314 ] } },
{ "type": "Feature", "properties": { "name": "GHSS MANGA MANDI", "school_type": "Secondary", "source": "PITB (Government)" }, "geometry": { "type": "Point", "coordinates": [ 982890.828337908023968, 3474114.460311828181148 ] } },
{ "type": "Feature", "properties": { "name": "GGPS QILA TARAR", "school_type": "Primary", "source": "PITB (Government)" }, "geometry": { "type": "Point", "coordinates": [ 980928.65602641669102, 3474288.593999437987804 ] } },
{ "type": "Feature", "properties": { "name": "GES DHANA KUMHARAN", "school_type": "Elementary", "source": "PITB (Government)" }, "geometry": { "type": "Point", "coordinates": [ 977789.275759603828192, 3474628.099614621140063 ] } },
{ "type": "Feature", "properties": { "name": "GES MANGA VILLAGE", "school_type": "Elementary", "source": "PITB (Government)" }, "geometry": { "type": "Point", "coordinates": [ 980900.056661791866645, 3474680.840103726368397 ] } },
{ "type": "Feature", "properties": { "name": "GGPS QILA SHER SING", "school_type": "Primary", "source": "PITB (Government)" }, "geometry": { "type": "Point", "coordinates": [ 981410.899800809333101, 3474712.414544695056975 ] } },
{ "type": "Feature", "properties": { "name": "GGHSS MANGA MANDI MULTAN ROAD", "school_type": "Secondary", "source": "PITB (Government)" }, "geometry": { "type": "Point", "coordinates": [ 981200.794058922561817, 3474764.253028218168765 ] } },
{ "type": "Feature", "properties": { "name": "GGPS NAWAN QILA", "school_type": "Primary", "source": "PITB (Government)" }, "geometry": { "type": "Point", "coordinates": [ 981723.015798390610144, 3474786.281190808862448 ] } },
{ "type": "Feature", "properties": { "name": "GPS QILA NAWAN", "school_type": "Primary", "source": "PITB (Government)" }, "geometry": { "type": "Point", "coordinates": [ 981687.603784950217232, 3474810.378890944644809 ] } },
{ "type": "Feature", "properties": { "name": "GPS MANAGA QILA SHER SINGH", "school_type": "Primary", "source": "PITB (Government)" }, "geometry": { "type": "Point", "coordinates": [ 981335.611251044319943, 3475078.428251163568348 ] } },
{ "type": "Feature", "properties": { "name": "GPS NANO DOGER NOWLAN", "school_type": "Primary", "source": "PITB (Government)" }, "geometry": { "type": "Point", "coordinates": [ 979907.059781123418361, 3479589.966807944234461 ] } },
{ "type": "Feature", "properties": { "name": "GES WATNA", "school_type": "Elementary", "source": "PITB (Government)" }, "geometry": { "type": "Point", "coordinates": [ 1003845.459238296374679, 3473041.460782557260245 ] } },
{ "type": "Feature", "properties": { "name": "GPS JIA", "school_type": "Primary", "source": "PITB (Government)" }, "geometry": { "type": "Point", "coordinates": [ 1004186.905482639558613, 3477699.451762878336012 ] } },
{ "type": "Feature", "properties": { "name": "GPS CDG JIA BAGGA", "school_type": "Primary", "source": "PITB (Government)" }, "geometry": { "type": "Point", "coordinates": [ 1003782.830016112187877, 3478028.271079518832266 ] } },
{ "type": "Feature", "properties": { "name": "GHS JIA BAGGA", "school_type": "Secondary", "source": "PITB (Government)" }, "geometry": { "type": "Point", "coordinates": [ 1003771.615847133565694, 3478093.005812493618578 ] } },
{ "type": "Feature", "properties": { "name": "GGHS JIA BAGGA RAIWIND ROAD", "school_type": "Secondary", "source": "PITB (Government)" }, "geometry": { "type": "Point", "coordinates": [ 1003904.599539819406345, 3478259.741150427609682 ] } },
{ "type": "Feature", "properties": { "name": "GGES RASOOL PURA", "school_type": "Elementary", "source": "PITB (Government)" }, "geometry": { "type": "Point", "coordinates": [ 1003010.426854630000889, 3481395.341151830274612 ] } },
{ "type": "Feature", "properties": { "name": "GPS KINGRA", "school_type": "Primary", "source": "PITB (Government)" }, "geometry": { "type": "Point", "coordinates": [ 1001211.123580429935828, 3475589.32266600895673 ] } },
{ "type": "Feature", "properties": { "name": "GES KARYAL", "school_type": "Elementary", "source": "PITB (Government)" }, "geometry": { "type": "Point", "coordinates": [ 1000993.394934700219892, 3475917.717688722535968 ] } },
{ "type": "Feature", "properties": { "name": "GPS DERA AFGHANA", "school_type": "Primary", "source": "PITB (Government)" }, "geometry": { "type": "Point", "coordinates": [ 1001460.135380638297647, 3479906.482565996237099 ] } },
{ "type": "Feature", "properties": { "name": "GPS RASOOL PURA", "school_type": "Primary", "source": "PITB (Government)" }, "geometry": { "type": "Point", "coordinates": [ 1002846.422045998391695, 3481462.922262793406844 ] } },
{ "type": "Feature", "properties": { "name": "GPS JHADO", "school_type": "Primary", "source": "PITB (Government)" }, "geometry": { "type": "Point", "coordinates": [ 1005555.060225838678889, 3480088.334883584175259 ] } },
{ "type": "Feature", "properties": { "name": "GPS TOOR", "school_type": "Primary", "source": "PITB (Government)" }, "geometry": { "type": "Point", "coordinates": [ 1004946.906043043127283, 3481808.750282691325992 ] } },
{ "type": "Feature", "properties": { "name": "GGES WARRIACH", "school_type": "Elementary", "source": "PITB (Government)" }, "geometry": { "type": "Point", "coordinates": [ 1005410.74312431877479, 3482914.259327700827271 ] } },
{ "type": "Feature", "properties": { "name": "GGES NANGARH", "school_type": "Elementary", "source": "PITB (Government)" }, "geometry": { "type": "Point", "coordinates": [ 1004657.55615147203207, 3486316.017360082827508 ] } },
{ "type": "Feature", "properties": { "name": "GPS NANGAR", "school_type": "Primary", "source": "PITB (Government)" }, "geometry": { "type": "Point", "coordinates": [ 1004465.275621051783673, 3486343.301346390508115 ] } },
{ "type": "Feature", "properties": { "name": "GHS GREEN TOWN", "school_type": "Secondary", "source": "PITB (Government)" }, "geometry": { "type": "Point", "coordinates": [ 1004783.657181206624955, 3489715.050016685854644 ] } },
{ "type": "Feature", "properties": { "name": "GPS TIBBA PAJIAN", "school_type": "Primary", "source": "PITB (Government)" }, "geometry": { "type": "Point", "coordinates": [ 997634.215059571317397, 3475645.982453127391636 ] } },
{ "type": "Feature", "properties": { "name": "GGPS KARYAL", "school_type": "Primary", "source": "PITB (Government)" }, "geometry": { "type": "Point", "coordinates": [ 1000624.071847162209451, 3475981.762723873835057 ] } },
{ "type": "Feature", "properties": { "name": "GHS ARRIYAN RAIWIND ROAD", "school_type": "Secondary", "source": "PITB (Government)" }, "geometry": { "type": "Point", "coordinates": [ 998206.220445944229141, 3478186.111187816597521 ] } },
{ "type": "Feature", "properties": { "name": "GGES KHANA NEPAL", "school_type": "Elementary", "source": "PITB (Government)" }, "geometry": { "type": "Point", "coordinates": [ 999910.080635691527277, 3478296.774102203547955 ] } },
{ "type": "Feature", "properties": { "name": "GPS KAHNA NIPAL", "school_type": "Primary", "source": "PITB (Government)" }, "geometry": { "type": "Point", "coordinates": [ 999979.295851620147005, 3478455.999031617306173 ] } },
{ "type": "Feature", "properties": { "name": "GGHS ARRAYIAN", "school_type": "Secondary", "source": "PITB (Government)" }, "geometry": { "type": "Point", "coordinates": [ 998316.373586771078408, 3478611.784024663735181 ] } },
{ "type": "Feature", "properties": { "name": "GPS ARRYIAN", "school_type": "Primary", "source": "PITB (Government)" }, "geometry": { "type": "Point", "coordinates": [ 998162.855490999179892, 3478933.407153117004782 ] } },
{ "type": "Feature", "properties": { "name": "GGPS RAKH RAI", "school_type": "Primary", "source": "PITB (Government)" }, "geometry": { "type": "Point", "coordinates": [ 998888.273239929694682, 3479918.329040783457458 ] } },
{ "type": "Feature", "properties": { "name": "GPS JANJATTY", "school_type": "Primary", "source": "PITB (Government)" }, "geometry": { "type": "Point", "coordinates": [ 998918.786870092153549, 3481279.695736040826887 ] } },
{ "type": "Feature", "properties": { "name": "GGES JANJATTAY", "school_type": "Elementary", "source": "PITB (Government)" }, "geometry": { "type": "Point", "coordinates": [ 998851.515685952850617, 3481290.807815663982183 ] } },
{ "type": "Feature", "properties": { "name": "GHS HALLOKI", "school_type": "Secondary", "source": "PITB (Government)" }, "geometry": { "type": "Point", "coordinates": [ 1003315.065476602176204, 3482762.837910402566195 ] } },
{ "type": "Feature", "properties": { "name": "GGHS HALLOKI", "school_type": "Secondary", "source": "PITB (Government)" }, "geometry": { "type": "Point", "coordinates": [ 1003025.903241342166439, 3483277.442141549661756 ] } },
{ "type": "Feature", "properties": { "name": "GHS BAGRIAN GREEN TOWN", "school_type": "Secondary", "source": "PITB (Government)" }, "geometry": { "type": "Point", "coordinates": [ 1003203.666000257944688, 3488552.38425489841029 ] } },
{ "type": "Feature", "properties": { "name": "GGES BAGRIAN GREEN TOWN", "school_type": "Elementary", "source": "PITB (Government)" }, "geometry": { "type": "Point", "coordinates": [ 1003231.347773155895993, 3488721.076429321430624 ] } },
{ "type": "Feature", "properties": { "name": "GGHS BEHARI COLONY", "school_type": "Secondary", "source": "PITB (Government)" }, "geometry": { "type": "Point", "coordinates": [ 1004345.511717297602445, 3489753.581127807963639 ] } },
{ "type": "Feature", "properties": { "name": "GGPS CDG MUSLIM CHOWK GREEN TOWN", "school_type": "Primary", "source": "PITB (Government)" }, "geometry": { "type": "Point", "coordinates": [ 1003373.71585218119435, 3489899.422411166131496 ] } },
{ "type": "Feature", "properties": { "name": "GHSS BEHARI COLONY MUSLIM CHOWK GREEN TOWN", "school_type": "Secondary", "source": "PITB (Government)" }, "geometry": { "type": "Point", "coordinates": [ 1003332.171942333690822, 3489948.630478941835463 ] } },
{ "type": "Feature", "properties": { "name": "GGHS CDG GREEN TOWN", "school_type": "Secondary", "source": "PITB (Government)" }, "geometry": { "type": "Point", "coordinates": [ 1004246.895089824451134, 3490051.345264528878033 ] } },
{ "type": "Feature", "properties": { "name": "GES BAHARI COLONY GREEN TOWN LAHORE", "school_type": "Elementary", "source": "PITB (Government)" }, "geometry": { "type": "Point", "coordinates": [ 1003999.133107719826512, 3490438.968461920972914 ] } },
{ "type": "Feature", "properties": { "name": "GPS ASLAM JUNIOR MODEL B-II TOWNSHIP", "school_type": "Primary", "source": "PITB (Government)" }, "geometry": { "type": "Point", "coordinates": [ 1004276.200212513562292, 3492316.796014934778214 ] } },
{ "type": "Feature", "properties": { "name": "GGHS GREEN TOWN", "school_type": "Secondary", "source": "PITB (Government)" }, "geometry": { "type": "Point", "coordinates": [ 1004835.311236622510478, 3489868.949208538513631 ] } },
{ "type": "Feature", "properties": { "name": "GHS CDG 4-D-II GREEN TOWN", "school_type": "Secondary", "source": "PITB (Government)" }, "geometry": { "type": "Point", "coordinates": [ 1005079.475665879668668, 3490024.388552774209529 ] } },
{ "type": "Feature", "properties": { "name": "GHS SHAMKE BHATTIAN VILLAGE SHAMKE", "school_type": "Secondary", "source": "PITB (Government)" }, "geometry": { "type": "Point", "coordinates": [ 1004483.004648310132325, 3490239.388351844623685 ] } },
{ "type": "Feature", "properties": { "name": "GGCMES GLOBE KEER KALAN", "school_type": "Other Govt", "source": "PITB (Government)" }, "geometry": { "type": "Point", "coordinates": [ 1005301.115327288978733, 3490352.954414803534746 ] } },
{ "type": "Feature", "properties": { "name": "GES KEER KALAN 4/D-1 GREEN TOWN", "school_type": "Elementary", "source": "PITB (Government)" }, "geometry": { "type": "Point", "coordinates": [ 1005140.65072121238336, 3490876.945343195460737 ] } },
{ "type": "Feature", "properties": { "name": "GHS SECTOR D-1 TOWNSHIP", "school_type": "Secondary", "source": "PITB (Government)" }, "geometry": { "type": "Point", "coordinates": [ 1004760.610824125120416, 3491101.542492797132581 ] } },
{ "type": "Feature", "properties": { "name": "GGHS BLOCK 2 SECTOR D-1 TOWNSHIP", "school_type": "Secondary", "source": "PITB (Government)" }, "geometry": { "type": "Point", "coordinates": [ 1004759.734268036903813, 3491151.634900295175612 ] } },
{ "type": "Feature", "properties": { "name": "GGHSS PRACTISING TOWNSHIP", "school_type": "Secondary", "source": "PITB (Government)" }, "geometry": { "type": "Point", "coordinates": [ 1004413.603981459047645, 3491603.675006792414933 ] } },
{ "type": "Feature", "properties": { "name": "GPS SECTOR 5 A-II TOWNSHIP", "school_type": "Primary", "source": "PITB (Government)" }, "geometry": { "type": "Point", "coordinates": [ 1005689.119940577773377, 3491734.923833548091352 ] } },
{ "type": "Feature", "properties": { "name": "GGPS CDG SECTOR A-II TOWNSHIP", "school_type": "Primary", "source": "PITB (Government)" }, "geometry": { "type": "Point", "coordinates": [ 1005347.187806617468596, 3492166.945974430069327 ] } },
{ "type": "Feature", "properties": { "name": "GES SADHUKI", "school_type": "Elementary", "source": "PITB (Government)" }, "geometry": { "type": "Point", "coordinates": [ 1002397.072513456223533, 3484857.384385703131557 ] } },
{ "type": "Feature", "properties": { "name": "GGHS SADHOKEY LAHORE CITY", "school_type": "Secondary", "source": "PITB (Government)" }, "geometry": { "type": "Point", "coordinates": [ 1001988.747452701907605, 3485233.389952483121306 ] } },
{ "type": "Feature", "properties": { "name": "GGES SATTO KATLA LAHORE", "school_type": "Elementary", "source": "PITB (Government)" }, "geometry": { "type": "Point", "coordinates": [ 1001445.40865563985426, 3488925.49298443691805 ] } },
{ "type": "Feature", "properties": { "name": "GPS SATTO KATLA LAHORE", "school_type": "Primary", "source": "PITB (Government)" }, "geometry": { "type": "Point", "coordinates": [ 1001450.318629299406894, 3488951.963887106161565 ] } },
{ "type": "Feature", "properties": { "name": "GGPS AZIZIA PUNJAB SOCIETY", "school_type": "Primary", "source": "PITB (Government)" }, "geometry": { "type": "Point", "coordinates": [ 1002358.193454327760264, 3490284.709323446732014 ] } },
{ "type": "Feature", "properties": { "name": "GGHS SHADA WAL MAJA", "school_type": "Secondary", "source": "PITB (Government)" }, "geometry": { "type": "Point", "coordinates": [ 1001705.023516884073615, 3491748.337471462786198 ] } },
{ "type": "Feature", "properties": { "name": "GPS SHADAWAL MAJHA", "school_type": "Primary", "source": "PITB (Government)" }, "geometry": { "type": "Point", "coordinates": [ 1001691.032412336091511, 3491783.913434422109276 ] } },
{ "type": "Feature", "properties": { "name": "GGHS SAMSANI KHOI", "school_type": "Secondary", "source": "PITB (Government)" }, "geometry": { "type": "Point", "coordinates": [ 1001584.839171852217987, 3493354.18120846664533 ] } },
{ "type": "Feature", "properties": { "name": "GGES CDG WAFAQI COLONY", "school_type": "Elementary", "source": "PITB (Government)" }, "geometry": { "type": "Point", "coordinates": [ 1002941.924400699790567, 3494795.510578241199255 ] } },
{ "type": "Feature", "properties": { "name": "GHS KARIM BLOCK ALLAMA IQBAL TOWN", "school_type": "Secondary", "source": "PITB (Government)" }, "geometry": { "type": "Point", "coordinates": [ 1001229.785633493913338, 3497592.417028191033751 ] } },
{ "type": "Feature", "properties": { "name": "GGES TOWNSHIP A-2", "school_type": "Elementary", "source": "PITB (Government)" }, "geometry": { "type": "Point", "coordinates": [ 1005312.509419247391634, 3492234.009477150160819 ] } },
{ "type": "Feature", "properties": { "name": "GPS BLOCK NO. 5 SECTOR B-I TOWNSHIP", "school_type": "Primary", "source": "PITB (Government)" }, "geometry": { "type": "Point", "coordinates": [ 1005090.089217419968918, 3492555.193473856896162 ] } },
{ "type": "Feature", "properties": { "name": "GGHS 5B-1 TOWNSHIP LAHORE", "school_type": "Secondary", "source": "PITB (Government)" }, "geometry": { "type": "Point", "coordinates": [ 1004875.443055855575949, 3492587.64168263413012 ] } },
{ "type": "Feature", "properties": { "name": "GHS TOWNSHIP MAIN MARKET", "school_type": "Secondary", "source": "PITB (Government)" }, "geometry": { "type": "Point", "coordinates": [ 1004978.702100425027311, 3492788.597511490341276 ] } },
{ "type": "Feature", "properties": { "name": "GHS BLOCK NO.13 TOWNSHIP", "school_type": "Secondary", "source": "PITB (Government)" }, "geometry": { "type": "Point", "coordinates": [ 1004488.675192087190226, 3492823.303791471291333 ] } },
{ "type": "Feature", "properties": { "name": "GPS NEW PUBLIC ISLAMIA TOWNSHIP", "school_type": "Primary", "source": "PITB (Government)" }, "geometry": { "type": "Point", "coordinates": [ 1004453.151434795930982, 3492984.519924889318645 ] } },
{ "type": "Feature", "properties": { "name": "GGHS TEHZEEB-UL-BINAT 3-B I TOWNSHIP", "school_type": "Secondary", "source": "PITB (Government)" }, "geometry": { "type": "Point", "coordinates": [ 1005143.700527738546953, 3492988.076153409667313 ] } },
{ "type": "Feature", "properties": { "name": "GHS CDG TOWNSHIP", "school_type": "Secondary", "source": "PITB (Government)" }, "geometry": { "type": "Point", "coordinates": [ 1004503.144368626642972, 3493077.286591199692339 ] } },
{ "type": "Feature", "properties": { "name": "GGPS CDG B-1 TOWNSHIP", "school_type": "Primary", "source": "PITB (Government)" }, "geometry": { "type": "Point", "coordinates": [ 1004666.759470538236201, 3493130.967771440278739 ] } },
{ "type": "Feature", "properties": { "name": "GGPS MOCHI PURA", "school_type": "Primary", "source": "PITB (Government)" }, "geometry": { "type": "Point", "coordinates": [ 1005197.130242706276476, 3493781.899610022548586 ] } },
{ "type": "Feature", "properties": { "name": "GGPS NAWAN PIND H-II JOHAR TOWN", "school_type": "Primary", "source": "PITB (Government)" }, "geometry": { "type": "Point", "coordinates": [ 1000615.773957882309332, 3493552.211517267860472 ] } },
{ "type": "Feature", "properties": { "name": "GPS NAWAN PIND H-II JOHAR TOWN", "school_type": "Primary", "source": "PITB (Government)" }, "geometry": { "type": "Point", "coordinates": [ 1000554.815290160244331, 3493579.410730773583055 ] } },
{ "type": "Feature", "properties": { "name": "GGHS MODEL CANAL VIEW", "school_type": "Secondary", "source": "PITB (Government)" }, "geometry": { "type": "Point", "coordinates": [ 999232.98524147993885, 3494660.02475334238261 ] } },
{ "type": "Feature", "properties": { "name": "GPS MURIDWALI", "school_type": "Primary", "source": "PITB (Government)" }, "geometry": { "type": "Point", "coordinates": [ 997989.168780859792605, 3494712.570595721248537 ] } },
{ "type": "Feature", "properties": { "name": "GGPS MURIDWAL MULTAN ROAD", "school_type": "Primary", "source": "PITB (Government)" }, "geometry": { "type": "Point", "coordinates": [ 997970.325108685763553, 3494777.176104709971696 ] } },
{ "type": "Feature", "properties": { "name": "GHS NIAZ BEG MULTAN ROAD", "school_type": "Secondary", "source": "PITB (Government)" }, "geometry": { "type": "Point", "coordinates": [ 997470.471137397922575, 3494950.039337080903351 ] } },
{ "type": "Feature", "properties": { "name": "GPS AHMEDABAD NIAZBAIG LAHORE", "school_type": "Primary", "source": "PITB (Government)" }, "geometry": { "type": "Point", "coordinates": [ 998053.959694403456524, 3495003.815449092071503 ] } },
{ "type": "Feature", "properties": { "name": "GPS NIAZ BAIG", "school_type": "Primary", "source": "PITB (Government)" }, "geometry": { "type": "Point", "coordinates": [ 997693.257492326432839, 3495072.870453749783337 ] } },
{ "type": "Feature", "properties": { "name": "GGPS THOKAR NIAZ BAIG", "school_type": "Primary", "source": "PITB (Government)" }, "geometry": { "type": "Point", "coordinates": [ 997879.340128437615931, 3495388.319514958187938 ] } },
{ "type": "Feature", "properties": { "name": "GHS HANJAR WAL", "school_type": "Secondary", "source": "PITB (Government)" }, "geometry": { "type": "Point", "coordinates": [ 999437.590823185630143, 3495497.453099558595568 ] } },
{ "type": "Feature", "properties": { "name": "GGPS PAJIAN", "school_type": "Primary", "source": "PITB (Government)" }, "geometry": { "type": "Point", "coordinates": [ 997297.991882549249567, 3474787.566834443248808 ] } },
{ "type": "Feature", "properties": { "name": "GGES MANAK", "school_type": "Elementary", "source": "PITB (Government)" }, "geometry": { "type": "Point", "coordinates": [ 995241.146239846595563, 3474879.301517060492188 ] } },
{ "type": "Feature", "properties": { "name": "GES CENTRE MAL", "school_type": "Elementary", "source": "PITB (Government)" }, "geometry": { "type": "Point", "coordinates": [ 991124.418546597473323, 3475841.502809280063957 ] } },
{ "type": "Feature", "properties": { "name": "GES BADOOKI SANI", "school_type": "Elementary", "source": "PITB (Government)" }, "geometry": { "type": "Point", "coordinates": [ 993399.255076827597804, 3476984.664974553044885 ] } },
{ "type": "Feature", "properties": { "name": "GPS MODEL CHAK RAM WALA", "school_type": "Primary", "source": "PITB (Government)" }, "geometry": { "type": "Point", "coordinates": [ 992620.179153456585482, 3478212.26945795211941 ] } },
{ "type": "Feature", "properties": { "name": "GGPS SHEIKH DA KOT", "school_type": "Primary", "source": "PITB (Government)" }, "geometry": { "type": "Point", "coordinates": [ 993597.970647260081023, 3480081.166228991001844 ] } },
{ "type": "Feature", "properties": { "name": "GES RAMKOT (SHEIKH DAKOT)", "school_type": "Elementary", "source": "PITB (Government)" }, "geometry": { "type": "Point", "coordinates": [ 993435.426410635118373, 3480143.643156649079174 ] } },
{ "type": "Feature", "properties": { "name": "GPS ASAL LAKHOWAL", "school_type": "Primary", "source": "PITB (Government)" }, "geometry": { "type": "Point", "coordinates": [ 995670.797350831329823, 3480910.195551914162934 ] } },
{ "type": "Feature", "properties": { "name": "GGPS ASAL KUNDAL", "school_type": "Primary", "source": "PITB (Government)" }, "geometry": { "type": "Point", "coordinates": [ 995652.199321910040453, 3480931.165633276104927 ] } },
{ "type": "Feature", "properties": { "name": "GPS MAQADDAM SINGH WALA", "school_type": "Primary", "source": "PITB (Government)" }, "geometry": { "type": "Point", "coordinates": [ 992686.935564149869606, 3481229.493884419091046 ] } },
{ "type": "Feature", "properties": { "name": "GGPS MAL LAHORE", "school_type": "Primary", "source": "PITB (Government)" }, "geometry": { "type": "Point", "coordinates": [ 990301.279063216177747, 3477658.346875028684735 ] } },
{ "type": "Feature", "properties": { "name": "GGPS BATH KALAN MULTAN ROAD", "school_type": "Primary", "source": "PITB (Government)" }, "geometry": { "type": "Point", "coordinates": [ 983951.92423770413734, 3478055.084978539030999 ] } },
{ "type": "Feature", "properties": { "name": "GPS MODEL DHOPSARI LAHORE", "school_type": "Primary", "source": "PITB (Government)" }, "geometry": { "type": "Point", "coordinates": [ 989984.91688972292468, 3478394.672437069937587 ] } },
{ "type": "Feature", "properties": { "name": "GGPS DHOKIWALI LAHORE", "school_type": "Primary", "source": "PITB (Government)" }, "geometry": { "type": "Point", "coordinates": [ 989204.591700568096712, 3478594.946162834297866 ] } },
{ "type": "Feature", "properties": { "name": "GGPS JHUGIAN LODHRAY", "school_type": "Primary", "source": "PITB (Government)" }, "geometry": { "type": "Point", "coordinates": [ 984416.011844189139083, 3479153.675902279559523 ] } },
{ "type": "Feature", "properties": { "name": "GES SUNDER LAHORE", "school_type": "Elementary", "source": "PITB (Government)" }, "geometry": { "type": "Point", "coordinates": [ 987981.923176638083532, 3480361.813358851708472 ] } },
{ "type": "Feature", "properties": { "name": "GGHS SUNDER MULTAN ROAD LAHORE", "school_type": "Secondary", "source": "PITB (Government)" }, "geometry": { "type": "Point", "coordinates": [ 987703.419182903133333, 3480368.138517801649868 ] } },
{ "type": "Feature", "properties": { "name": "GPS JHUGIAN CHUMBRAN", "school_type": "Primary", "source": "PITB (Government)" }, "geometry": { "type": "Point", "coordinates": [ 989788.985848763724789, 3480925.515456139110029 ] } },
{ "type": "Feature", "properties": { "name": "GGPS JHUGIAN CHAMRAN", "school_type": "Primary", "source": "PITB (Government)" }, "geometry": { "type": "Point", "coordinates": [ 989783.194592633051798, 3480968.47243841085583 ] } },
{ "type": "Feature", "properties": { "name": "GPS RANGEEL PUR P/O SUNDAR", "school_type": "Primary", "source": "PITB (Government)" }, "geometry": { "type": "Point", "coordinates": [ 985955.966070714173838, 3481131.832335916347802 ] } },
{ "type": "Feature", "properties": { "name": "GGPS RANGEEL PUR MULTAN ROAD", "school_type": "Primary", "source": "PITB (Government)" }, "geometry": { "type": "Point", "coordinates": [ 985862.447153838351369, 3481322.350200107786804 ] } },
{ "type": "Feature", "properties": { "name": "GGES JHUGIAN BAJA SINGH", "school_type": "Elementary", "source": "PITB (Government)" }, "geometry": { "type": "Point", "coordinates": [ 989564.190717341378331, 3483667.870372368954122 ] } },
{ "type": "Feature", "properties": { "name": "GGES MARAKA VILLAGE", "school_type": "Elementary", "source": "PITB (Government)" }, "geometry": { "type": "Point", "coordinates": [ 990470.396828093566, 3483717.193353620357811 ] } },
{ "type": "Feature", "properties": { "name": "GPS MARAKA MULTAN ROAD", "school_type": "Primary", "source": "PITB (Government)" }, "geometry": { "type": "Point", "coordinates": [ 990411.411407421459444, 3483741.075536977965385 ] } },
{ "type": "Feature", "properties": { "name": "GHSS MARAKA QUARTERS MULTAN ROAD", "school_type": "Secondary", "source": "PITB (Government)" }, "geometry": { "type": "Point", "coordinates": [ 989928.991561062401161, 3483742.919035953469574 ] } },
{ "type": "Feature", "properties": { "name": "GGPS KANGA DA DERA", "school_type": "Primary", "source": "PITB (Government)" }, "geometry": { "type": "Point", "coordinates": [ 988899.783569896826521, 3484029.63948858436197 ] } },
{ "type": "Feature", "properties": { "name": "GPS KHUD PUR", "school_type": "Primary", "source": "PITB (Government)" }, "geometry": { "type": "Point", "coordinates": [ 985095.519695992814377, 3484179.927072614431381 ] } },
{ "type": "Feature", "properties": { "name": "GGPS KHURD PUR", "school_type": "Primary", "source": "PITB (Government)" }, "geometry": { "type": "Point", "coordinates": [ 984927.576326478505507, 3484255.663174641784281 ] } },
{ "type": "Feature", "properties": { "name": "GPS JUGGIAN BAJA NAGAR", "school_type": "Primary", "source": "PITB (Government)" }, "geometry": { "type": "Point", "coordinates": [ 989316.51056235586293, 3484347.531291372142732 ] } },
{ "type": "Feature", "properties": { "name": "GGES MARAKA QUARTER", "school_type": "Elementary", "source": "PITB (Government)" }, "geometry": { "type": "Point", "coordinates": [ 990076.694342924049124, 3484739.320028303656727 ] } },
{ "type": "Feature", "properties": { "name": "GES NANO DOGER ARIAN", "school_type": "Elementary", "source": "PITB (Government)" }, "geometry": { "type": "Point", "coordinates": [ 981797.508451621513814, 3480263.34311414277181 ] } },
{ "type": "Feature", "properties": { "name": "GGPS NANO DOGAR", "school_type": "Primary", "source": "PITB (Government)" }, "geometry": { "type": "Point", "coordinates": [ 981668.424517933977768, 3480538.620644880458713 ] } },
{ "type": "Feature", "properties": { "name": "GPS JUGGIAN KHANAKE P/O SUNDER", "school_type": "Primary", "source": "PITB (Government)" }, "geometry": { "type": "Point", "coordinates": [ 982211.949435964343138, 3481342.612884315662086 ] } },
{ "type": "Feature", "properties": { "name": "GPS THATHA BAMIAN", "school_type": "Primary", "source": "PITB (Government)" }, "geometry": { "type": "Point", "coordinates": [ 979997.621328993700445, 3486127.163832115475088 ] } },
{ "type": "Feature", "properties": { "name": "GPS TAROGILL", "school_type": "Primary", "source": "PITB (Government)" }, "geometry": { "type": "Point", "coordinates": [ 995394.24167912977282, 3481582.386841580271721 ] } },
{ "type": "Feature", "properties": { "name": "GPS MODEL MUQADDAM SINGWALA", "school_type": "Primary", "source": "PITB (Government)" }, "geometry": { "type": "Point", "coordinates": [ 991167.73823370737955, 3482222.890966613311321 ] } },
{ "type": "Feature", "properties": { "name": "GGPS NULAN DE JALLAR", "school_type": "Primary", "source": "PITB (Government)" }, "geometry": { "type": "Point", "coordinates": [ 992609.788275836966932, 3482408.937012605369091 ] } },
{ "type": "Feature", "properties": { "name": "GGPS BHALLI GIL", "school_type": "Primary", "source": "PITB (Government)" }, "geometry": { "type": "Point", "coordinates": [ 994512.157924247672781, 3482795.051193666644394 ] } },
{ "type": "Feature", "properties": { "name": "GGPS ARIAN DE JALLAR", "school_type": "Primary", "source": "PITB (Government)" }, "geometry": { "type": "Point", "coordinates": [ 991953.35708155517932, 3483363.457417433615774 ] } },
{ "type": "Feature", "properties": { "name": "GPS FATAH SINGH WALA", "school_type": "Primary", "source": "PITB (Government)" }, "geometry": { "type": "Point", "coordinates": [ 995009.653072112007067, 3483691.114268197212368 ] } },
{ "type": "Feature", "properties": { "name": "GGPS JALYANA", "school_type": "Primary", "source": "PITB (Government)" }, "geometry": { "type": "Point", "coordinates": [ 994322.113850428955629, 3484656.164966399781406 ] } },
{ "type": "Feature", "properties": { "name": "GES JALYANA NIAZBAIG LAHORE", "school_type": "Elementary", "source": "PITB (Government)" }, "geometry": { "type": "Point", "coordinates": [ 994285.862423139158636, 3484669.173832311760634 ] } },
{ "type": "Feature", "properties": { "name": "GGHS BHOBTIAN", "school_type": "Secondary", "source": "PITB (Government)" }, "geometry": { "type": "Point", "coordinates": [ 997154.738756021019071, 3485810.176397646777332 ] } },
{ "type": "Feature", "properties": { "name": "GPS KHIZAR ABAD", "school_type": "Primary", "source": "PITB (Government)" }, "geometry": { "type": "Point", "coordinates": [ 994557.219861916266382, 3486041.753609390929341 ] } },
{ "type": "Feature", "properties": { "name": "GGPS HAVELI JANJATAY", "school_type": "Primary", "source": "PITB (Government)" }, "geometry": { "type": "Point", "coordinates": [ 999184.739792830194347, 3481766.441488673444837 ] } },
{ "type": "Feature", "properties": { "name": "GGES CHAMR POUR", "school_type": "Elementary", "source": "PITB (Government)" }, "geometry": { "type": "Point", "coordinates": [ 997509.329240908613428, 3483168.700911357533187 ] } },
{ "type": "Feature", "properties": { "name": "GHS CHAMRU PUR", "school_type": "Secondary", "source": "PITB (Government)" }, "geometry": { "type": "Point", "coordinates": [ 997640.169599393266253, 3483236.296090871095657 ] } },
{ "type": "Feature", "properties": { "name": "GGPS BHATTA RAIWIND ROAD", "school_type": "Primary", "source": "PITB (Government)" }, "geometry": { "type": "Point", "coordinates": [ 997566.65526490425691, 3484029.745211664121598 ] } },
{ "type": "Feature", "properties": { "name": "GPS BHOBATTIAN", "school_type": "Primary", "source": "PITB (Government)" }, "geometry": { "type": "Point", "coordinates": [ 997533.969392151106149, 3485909.314631071873009 ] } },
{ "type": "Feature", "properties": { "name": "GPS MODEL AMIR PUR JHUGGIAN", "school_type": "Primary", "source": "PITB (Government)" }, "geometry": { "type": "Point", "coordinates": [ 999172.177744235610589, 3486702.627070331946015 ] } },
{ "type": "Feature", "properties": { "name": "GGPS HASSAN DA KOT", "school_type": "Primary", "source": "PITB (Government)" }, "geometry": { "type": "Point", "coordinates": [ 997645.254585518036038, 3487002.646899611223489 ] } },
{ "type": "Feature", "properties": { "name": "GGPS NAI ABADI JHUGGIAN RAIWIND ROAD", "school_type": "Primary", "source": "PITB (Government)" }, "geometry": { "type": "Point", "coordinates": [ 998872.51067578792572, 3487850.454554033931345 ] } },
{ "type": "Feature", "properties": { "name": "GPS NAI ABADI JHUGIAN AMEERPUR RAIWIND ROAD", "school_type": "Primary", "source": "PITB (Government)" }, "geometry": { "type": "Point", "coordinates": [ 998851.387522119795904, 3487856.687087616883218 ] } },
{ "type": "Feature", "properties": { "name": "GGPS QILA ZULFIQAR", "school_type": "Primary", "source": "PITB (Government)" }, "geometry": { "type": "Point", "coordinates": [ 998511.112472184468061, 3488669.828143587801605 ] } },
{ "type": "Feature", "properties": { "name": "GGPS MOHLANWAL PUNJAB SOCIETY", "school_type": "Primary", "source": "PITB (Government)" }, "geometry": { "type": "Point", "coordinates": [ 991252.836197722703218, 3486488.5929508022964 ] } },
{ "type": "Feature", "properties": { "name": "GPS MOHLANWALHOUSING SCHEME", "school_type": "Primary", "source": "PITB (Government)" }, "geometry": { "type": "Point", "coordinates": [ 991284.139123211614788, 3486490.279010068625212 ] } },
{ "type": "Feature", "properties": { "name": "GPS SHER SHAH COLONY LAHORE", "school_type": "Primary", "source": "PITB (Government)" }, "geometry": { "type": "Point", "coordinates": [ 996957.158447562018409, 3486761.452128779143095 ] } },
{ "type": "Feature", "properties": { "name": "GHS SHER SHAH COLONY LAHORE", "school_type": "Secondary", "source": "PITB (Government)" }, "geometry": { "type": "Point", "coordinates": [ 996542.068286381545477, 3486819.185121323447675 ] } },
{ "type": "Feature", "properties": { "name": "GGHS SHER SHAH COLONY LAHORE", "school_type": "Secondary", "source": "PITB (Government)" }, "geometry": { "type": "Point", "coordinates": [ 996971.795948686311021, 3486920.627814890351146 ] } },
{ "type": "Feature", "properties": { "name": "GPS SHER SHAH COLONY B-BLOCK", "school_type": "Primary", "source": "PITB (Government)" }, "geometry": { "type": "Point", "coordinates": [ 996581.634622475365177, 3487018.513147553429008 ] } },
{ "type": "Feature", "properties": { "name": "GGPS MOHLAN WAL KHURD", "school_type": "Primary", "source": "PITB (Government)" }, "geometry": { "type": "Point", "coordinates": [ 990979.646265653078444, 3487101.963796605356038 ] } },
{ "type": "Feature", "properties": { "name": "GGES SHER SHAH COLONY RAIWIND ROAD", "school_type": "Elementary", "source": "PITB (Government)" }, "geometry": { "type": "Point", "coordinates": [ 996896.767981432611123, 3487122.695334082469344 ] } },
{ "type": "Feature", "properties": { "name": "GGPS MUSALA", "school_type": "Primary", "source": "PITB (Government)" }, "geometry": { "type": "Point", "coordinates": [ 994058.033814418362454, 3487160.541653768159449 ] } },
{ "type": "Feature", "properties": { "name": "GPS MOHLAN WAL KHURD", "school_type": "Primary", "source": "PITB (Government)" }, "geometry": { "type": "Point", "coordinates": [ 991109.17754648369737, 3487169.18453088728711 ] } },
{ "type": "Feature", "properties": { "name": "GGPS NOOR PUR ARAIAN", "school_type": "Primary", "source": "PITB (Government)" }, "geometry": { "type": "Point", "coordinates": [ 982644.668573998846114, 3487636.208938602823764 ] } },
{ "type": "Feature", "properties": { "name": "GPS NOOR PUR ARIAN", "school_type": "Primary", "source": "PITB (Government)" }, "geometry": { "type": "Point", "coordinates": [ 982553.328440058510751, 3487652.756369761191308 ] } },
{ "type": "Feature", "properties": { "name": "GPS MODEL HYDERABAD", "school_type": "Primary", "source": "PITB (Government)" }, "geometry": { "type": "Point", "coordinates": [ 995171.765868890215643, 3487620.130201688501984 ] } },
{ "type": "Feature", "properties": { "name": "GGPS HADYATA ABAD", "school_type": "Primary", "source": "PITB (Government)" }, "geometry": { "type": "Point", "coordinates": [ 995822.363723645918071, 3488271.16292193857953 ] } },
{ "type": "Feature", "properties": { "name": "GGPS NASIR GUNJ", "school_type": "Primary", "source": "PITB (Government)" }, "geometry": { "type": "Point", "coordinates": [ 994607.956471455050632, 3488472.515125940088183 ] } },
{ "type": "Feature", "properties": { "name": "GES SHADAB COLONY CHUNG LAHORE", "school_type": "Elementary", "source": "PITB (Government)" }, "geometry": { "type": "Point", "coordinates": [ 992077.49658751883544, 3488496.179724524728954 ] } },
{ "type": "Feature", "properties": { "name": "GGHSS CHUNG MULTAN ROAD", "school_type": "Secondary", "source": "PITB (Government)" }, "geometry": { "type": "Point", "coordinates": [ 992282.462308477144688, 3488687.322867564391345 ] } },
{ "type": "Feature", "properties": { "name": "GPS MEHDI PUR NAWAZISH ABAD", "school_type": "Primary", "source": "PITB (Government)" }, "geometry": { "type": "Point", "coordinates": [ 994300.02678020298481, 3489026.842294378671795 ] } },
{ "type": "Feature", "properties": { "name": "GGPS NAWAZISH ABAD", "school_type": "Primary", "source": "PITB (Government)" }, "geometry": { "type": "Point", "coordinates": [ 995623.713420461630449, 3489104.869518489576876 ] } },
{ "type": "Feature", "properties": { "name": "GPS NAWAZISH ABAD RAIWIND ROAD", "school_type": "Primary", "source": "PITB (Government)" }, "geometry": { "type": "Point", "coordinates": [ 995470.773962118895724, 3489153.498655590694398 ] } },
{ "type": "Feature", "properties": { "name": "GHS CHUNG MULTAN ROAD", "school_type": "Secondary", "source": "PITB (Government)" }, "geometry": { "type": "Point", "coordinates": [ 991977.949433060828596, 3489427.363523374311626 ] } },
{ "type": "Feature", "properties": { "name": "GGPS HUSSAIN ABAD", "school_type": "Primary", "source": "PITB (Government)" }, "geometry": { "type": "Point", "coordinates": [ 996462.337996685528196, 3489555.219882184639573 ] } },
{ "type": "Feature", "properties": { "name": "GHS MOHLANWAL LAHORE", "school_type": "Secondary", "source": "PITB (Government)" }, "geometry": { "type": "Point", "coordinates": [ 988904.801976027199998, 3486246.629616229329258 ] } },
{ "type": "Feature", "properties": { "name": "GGES MOHLANWAL KALAN", "school_type": "Elementary", "source": "PITB (Government)" }, "geometry": { "type": "Point", "coordinates": [ 989093.062420175294392, 3486620.573923907242715 ] } },
{ "type": "Feature", "properties": { "name": "GES CDGF AJODHIA PUR JOHAR TOWN", "school_type": "Elementary", "source": "PITB (Government)" }, "geometry": { "type": "Point", "coordinates": [ 1003283.9809836151544, 3492874.819960553664714 ] } },
{ "type": "Feature", "properties": { "name": "GHS WAFAQI COLONY LAHORE", "school_type": "Secondary", "source": "PITB (Government)" }, "geometry": { "type": "Point", "coordinates": [ 1003040.90761459839996, 3494598.723327475134283 ] } },
{ "type": "Feature", "properties": { "name": "GGHS WAFAQI COLONY LAHORE", "school_type": "Secondary", "source": "PITB (Government)" }, "geometry": { "type": "Point", "coordinates": [ 1003048.975102060474455, 3494616.061553553678095 ] } },
{ "type": "Feature", "properties": { "name": "GPS MC DHANA SINGH WALA", "school_type": "Primary", "source": "PITB (Government)" }, "geometry": { "type": "Point", "coordinates": [ 1003343.34336926531978, 3494904.285827228333801 ] } },
{ "type": "Feature", "properties": { "name": "GGHS FAISAL TOWN LAHORE", "school_type": "Secondary", "source": "PITB (Government)" }, "geometry": { "type": "Point", "coordinates": [ 1004053.655071610002778, 3494923.894749842584133 ] } },
{ "type": "Feature", "properties": { "name": "GGHSS COMPREHENSIVE WAHDAT ROAD", "school_type": "Secondary", "source": "PITB (Government)" }, "geometry": { "type": "Point", "coordinates": [ 1003479.804799068719149, 3498085.949593781027943 ] } },
{ "type": "Feature", "properties": { "name": "GGHS MODEL WAHDAT ROAD", "school_type": "Secondary", "source": "PITB (Government)" }, "geometry": { "type": "Point", "coordinates": [ 1003578.590973215410486, 3498213.213296412024647 ] } },
{ "type": "Feature", "properties": { "name": "GGES CENRALMODEL CGE COLONY WAHDATROAD LAHORE", "school_type": "Elementary", "source": "PITB (Government)" }, "geometry": { "type": "Point", "coordinates": [ 1004185.924204742885195, 3498375.687620676588267 ] } },
{ "type": "Feature", "properties": { "name": "GOVT. PILOT SECONDARY SCHOOL WAHDAT COLONY", "school_type": "Other Govt", "source": "PITB (Government)" }, "geometry": { "type": "Point", "coordinates": [ 1003824.580696517135948, 3498641.274743155576289 ] } },
{ "type": "Feature", "properties": { "name": "GHS CDG WAHDAT COLONY", "school_type": "Secondary", "source": "PITB (Government)" }, "geometry": { "type": "Point", "coordinates": [ 1004168.342454402474687, 3498784.262176543939859 ] } },
{ "type": "Feature", "properties": { "name": "GGHS HANJAR WAL", "school_type": "Secondary", "source": "PITB (Government)" }, "geometry": { "type": "Point", "coordinates": [ 999772.282082273392007, 3495648.82684062840417 ] } },
{ "type": "Feature", "properties": { "name": "GGHS NIAZ BAIG", "school_type": "Secondary", "source": "PITB (Government)" }, "geometry": { "type": "Point", "coordinates": [ 997734.858552972553298, 3495767.266813402529806 ] } },
{ "type": "Feature", "properties": { "name": "GES WARIS COLONY LAHORE", "school_type": "Elementary", "source": "PITB (Government)" }, "geometry": { "type": "Point", "coordinates": [ 1000581.67584565305151, 3496470.027154159732163 ] } },
{ "type": "Feature", "properties": { "name": "GPS AWAN TOWN LAHORE", "school_type": "Primary", "source": "PITB (Government)" }, "geometry": { "type": "Point", "coordinates": [ 999735.680551862809807, 3497191.450801812577993 ] } },
{ "type": "Feature", "properties": { "name": "GGPS MAHER PURA MULTAN ROAD", "school_type": "Primary", "source": "PITB (Government)" }, "geometry": { "type": "Point", "coordinates": [ 1000336.814792857971042, 3497339.546982088126242 ] } },
{ "type": "Feature", "properties": { "name": "GGES JUNIOR MODEL AWAN TOWN 2nd SHIFT LAHORE", "school_type": "Elementary", "source": "PITB (Government)" }, "geometry": { "type": "Point", "coordinates": [ 999799.39216985355597, 3497387.279661035630852 ] } },
{ "type": "Feature", "properties": { "name": "GGES JR.MODEL 1ST SHIFT AWAN TOWN", "school_type": "Elementary", "source": "PITB (Government)" }, "geometry": { "type": "Point", "coordinates": [ 999794.883463152335025, 3497399.587815976701677 ] } },
{ "type": "Feature", "properties": { "name": "GGHSS AWAN TOWN", "school_type": "Secondary", "source": "PITB (Government)" }, "geometry": { "type": "Point", "coordinates": [ 999656.572057170211338, 3497480.599058352876455 ] } },
{ "type": "Feature", "properties": { "name": "GPS SHADY WAL SAHWAN", "school_type": "Primary", "source": "PITB (Government)" }, "geometry": { "type": "Point", "coordinates": [ 998012.138316445052624, 3497611.004149253945798 ] } },
{ "type": "Feature", "properties": { "name": "GHS AWAN TOWN", "school_type": "Secondary", "source": "PITB (Government)" }, "geometry": { "type": "Point", "coordinates": [ 999893.852993438020349, 3497890.682818910572678 ] } },
{ "type": "Feature", "properties": { "name": "GGHSS UMER BLOCK ALLAMA IQBAL TOWN", "school_type": "Secondary", "source": "PITB (Government)" }, "geometry": { "type": "Point", "coordinates": [ 1002132.790513919549994, 3498409.132314605172724 ] } },
{ "type": "Feature", "properties": { "name": "GGES CDG MODEL NARGIS BLOCK IQBAL TOWN", "school_type": "Elementary", "source": "PITB (Government)" }, "geometry": { "type": "Point", "coordinates": [ 1001876.728005514130928, 3499025.437273763120174 ] } },
{ "type": "Feature", "properties": { "name": "GGPS CDG HUMA BLOCK FLATS", "school_type": "Primary", "source": "PITB (Government)" }, "geometry": { "type": "Point", "coordinates": [ 1002469.166281528188847, 3499512.855291900690645 ] } },
{ "type": "Feature", "properties": { "name": "GGES CDG MODEL HUMA BLOCK IQBAL TOWN", "school_type": "Elementary", "source": "PITB (Government)" }, "geometry": { "type": "Point", "coordinates": [ 1002209.634766964940354, 3499759.211577938869596 ] } },
{ "type": "Feature", "properties": { "name": "GMMS KOONJ PURA LAHORE", "school_type": "Other Govt", "source": "PITB (Government)" }, "geometry": { "type": "Point", "coordinates": [ 1000826.457679894054309, 3499978.877953473478556 ] } },
{ "type": "Feature", "properties": { "name": "GGPS SHAHID MODEL SAYYAD PUR MULTAN ROAD LHR", "school_type": "Primary", "source": "PITB (Government)" }, "geometry": { "type": "Point", "coordinates": [ 1001308.41191219468601, 3500268.798637287691236 ] } },
{ "type": "Feature", "properties": { "name": "GES CDG DHOLANWAL", "school_type": "Elementary", "source": "PITB (Government)" }, "geometry": { "type": "Point", "coordinates": [ 1001284.991552013903856, 3500271.716812992468476 ] } },
{ "type": "Feature", "properties": { "name": "GPS MC SAID PUR MULTAN ROAD", "school_type": "Primary", "source": "PITB (Government)" }, "geometry": { "type": "Point", "coordinates": [ 1001295.888713689055294, 3500279.737482487689704 ] } },
{ "type": "Feature", "properties": { "name": "GES CDG PAKKI THATHI SAMANABAD", "school_type": "Elementary", "source": "PITB (Government)" }, "geometry": { "type": "Point", "coordinates": [ 1002947.484464586246759, 3500357.01433488400653 ] } },
{ "type": "Feature", "properties": { "name": "GGPS CDGL KOT KAMBOH", "school_type": "Primary", "source": "PITB (Government)" }, "geometry": { "type": "Point", "coordinates": [ 1001098.612582525704056, 3500383.22906987555325 ] } },
{ "type": "Feature", "properties": { "name": "GGPS PAKIZA GONDAL IQBAL TOWN LAHORE", "school_type": "Primary", "source": "PITB (Government)" }, "geometry": { "type": "Point", "coordinates": [ 1003437.492874346324243, 3499004.378471385221928 ] } },
{ "type": "Feature", "properties": { "name": "GGHS PILOT WAHDAT COLONY", "school_type": "Secondary", "source": "PITB (Government)" }, "geometry": { "type": "Point", "coordinates": [ 1004317.950906237354502, 3499160.393696386832744 ] } },
{ "type": "Feature", "properties": { "name": "GGHS 45- CHENAB BLOCK ALLAMA IQBAL TOWN", "school_type": "Secondary", "source": "PITB (Government)" }, "geometry": { "type": "Point", "coordinates": [ 1003060.090442765620537, 3499276.718713718466461 ] } },
{ "type": "Feature", "properties": { "name": "GGES CDG NEELAM BLOCK IQBAL TOWN", "school_type": "Elementary", "source": "PITB (Government)" }, "geometry": { "type": "Point", "coordinates": [ 1003471.132948775077239, 3499663.366495215799659 ] } },
{ "type": "Feature", "properties": { "name": "GPS IQBAL MODEL SAMANABAD", "school_type": "Primary", "source": "PITB (Government)" }, "geometry": { "type": "Point", "coordinates": [ 1003605.557898633880541, 3500295.581229669507593 ] } },
{ "type": "Feature", "properties": { "name": "GGHS CDG PAKKI THATHI SAMANABAD LAHORE", "school_type": "Secondary", "source": "PITB (Government)" }, "geometry": { "type": "Point", "coordinates": [ 1002965.565246487851255, 3500361.877692894078791 ] } },
{ "type": "Feature", "properties": { "name": "GPS SULEMAN JUNIOR MODEL SAMAN ABAD", "school_type": "Primary", "source": "PITB (Government)" }, "geometry": { "type": "Point", "coordinates": [ 1003953.967666771495715, 3500939.402743150480092 ] } },
{ "type": "Feature", "properties": { "name": "GHS SULEMANIA PUBLIC SAMANABAD", "school_type": "Secondary", "source": "PITB (Government)" }, "geometry": { "type": "Point", "coordinates": [ 1003938.935707886936143, 3500939.886019328609109 ] } },
{ "type": "Feature", "properties": { "name": "GGHS MODEL SAMANABAD", "school_type": "Secondary", "source": "PITB (Government)" }, "geometry": { "type": "Point", "coordinates": [ 1003711.244046636857092, 3500989.345730003435165 ] } },
{ "type": "Feature", "properties": { "name": "GHS CENTRAL MODEL SAMANABAD LAHORE", "school_type": "Secondary", "source": "PITB (Government)" }, "geometry": { "type": "Point", "coordinates": [ 1003813.900196652393788, 3501136.469084596261382 ] } },
{ "type": "Feature", "properties": { "name": "GPS SHADI WAL RAKKAR MEHAR PURA", "school_type": "Primary", "source": "PITB (Government)" }, "geometry": { "type": "Point", "coordinates": [ 999813.968879113905132, 3497895.389118352904916 ] } },
{ "type": "Feature", "properties": { "name": "GGHS KHARAK MULTAN ROAD", "school_type": "Secondary", "source": "PITB (Government)" }, "geometry": { "type": "Point", "coordinates": [ 1000670.057308872463182, 3498772.301629632245749 ] } },
{ "type": "Feature", "properties": { "name": "GGES MC JUNIOR MODEL SAID PUR", "school_type": "Elementary", "source": "PITB (Government)" }, "geometry": { "type": "Point", "coordinates": [ 999929.304284874931909, 3500098.475494247395545 ] } },
{ "type": "Feature", "properties": { "name": "GHS E-BLOCK SABZAZAR LAHORE (NEW)", "school_type": "Secondary", "source": "PITB (Government)" }, "geometry": { "type": "Point", "coordinates": [ 999927.753060220507905, 3500106.987964018248022 ] } },
{ "type": "Feature", "properties": { "name": "GGHS C-BLOCK SABZAZAR LAHORE", "school_type": "Secondary", "source": "PITB (Government)" }, "geometry": { "type": "Point", "coordinates": [ 1000384.837381292134523, 3500411.881218785885721 ] } },
{ "type": "Feature", "properties": { "name": "GGHS MUSSARAT BAND ROAD", "school_type": "Secondary", "source": "PITB (Government)" }, "geometry": { "type": "Point", "coordinates": [ 1000225.288263167254627, 3501373.460891086608171 ] } },
{ "type": "Feature", "properties": { "name": "GHS CDG BABU SABU KOT KAMBOH", "school_type": "Secondary", "source": "PITB (Government)" }, "geometry": { "type": "Point", "coordinates": [ 1000501.031795350369066, 3501446.547993154264987 ] } },
{ "type": "Feature", "properties": { "name": "GPS AFTAB SHAHEEN ABAD BUND ROAD", "school_type": "Primary", "source": "PITB (Government)" }, "geometry": { "type": "Point", "coordinates": [ 1000077.881680941092782, 3501557.377439438831061 ] } },
{ "type": "Feature", "properties": { "name": "GPS NAUMANIA BUND ROAD", "school_type": "Primary", "source": "PITB (Government)" }, "geometry": { "type": "Point", "coordinates": [ 1000132.913477785885334, 3502313.310840946156532 ] } },
{ "type": "Feature", "properties": { "name": "GMMS SODIWAL PIND BAND ROAD LAHORE", "school_type": "Other Govt", "source": "PITB (Government)" }, "geometry": { "type": "Point", "coordinates": [ 999737.819719348335639, 3502786.985538221430033 ] } },
{ "type": "Feature", "properties": { "name": "GPS MU ZUBAIDA MULTAN ROAD BAIT UR RAZA COLONY", "school_type": "Primary", "source": "PITB (Government)" }, "geometry": { "type": "Point", "coordinates": [ 1002408.774257531156763, 3500437.409425265621394 ] } },
{ "type": "Feature", "properties": { "name": "GGPS DHOLANWAL BAND ROAD", "school_type": "Primary", "source": "PITB (Government)" }, "geometry": { "type": "Point", "coordinates": [ 1001452.300685572787188, 3500482.958320784382522 ] } },
{ "type": "Feature", "properties": { "name": "GES SIKANDRIA COLONY", "school_type": "Elementary", "source": "PITB (Government)" }, "geometry": { "type": "Point", "coordinates": [ 1001904.337527627125382, 3500891.552708962932229 ] } },
{ "type": "Feature", "properties": { "name": "GHS ISLAMIA MULTAN ROAD", "school_type": "Secondary", "source": "PITB (Government)" }, "geometry": { "type": "Point", "coordinates": [ 1002344.615323030389845, 3500940.16202152101323 ] } },
{ "type": "Feature", "properties": { "name": "GGES MC JUNIOR MODEL JINNAH COLONY BUSTAMI ROAD", "school_type": "Elementary", "source": "PITB (Government)" }, "geometry": { "type": "Point", "coordinates": [ 1002921.342125003924593, 3501263.771487100515515 ] } },
{ "type": "Feature", "properties": { "name": "GGPS MC JUNIOR MODEL JAFRIA COLONY BUND ROAD", "school_type": "Primary", "source": "PITB (Government)" }, "geometry": { "type": "Point", "coordinates": [ 1001619.832795369438827, 3501342.775601537898183 ] } },
{ "type": "Feature", "properties": { "name": "GES CDG JAFARIA COLONY", "school_type": "Elementary", "source": "PITB (Government)" }, "geometry": { "type": "Point", "coordinates": [ 1001636.405179951223545, 3501349.008731764741242 ] } },
{ "type": "Feature", "properties": { "name": "GGHS SODIWAL QUARTERS MULTAN ROAD LHR.", "school_type": "Secondary", "source": "PITB (Government)" }, "geometry": { "type": "Point", "coordinates": [ 1002236.284399086260237, 3501404.956554807722569 ] } },
{ "type": "Feature", "properties": { "name": "GGES NONARIAN", "school_type": "Elementary", "source": "PITB (Government)" }, "geometry": { "type": "Point", "coordinates": [ 1001931.367487574461848, 3501600.99534042738378 ] } },
{ "type": "Feature", "properties": { "name": "GGHS CDG JUNIOR MODEL MULTAN ROAD LHR.", "school_type": "Secondary", "source": "PITB (Government)" }, "geometry": { "type": "Point", "coordinates": [ 1002742.004778735223226, 3501764.821894713677466 ] } },
{ "type": "Feature", "properties": { "name": "GGES CDG JUNIOR MODEL SAMANABAD GHAZALI ROAD", "school_type": "Elementary", "source": "PITB (Government)" }, "geometry": { "type": "Point", "coordinates": [ 1004348.069683830603026, 3501274.806805526372045 ] } },
{ "type": "Feature", "properties": { "name": "GHS ISLAMIA SAMANABAD", "school_type": "Secondary", "source": "PITB (Government)" }, "geometry": { "type": "Point", "coordinates": [ 1003392.997951555065811, 3501476.689668324775994 ] } },
{ "type": "Feature", "properties": { "name": "GGHS JUNIOR MODEL SAMANABAD (Dungi Ground)", "school_type": "Secondary", "source": "PITB (Government)" }, "geometry": { "type": "Point", "coordinates": [ 1003905.974973271950148, 3501549.436221641022712 ] } },
{ "type": "Feature", "properties": { "name": "GGHSS SAMANABAD", "school_type": "Secondary", "source": "PITB (Government)" }, "geometry": { "type": "Point", "coordinates": [ 1003878.557734052534215, 3501877.678669471293688 ] } },
{ "type": "Feature", "properties": { "name": "GGHS SAINT ANNIS SAMANBAD", "school_type": "Secondary", "source": "PITB (Government)" }, "geometry": { "type": "Point", "coordinates": [ 1003765.348961202776991, 3501923.014476011972874 ] } },
{ "type": "Feature", "properties": { "name": "GPS ANGLO ORIENTAL SAMANABAD LAHORE", "school_type": "Primary", "source": "PITB (Government)" }, "geometry": { "type": "Point", "coordinates": [ 1003072.654249951709062, 3501982.277563034556806 ] } },
{ "type": "Feature", "properties": { "name": "GGES MC JUNIOR MODEL BAGH GUL BEGUM", "school_type": "Elementary", "source": "PITB (Government)" }, "geometry": { "type": "Point", "coordinates": [ 1004314.760472359368578, 3502368.191105826292187 ] } },
{ "type": "Feature", "properties": { "name": "GGES CDG ISLAMIA PARK", "school_type": "Elementary", "source": "PITB (Government)" }, "geometry": { "type": "Point", "coordinates": [ 1003513.744615654461086, 3502422.041435781400651 ] } },
{ "type": "Feature", "properties": { "name": "GGHS CHOBURJI GARDEN", "school_type": "Secondary", "source": "PITB (Government)" }, "geometry": { "type": "Point", "coordinates": [ 1003424.750079858349636, 3502617.90736348181963 ] } },
{ "type": "Feature", "properties": { "name": "GHS CHOBURJI GARDENS", "school_type": "Secondary", "source": "PITB (Government)" }, "geometry": { "type": "Point", "coordinates": [ 1003564.674974157474935, 3502698.270630473271012 ] } },
{ "type": "Feature", "properties": { "name": "GPS CDG JUNIOR MODEL GURU NANAK NAGAR ICHHRA", "school_type": "Primary", "source": "PITB (Government)" }, "geometry": { "type": "Point", "coordinates": [ 1005581.194976228522137, 3501292.817190861329436 ] } },
{ "type": "Feature", "properties": { "name": "GGES GURU NANAK ICHHRA LAHORE", "school_type": "Elementary", "source": "PITB (Government)" }, "geometry": { "type": "Point", "coordinates": [ 1005565.563522877520882, 3501338.902844596188515 ] } },
{ "type": "Feature", "properties": { "name": "GPS ALI PARK ICHARAH LHR", "school_type": "Primary", "source": "PITB (Government)" }, "geometry": { "type": "Point", "coordinates": [ 1004473.050580741022713, 3501425.687808054033667 ] } },
{ "type": "Feature", "properties": { "name": "GGES CDG JUNIOR MODEL RASOOL PARK", "school_type": "Elementary", "source": "PITB (Government)" }, "geometry": { "type": "Point", "coordinates": [ 1004585.40094413748011, 3501833.046907820738852 ] } },
{ "type": "Feature", "properties": { "name": "GGES CHAUDRY COLONY KACHI ABADI", "school_type": "Elementary", "source": "PITB (Government)" }, "geometry": { "type": "Point", "coordinates": [ 1004752.009417739580385, 3501883.825992892030627 ] } },
{ "type": "Feature", "properties": { "name": "GGHS FEROZE PUR ROAD", "school_type": "Secondary", "source": "PITB (Government)" }, "geometry": { "type": "Point", "coordinates": [ 1004860.467764436965808, 3502070.960172450169921 ] } },
{ "type": "Feature", "properties": { "name": "GGPS KHAWATEEN MODEL BHAWALPUR HOUSE", "school_type": "Primary", "source": "PITB (Government)" }, "geometry": { "type": "Point", "coordinates": [ 1004735.743128613918088, 3502338.911293498706073 ] } },
{ "type": "Feature", "properties": { "name": "GGPS APWA MODEL WARIS ROAD LAHORE", "school_type": "Primary", "source": "PITB (Government)" }, "geometry": { "type": "Point", "coordinates": [ 1005385.581882491474971, 3502749.572641256265342 ] } },
{ "type": "Feature", "properties": { "name": "GGPS SYED NATIONAL SADI PARK LAHORE", "school_type": "Primary", "source": "PITB (Government)" }, "geometry": { "type": "Point", "coordinates": [ 1004600.944128875737078, 3502916.048629632219672 ] } },
{ "type": "Feature", "properties": { "name": "GGHS RAFA-E-AAMA MOZANG LHR", "school_type": "Secondary", "source": "PITB (Government)" }, "geometry": { "type": "Point", "coordinates": [ 1004734.513506204588339, 3503208.779829725623131 ] } },
{ "type": "Feature", "properties": { "name": "GPS FIRDOUS CO-OPRETIVE GULSHAN-E-RAVI", "school_type": "Primary", "source": "PITB (Government)" }, "geometry": { "type": "Point", "coordinates": [ 1001572.450287607032806, 3502034.651630346197635 ] } },
{ "type": "Feature", "properties": { "name": "GGHS MODEL GULSHAN RAVI G BLOCK", "school_type": "Secondary", "source": "PITB (Government)" }, "geometry": { "type": "Point", "coordinates": [ 1000997.049611746799201, 3502130.363669032696635 ] } },
{ "type": "Feature", "properties": { "name": "GHS 531-A GULSHAN RAVI", "school_type": "Secondary", "source": "PITB (Government)" }, "geometry": { "type": "Point", "coordinates": [ 1002081.998219724046066, 3502222.633070549461991 ] } },
{ "type": "Feature", "properties": { "name": "GGHS MUSLIM MODEL GULSHAN RAVI 202-E BLOCK", "school_type": "Secondary", "source": "PITB (Government)" }, "geometry": { "type": "Point", "coordinates": [ 1001191.340898900525644, 3502855.779215739108622 ] } },
{ "type": "Feature", "properties": { "name": "GGPS MC JUNIOR MODEL NEW CHAUBURJI PARK", "school_type": "Primary", "source": "PITB (Government)" }, "geometry": { "type": "Point", "coordinates": [ 1002860.035673261852935, 3502858.522229921072721 ] } },
{ "type": "Feature", "properties": { "name": "GMMS ABU TARB SHABLI TOWN BUND ROAD", "school_type": "Other Govt", "source": "PITB (Government)" }, "geometry": { "type": "Point", "coordinates": [ 1000750.560901645687409, 3503169.750690894201398 ] } },
{ "type": "Feature", "properties": { "name": "GGES AZIZ-I-MILLAT SANDA", "school_type": "Elementary", "source": "PITB (Government)" }, "geometry": { "type": "Point", "coordinates": [ 1001534.585025426116772, 3503441.186667122412473 ] } },
{ "type": "Feature", "properties": { "name": "GGHS CDG SANDA KALAN", "school_type": "Secondary", "source": "PITB (Government)" }, "geometry": { "type": "Point", "coordinates": [ 1001542.21539023402147, 3503466.452267204876989 ] } },
{ "type": "Feature", "properties": { "name": "GHS CDG SANDA KALAN", "school_type": "Secondary", "source": "PITB (Government)" }, "geometry": { "type": "Point", "coordinates": [ 1001593.624131322372705, 3503487.216374140698463 ] } },
{ "type": "Feature", "properties": { "name": "GHS M.I. HAPPY SANDA ROAD NATIONAL TOWN LAHORE", "school_type": "Secondary", "source": "PITB (Government)" }, "geometry": { "type": "Point", "coordinates": [ 1002656.030313293333165, 3503886.133232785854489 ] } },
{ "type": "Feature", "properties": { "name": "GES ROZA ABU ISHAQ MOZANG", "school_type": "Elementary", "source": "PITB (Government)" }, "geometry": { "type": "Point", "coordinates": [ 1004760.464244803646579, 3503408.168198545463383 ] } },
{ "type": "Feature", "properties": { "name": "GGES SADDI PARK MOZANG", "school_type": "Elementary", "source": "PITB (Government)" }, "geometry": { "type": "Point", "coordinates": [ 1004553.024297241470776, 3503460.009676672052592 ] } },
{ "type": "Feature", "properties": { "name": "GGHS MODEL NAZOOLI BAZAR MOZANG", "school_type": "Secondary", "source": "PITB (Government)" }, "geometry": { "type": "Point", "coordinates": [ 1004640.638254576362669, 3503558.006559242960066 ] } },
{ "type": "Feature", "properties": { "name": "GPS CDG CHOWK SAFANWALA", "school_type": "Primary", "source": "PITB (Government)" }, "geometry": { "type": "Point", "coordinates": [ 1004912.905136573361233, 3503661.55112676974386 ] } },
{ "type": "Feature", "properties": { "name": "GPS COMMUNITY MOZANG", "school_type": "Primary", "source": "PITB (Government)" }, "geometry": { "type": "Point", "coordinates": [ 1004549.404373273486272, 3503755.323785811662674 ] } },
{ "type": "Feature", "properties": { "name": "GHS COMMUNITY MOZANG BEGUM ROAD", "school_type": "Secondary", "source": "PITB (Government)" }, "geometry": { "type": "Point", "coordinates": [ 1004491.106259249849245, 3503785.072719475254416 ] } },
{ "type": "Feature", "properties": { "name": "GGES KHURSHID MOZANG", "school_type": "Elementary", "source": "PITB (Government)" }, "geometry": { "type": "Point", "coordinates": [ 1004521.74986252177041, 3503799.260627090930939 ] } },
{ "type": "Feature", "properties": { "name": "GHSS MOZANG LAHORE", "school_type": "Secondary", "source": "PITB (Government)" }, "geometry": { "type": "Point", "coordinates": [ 1004632.229996654205024, 3503809.020710458047688 ] } },
{ "type": "Feature", "properties": { "name": "GGHS CDG MOZANG ADDA LAHORE", "school_type": "Secondary", "source": "PITB (Government)" }, "geometry": { "type": "Point", "coordinates": [ 1004555.760796351358294, 3503858.177381201181561 ] } },
{ "type": "Feature", "properties": { "name": "GGHS FATIMA 2-FANE ROAD LAHORE", "school_type": "Secondary", "source": "PITB (Government)" }, "geometry": { "type": "Point", "coordinates": [ 1004637.891006350284442, 3503968.056910603307188 ] } },
{ "type": "Feature", "properties": { "name": "GPS ALI RAZA ABAD", "school_type": "Primary", "source": "PITB (Government)" }, "geometry": { "type": "Point", "coordinates": [ 997874.543139008339494, 3489446.069068061653525 ] } },
{ "type": "Feature", "properties": { "name": "GGHS ALI RAZA ABAD LAHORE", "school_type": "Secondary", "source": "PITB (Government)" }, "geometry": { "type": "Point", "coordinates": [ 997414.202375092660077, 3489461.45954367890954 ] } },
{ "type": "Feature", "properties": { "name": "GHS ALI RAZA ABAD", "school_type": "Secondary", "source": "PITB (Government)" }, "geometry": { "type": "Point", "coordinates": [ 997544.835890787304379, 3489615.017065959516913 ] } },
{ "type": "Feature", "properties": { "name": "GES KHAMBA ALI RAZA ABAD", "school_type": "Elementary", "source": "PITB (Government)" }, "geometry": { "type": "Point", "coordinates": [ 999456.713680161163211, 3489630.009230279363692 ] } },
{ "type": "Feature", "properties": { "name": "GGES KHAMBA", "school_type": "Elementary", "source": "PITB (Government)" }, "geometry": { "type": "Point", "coordinates": [ 999618.40274534013588, 3489903.650442704092711 ] } },
{ "type": "Feature", "properties": { "name": "GGPS ALI PUR", "school_type": "Primary", "source": "PITB (Government)" }, "geometry": { "type": "Point", "coordinates": [ 998333.626141551882029, 3490097.960239995736629 ] } },
{ "type": "Feature", "properties": { "name": "GGPS GHULAM GHOS WALA (AIR LINE SOCITY)", "school_type": "Primary", "source": "PITB (Government)" }, "geometry": { "type": "Point", "coordinates": [ 1000634.851653669960797, 3490686.562164202332497 ] } },
{ "type": "Feature", "properties": { "name": "GGPS MOHAMMAD PURA RAIWIND", "school_type": "Primary", "source": "PITB (Government)" }, "geometry": { "type": "Point", "coordinates": [ 999346.3939533312805, 3490850.766234305687249 ] } },
{ "type": "Feature", "properties": { "name": "GPS BARKAT PURA RAIWIND ROAD", "school_type": "Primary", "source": "PITB (Government)" }, "geometry": { "type": "Point", "coordinates": [ 998778.838457968318835, 3491476.756144631188363 ] } },
{ "type": "Feature", "properties": { "name": "GGPS ALI GARH", "school_type": "Primary", "source": "PITB (Government)" }, "geometry": { "type": "Point", "coordinates": [ 998745.890758726978675, 3491477.370315223932266 ] } },
{ "type": "Feature", "properties": { "name": "GGPS MANOWAL LAHORE", "school_type": "Primary", "source": "PITB (Government)" }, "geometry": { "type": "Point", "coordinates": [ 992257.066365173552185, 3489903.066851917654276 ] } },
{ "type": "Feature", "properties": { "name": "GPS KHALIQ ABAD RAIWIND ROAD LAHORE", "school_type": "Primary", "source": "PITB (Government)" }, "geometry": { "type": "Point", "coordinates": [ 995938.170275934389792, 3490053.376134054269642 ] } },
{ "type": "Feature", "properties": { "name": "GGPS KHAN PUR", "school_type": "Primary", "source": "PITB (Government)" }, "geometry": { "type": "Point", "coordinates": [ 995246.9397587350104, 3491850.461088277865201 ] } },
{ "type": "Feature", "properties": { "name": "GPS DINA NATH", "school_type": "Primary", "source": "PITB (Government)" }, "geometry": { "type": "Point", "coordinates": [ 996700.507937256945297, 3492279.566289354115725 ] } },
{ "type": "Feature", "properties": { "name": "GGPS DINA NATH MULTAN ROAD", "school_type": "Primary", "source": "PITB (Government)" }, "geometry": { "type": "Point", "coordinates": [ 996687.921880482463166, 3492307.86170115089044 ] } },
{ "type": "Feature", "properties": { "name": "GPS KHAN PUR LAHORE", "school_type": "Primary", "source": "PITB (Government)" }, "geometry": { "type": "Point", "coordinates": [ 995449.935657966765575, 3492320.371657068841159 ] } },
{ "type": "Feature", "properties": { "name": "GPS KANJRA", "school_type": "Primary", "source": "PITB (Government)" }, "geometry": { "type": "Point", "coordinates": [ 994777.375498410314322, 3492363.312337704002857 ] } },
{ "type": "Feature", "properties": { "name": "GPS SULTAN PURA", "school_type": "Primary", "source": "PITB (Government)" }, "geometry": { "type": "Point", "coordinates": [ 995412.148482766700909, 3492404.942026704084128 ] } },
{ "type": "Feature", "properties": { "name": "GHS SHAHPUR KANJRAN", "school_type": "Secondary", "source": "PITB (Government)" }, "geometry": { "type": "Point", "coordinates": [ 994761.387612640857697, 3492415.84628291008994 ] } },
{ "type": "Feature", "properties": { "name": "GGPS SULTAN PURA", "school_type": "Primary", "source": "PITB (Government)" }, "geometry": { "type": "Point", "coordinates": [ 996096.567533806781285, 3492494.110078929923475 ] } },
{ "type": "Feature", "properties": { "name": "GGPS BHOLA GARI SHAH PUR", "school_type": "Primary", "source": "PITB (Government)" }, "geometry": { "type": "Point", "coordinates": [ 994298.334134981385432, 3493015.112202405463904 ] } },
{ "type": "Feature", "properties": { "name": "GGHS SHAH PUR KANJRAN", "school_type": "Secondary", "source": "PITB (Government)" }, "geometry": { "type": "Point", "coordinates": [ 994369.723038510419428, 3493028.019437411334366 ] } },
{ "type": "Feature", "properties": { "name": "GGPS GOPY RAI", "school_type": "Primary", "source": "PITB (Government)" }, "geometry": { "type": "Point", "coordinates": [ 996423.867309622000903, 3493931.271856489125639 ] } },
{ "type": "Feature", "properties": { "name": "GPS GOPY RAI NO. 2", "school_type": "Primary", "source": "PITB (Government)" }, "geometry": { "type": "Point", "coordinates": [ 996506.845969019457698, 3494062.854617671109736 ] } },
{ "type": "Feature", "properties": { "name": "GPS RAJIAN BHANGWAN", "school_type": "Primary", "source": "PITB (Government)" }, "geometry": { "type": "Point", "coordinates": [ 991789.174046449363232, 3497707.100153911393136 ] } },
{ "type": "Feature", "properties": { "name": "GGES MUSLIM JUNIOR MODEL RAJ GARH", "school_type": "Elementary", "source": "PITB (Government)" }, "geometry": { "type": "Point", "coordinates": [ 1003538.056359661510214, 3503418.328202093020082 ] } },
{ "type": "Feature", "properties": { "name": "GGHS CDG RAJ GARH", "school_type": "Secondary", "source": "PITB (Government)" }, "geometry": { "type": "Point", "coordinates": [ 1003452.841639353660867, 3503460.751821831800044 ] } },
{ "type": "Feature", "properties": { "name": "GGPS ZANANA DAR-UL-SHAFQAT RAJ GARH", "school_type": "Primary", "source": "PITB (Government)" }, "geometry": { "type": "Point", "coordinates": [ 1003536.160018738708459, 3503530.081976946443319 ] } },
{ "type": "Feature", "properties": { "name": "GGHS MILLI DAR UL ATFAL RAJ GARH ROAD LAHORE", "school_type": "Secondary", "source": "PITB (Government)" }, "geometry": { "type": "Point", "coordinates": [ 1003557.628262204001658, 3503638.789757641032338 ] } },
{ "type": "Feature", "properties": { "name": "GGES MODEL MADRASSA-TUL-BANAT LAKE ROAD", "school_type": "Elementary", "source": "PITB (Government)" }, "geometry": { "type": "Point", "coordinates": [ 1003977.363961666356772, 3503720.546026293653995 ] } },
{ "type": "Feature", "properties": { "name": "GES CDG MUSLIM COLONY RAJ GARH LAHORE", "school_type": "Elementary", "source": "PITB (Government)" }, "geometry": { "type": "Point", "coordinates": [ 1003028.120022133458406, 3503720.644555329810828 ] } },
{ "type": "Feature", "properties": { "name": "GGHS MADRASA-TUL-BINAT 15-LAKE ROAD", "school_type": "Secondary", "source": "PITB (Government)" }, "geometry": { "type": "Point", "coordinates": [ 1004065.238200557418168, 3503771.47008861368522 ] } },
{ "type": "Feature", "properties": { "name": "GPS MC JUNIOR MODEL RIWAZ GARDEN", "school_type": "Primary", "source": "PITB (Government)" }, "geometry": { "type": "Point", "coordinates": [ 1003596.104678656440228, 3503892.367258551996201 ] } },
{ "type": "Feature", "properties": { "name": "GGHSS LADY MACLAGAN LODGE ROAD OLD ANARKALI", "school_type": "Secondary", "source": "PITB (Government)" }, "geometry": { "type": "Point", "coordinates": [ 1003898.251256363582797, 3504338.688924422487617 ] } },
{ "type": "Feature", "properties": { "name": "GGPS CDG RASALA BAZAR OLD ANARKALI", "school_type": "Primary", "source": "PITB (Government)" }, "geometry": { "type": "Point", "coordinates": [ 1003975.140929385786876, 3504437.61857047630474 ] } },
{ "type": "Feature", "properties": { "name": "GGES WAZIR MODEL SANDA ROAD LHR", "school_type": "Elementary", "source": "PITB (Government)" }, "geometry": { "type": "Point", "coordinates": [ 1002115.69937500054948, 3504192.965639595407993 ] } },
{ "type": "Feature", "properties": { "name": "GHS CDG ISLAM PURA KRISHAN NAGAR", "school_type": "Secondary", "source": "PITB (Government)" }, "geometry": { "type": "Point", "coordinates": [ 1002341.174734219443053, 3504311.815855877008289 ] } },
{ "type": "Feature", "properties": { "name": "GGPS MADRASA ISLAH-UL-BINAT ISLAM PURA", "school_type": "Primary", "source": "PITB (Government)" }, "geometry": { "type": "Point", "coordinates": [ 1002964.989208127139136, 3504415.113125310279429 ] } },
{ "type": "Feature", "properties": { "name": "GGES CDG JUNIOR MODEL CHOHAN ROAD", "school_type": "Elementary", "source": "PITB (Government)" }, "geometry": { "type": "Point", "coordinates": [ 1001998.193171724909917, 3504574.193974457215518 ] } },
{ "type": "Feature", "properties": { "name": "GGES CDG JUNIOR MODEL PEOPLES PARK", "school_type": "Elementary", "source": "PITB (Government)" }, "geometry": { "type": "Point", "coordinates": [ 1002496.383488627849147, 3504649.66626938758418 ] } },
{ "type": "Feature", "properties": { "name": "GGPS MOON LIGHT SANT NAGAR", "school_type": "Primary", "source": "PITB (Government)" }, "geometry": { "type": "Point", "coordinates": [ 1002528.787671846803278, 3504861.303901095408946 ] } },
{ "type": "Feature", "properties": { "name": "GPS AWAMI MODEL SANAT NAGAR", "school_type": "Primary", "source": "PITB (Government)" }, "geometry": { "type": "Point", "coordinates": [ 1002549.046413673786446, 3505025.234844494145364 ] } },
{ "type": "Feature", "properties": { "name": "GGES CDG JUNIOR MODEL SANT NAGAR", "school_type": "Elementary", "source": "PITB (Government)" }, "geometry": { "type": "Point", "coordinates": [ 1002923.139964948175475, 3505219.035792887676507 ] } },
{ "type": "Feature", "properties": { "name": "GGES JINNAH ISLAMIA SANAT NAGAR", "school_type": "Elementary", "source": "PITB (Government)" }, "geometry": { "type": "Point", "coordinates": [ 1002662.860714296577498, 3505399.307864130008966 ] } },
{ "type": "Feature", "properties": { "name": "GMMS GHOSIA MASOOMIA MASOOM GANG", "school_type": "Other Govt", "source": "PITB (Government)" }, "geometry": { "type": "Point", "coordinates": [ 1002229.568348357570358, 3505728.678274531383067 ] } },
{ "type": "Feature", "properties": { "name": "GHS CHISHTIA ISLAM PURA LAHORE", "school_type": "Secondary", "source": "PITB (Government)" }, "geometry": { "type": "Point", "coordinates": [ 1003283.109094993793406, 3504677.236157658975571 ] } },
{ "type": "Feature", "properties": { "name": "GHS ISLAMIA SANT NAGAR LAHORE", "school_type": "Secondary", "source": "PITB (Government)" }, "geometry": { "type": "Point", "coordinates": [ 1003186.379317079205066, 3504993.629404990468174 ] } },
{ "type": "Feature", "properties": { "name": "GGHSS DEV SAMAJ ROAD KRISHAN NAGAR", "school_type": "Secondary", "source": "PITB (Government)" }, "geometry": { "type": "Point", "coordinates": [ 1003374.99055785452947, 3505004.23637223476544 ] } },
{ "type": "Feature", "properties": { "name": "GGES DEV SAMAJ ROAD LAHORE", "school_type": "Elementary", "source": "PITB (Government)" }, "geometry": { "type": "Point", "coordinates": [ 1003414.853999543935061, 3505057.624041263945401 ] } },
{ "type": "Feature", "properties": { "name": "GGHS NEW MODEL DEV SAMAJ ROAD", "school_type": "Secondary", "source": "PITB (Government)" }, "geometry": { "type": "Point", "coordinates": [ 1003310.549824253772385, 3505102.925950868520886 ] } },
{ "type": "Feature", "properties": { "name": "GHS ISLAMIA KHAZANA GATE LOWER MALL LAHORE", "school_type": "Secondary", "source": "PITB (Government)" }, "geometry": { "type": "Point", "coordinates": [ 1003669.49081652786117, 3505137.348801464308053 ] } },
{ "type": "Feature", "properties": { "name": "GGHS SANT NAGAR HOTA SINGH ROAD", "school_type": "Secondary", "source": "PITB (Government)" }, "geometry": { "type": "Point", "coordinates": [ 1003168.799512577243149, 3505170.084113223012537 ] } },
{ "type": "Feature", "properties": { "name": "GHS SAINT FRANCIS ANARKALI", "school_type": "Secondary", "source": "PITB (Government)" }, "geometry": { "type": "Point", "coordinates": [ 1004354.443166140001267, 3505323.524825831409544 ] } },
{ "type": "Feature", "properties": { "name": "GHS JUNIOR & CENTRAL MODEL NO.2 RETIGAN ROAD", "school_type": "Secondary", "source": "PITB (Government)" }, "geometry": { "type": "Point", "coordinates": [ 1003545.508930442854762, 3505474.693756490480155 ] } },
{ "type": "Feature", "properties": { "name": "GHS MUSLIM NO.2 CIVIL LINES", "school_type": "Secondary", "source": "PITB (Government)" }, "geometry": { "type": "Point", "coordinates": [ 1003494.14105801761616, 3505501.677339486312121 ] } },
{ "type": "Feature", "properties": { "name": "GPS JUNIOR MODEL RATTIGAN ROAD LHR", "school_type": "Primary", "source": "PITB (Government)" }, "geometry": { "type": "Point", "coordinates": [ 1003566.844359643058851, 3505576.212139918934554 ] } },
{ "type": "Feature", "properties": { "name": "GGHS CDG PAISA AKHBAR NEW ANARKALI", "school_type": "Secondary", "source": "PITB (Government)" }, "geometry": { "type": "Point", "coordinates": [ 1004312.548995993682183, 3505616.632983790710568 ] } },
{ "type": "Feature", "properties": { "name": "GHS MUSLIM MODEL URDU BAZAR LAHORE", "school_type": "Secondary", "source": "PITB (Government)" }, "geometry": { "type": "Point", "coordinates": [ 1003984.687107343343087, 3505649.186112854629755 ] } },
{ "type": "Feature", "properties": { "name": "GHS SALEEM MODEL LOWER MALL", "school_type": "Secondary", "source": "PITB (Government)" }, "geometry": { "type": "Point", "coordinates": [ 1003936.960376261849888, 3505654.116439117584378 ] } },
{ "type": "Feature", "properties": { "name": "GPS MC JUNIOR MODEL DHOBI MANDI OLD ANARKALI", "school_type": "Primary", "source": "PITB (Government)" }, "geometry": { "type": "Point", "coordinates": [ 1003933.613593549700454, 3505667.749890033621341 ] } },
{ "type": "Feature", "properties": { "name": "GPS CDG JUNIOR MODEL BRAID LAW HALL RATIGAN ROAD", "school_type": "Primary", "source": "PITB (Government)" }, "geometry": { "type": "Point", "coordinates": [ 1003513.23154734808486, 3505700.446512148715556 ] } },
{ "type": "Feature", "properties": { "name": "GGHS CDG JUNIOR MODEL LOHARI GATE", "school_type": "Secondary", "source": "PITB (Government)" }, "geometry": { "type": "Point", "coordinates": [ 1004339.698237080127001, 3505854.410614367574453 ] } },
{ "type": "Feature", "properties": { "name": "GGHS CDG SHISH MEHAL BILAL GUNJ", "school_type": "Secondary", "source": "PITB (Government)" }, "geometry": { "type": "Point", "coordinates": [ 1003247.89322546380572, 3505957.613352876156569 ] } },
{ "type": "Feature", "properties": { "name": "GGES MC JUNIOR MODEL BHATI GATE", "school_type": "Elementary", "source": "PITB (Government)" }, "geometry": { "type": "Point", "coordinates": [ 1004078.496932563139126, 3505996.431429241318256 ] } },
{ "type": "Feature", "properties": { "name": "GHS CDG SHISH MEHAL BILAL GUNJ", "school_type": "Secondary", "source": "PITB (Government)" }, "geometry": { "type": "Point", "coordinates": [ 1003221.88372635608539, 3506011.752302980981767 ] } },
{ "type": "Feature", "properties": { "name": "GGES CDG JUNIOR MODEL IBRAHIM ROAD", "school_type": "Elementary", "source": "PITB (Government)" }, "geometry": { "type": "Point", "coordinates": [ 1002558.549283964093775, 3505730.506749126594514 ] } },
{ "type": "Feature", "properties": { "name": "GMMS KOKAB STREET LAHORE", "school_type": "Other Govt", "source": "PITB (Government)" }, "geometry": { "type": "Point", "coordinates": [ 1002848.175477069220506, 3506139.537901098839939 ] } },
{ "type": "Feature", "properties": { "name": "GGPS HASHMI TAXALI GATE", "school_type": "Primary", "source": "PITB (Government)" }, "geometry": { "type": "Point", "coordinates": [ 1002373.845271466183476, 3506262.253679102752358 ] } },
{ "type": "Feature", "properties": { "name": "GPS MANZOOR PARK BUND ROAD SHAFIQUE ABAD", "school_type": "Primary", "source": "PITB (Government)" }, "geometry": { "type": "Point", "coordinates": [ 1001789.658353820443153, 3506363.769502971787006 ] } },
{ "type": "Feature", "properties": { "name": "GMMS BILAL UR REHMAN", "school_type": "Other Govt", "source": "PITB (Government)" }, "geometry": { "type": "Point", "coordinates": [ 1002466.136831979267299, 3506440.899641040246934 ] } },
{ "type": "Feature", "properties": { "name": "GPS NAVEED JUNIOR MODEL AMIR ROAD", "school_type": "Primary", "source": "PITB (Government)" }, "geometry": { "type": "Point", "coordinates": [ 1002466.136831979267299, 3506440.899641040246934 ] } },
{ "type": "Feature", "properties": { "name": "GES CDG SAWAMI NAGAR", "school_type": "Elementary", "source": "PITB (Government)" }, "geometry": { "type": "Point", "coordinates": [ 1002461.438226991333067, 3506442.68641514191404 ] } },
{ "type": "Feature", "properties": { "name": "GGES KARIM PARK", "school_type": "Elementary", "source": "PITB (Government)" }, "geometry": { "type": "Point", "coordinates": [ 1002965.42929055809509, 3506982.126531055662781 ] } },
{ "type": "Feature", "properties": { "name": "GMMS AMIN PARK BUND NO.2 ROAD LAHORE", "school_type": "Other Govt", "source": "PITB (Government)" }, "geometry": { "type": "Point", "coordinates": [ 1001961.231030833441764, 3507085.771223673596978 ] } },
{ "type": "Feature", "properties": { "name": "GGPS MC JUNIOR MODEL MALI PURA", "school_type": "Primary", "source": "PITB (Government)" }, "geometry": { "type": "Point", "coordinates": [ 1002935.452165100490674, 3507207.142314596567303 ] } },
{ "type": "Feature", "properties": { "name": "GMMS MASJID UMER KHATAB FAZAL COLONY", "school_type": "Other Govt", "source": "PITB (Government)" }, "geometry": { "type": "Point", "coordinates": [ 1000280.988853975431994, 3503213.294405582360923 ] } },
{ "type": "Feature", "properties": { "name": "GMMS MOHAMMADIA RIZVIA AKRAM PARK SANDA KHURD LAHORE", "school_type": "Other Govt", "source": "PITB (Government)" }, "geometry": { "type": "Point", "coordinates": [ 1000517.098337633535266, 3504148.845649343449622 ] } },
{ "type": "Feature", "properties": { "name": "GGHSS VICTORIA INSIDE MORI GATE LAHORE", "school_type": "Secondary", "source": "PITB (Government)" }, "geometry": { "type": "Point", "coordinates": [ 1004315.959421722451225, 3506129.20311496173963 ] } },
{ "type": "Feature", "properties": { "name": "GPS MUHALLAH JALOTION BHATI GATE LAHORE", "school_type": "Primary", "source": "PITB (Government)" }, "geometry": { "type": "Point", "coordinates": [ 1004183.876349231111817, 3506135.972550883423537 ] } },
{ "type": "Feature", "properties": { "name": "GGES K.M. ANDROON LOHARI GATE LAHORE", "school_type": "Elementary", "source": "PITB (Government)" }, "geometry": { "type": "Point", "coordinates": [ 1004311.551175526110455, 3506161.612627094145864 ] } },
{ "type": "Feature", "properties": { "name": "GGES JINNAH ISLAMIA MOHNI ROAD", "school_type": "Elementary", "source": "PITB (Government)" }, "geometry": { "type": "Point", "coordinates": [ 1003340.260048242285848, 3506215.504186826758087 ] } },
{ "type": "Feature", "properties": { "name": "GGHSS RAVI ROAD (NEAR DATA DARBAR)", "school_type": "Secondary", "source": "PITB (Government)" }, "geometry": { "type": "Point", "coordinates": [ 1003767.624027187004685, 3506240.931407090742141 ] } },
{ "type": "Feature", "properties": { "name": "GHS ISLAMIA MOHNI ROAD", "school_type": "Secondary", "source": "PITB (Government)" }, "geometry": { "type": "Point", "coordinates": [ 1003524.196532607893459, 3506323.074983000289649 ] } },
{ "type": "Feature", "properties": { "name": "GGHS ASIFA NEW MODEL SAID MITHA", "school_type": "Secondary", "source": "PITB (Government)" }, "geometry": { "type": "Point", "coordinates": [ 1004178.236291292821988, 3506631.382045495789498 ] } },
{ "type": "Feature", "properties": { "name": "GGPS PAK UNITED BILAL GUNJ", "school_type": "Primary", "source": "PITB (Government)" }, "geometry": { "type": "Point", "coordinates": [ 1003503.384027461521327, 3506771.622326971497387 ] } },
{ "type": "Feature", "properties": { "name": "GGES MODEL BAGH MUNSHI LADHA.", "school_type": "Elementary", "source": "PITB (Government)" }, "geometry": { "type": "Point", "coordinates": [ 1003581.469527929555625, 3507007.330147347878665 ] } },
{ "type": "Feature", "properties": { "name": "GGES PUNJAB MODEL KARIM PARK LAHORE", "school_type": "Elementary", "source": "PITB (Government)" }, "geometry": { "type": "Point", "coordinates": [ 1003262.632413648068905, 3507165.911210203077644 ] } },
{ "type": "Feature", "properties": { "name": "GPS CDG JUNIOR MODEL CHOWK WAZIR KHAN", "school_type": "Primary", "source": "PITB (Government)" }, "geometry": { "type": "Point", "coordinates": [ 1005280.822021887521259, 3506382.85433808574453 ] } },
{ "type": "Feature", "properties": { "name": "GPS MC KOOCHA HANOO MAAN GUMTI BAZAR", "school_type": "Primary", "source": "PITB (Government)" }, "geometry": { "type": "Point", "coordinates": [ 1004605.948939298745245, 3506385.847364522982389 ] } },
{ "type": "Feature", "properties": { "name": "GHS RANG MAHAL CHRISTIAN", "school_type": "Secondary", "source": "PITB (Government)" }, "geometry": { "type": "Point", "coordinates": [ 1005028.304234541370533, 3506435.660105511080474 ] } },
{ "type": "Feature", "properties": { "name": "GGHS DELHI GATE LAHORE", "school_type": "Secondary", "source": "PITB (Government)" }, "geometry": { "type": "Point", "coordinates": [ 1005690.503912025829777, 3506439.527581664267927 ] } },
{ "type": "Feature", "properties": { "name": "GHS CITY MUSLIM LEAGUE SAID MITHA BAZAR", "school_type": "Secondary", "source": "PITB (Government)" }, "geometry": { "type": "Point", "coordinates": [ 1004433.729717627400532, 3506598.652241380419582 ] } },
{ "type": "Feature", "properties": { "name": "GGHS HAVELI KABLI MILL AZAM CLOTH MARKET LAHORE", "school_type": "Secondary", "source": "PITB (Government)" }, "geometry": { "type": "Point", "coordinates": [ 1005039.875519947614521, 3506623.25244504539296 ] } },
{ "type": "Feature", "properties": { "name": "GHS ISLAMIA SHERANWALA GATE", "school_type": "Secondary", "source": "PITB (Government)" }, "geometry": { "type": "Point", "coordinates": [ 1005482.935833103721961, 3506862.497510025743395 ] } },
{ "type": "Feature", "properties": { "name": "GGES ISLAMIA JUNIOR MODEL SHERAN WALA GATE", "school_type": "Elementary", "source": "PITB (Government)" }, "geometry": { "type": "Point", "coordinates": [ 1005545.278566407156177, 3506892.044477016665041 ] } },
{ "type": "Feature", "properties": { "name": "GPS MC LINE SUBHAN KHAN", "school_type": "Primary", "source": "PITB (Government)" }, "geometry": { "type": "Point", "coordinates": [ 1005391.843431318644434, 3506905.802954588085413 ] } },
{ "type": "Feature", "properties": { "name": "GGHS CHUNA MANDI LAHORE", "school_type": "Secondary", "source": "PITB (Government)" }, "geometry": { "type": "Point", "coordinates": [ 1005143.642243531998247, 3506919.35280429199338 ] } },
{ "type": "Feature", "properties": { "name": "GGHS CDG JUNIOR MODEL MOMAN PURA KARIM PARK", "school_type": "Secondary", "source": "PITB (Government)" }, "geometry": { "type": "Point", "coordinates": [ 1002878.085769031662494, 3507417.926521842367947 ] } },
{ "type": "Feature", "properties": { "name": "GGES MODEL MUHAMMADI COLONY GOU SHAHLA", "school_type": "Elementary", "source": "PITB (Government)" }, "geometry": { "type": "Point", "coordinates": [ 1002765.77252799377311, 3508462.513278653845191 ] } },
{ "type": "Feature", "properties": { "name": "GGPS AZIZ COLONY SHAHDARA", "school_type": "Primary", "source": "PITB (Government)" }, "geometry": { "type": "Point", "coordinates": [ 1001764.118185293162242, 3508951.218625248875469 ] } },
{ "type": "Feature", "properties": { "name": "GES MC FARRUKH ABAD SHAHDARA", "school_type": "Elementary", "source": "PITB (Government)" }, "geometry": { "type": "Point", "coordinates": [ 1001751.375361687503755, 3508983.17020714469254 ] } },
{ "type": "Feature", "properties": { "name": "GGPS MALIK PARK SHAHDARA", "school_type": "Primary", "source": "PITB (Government)" }, "geometry": { "type": "Point", "coordinates": [ 1002039.959835659712553, 3509223.998324839398265 ] } },
{ "type": "Feature", "properties": { "name": "GES CDG MODEL TARGARH SHAHDARA", "school_type": "Elementary", "source": "PITB (Government)" }, "geometry": { "type": "Point", "coordinates": [ 1000963.099282919196412, 3509530.094828540924937 ] } },
{ "type": "Feature", "properties": { "name": "GHS ISLAMIA BHATTI GATE", "school_type": "Secondary", "source": "PITB (Government)" }, "geometry": { "type": "Point", "coordinates": [ 1002091.616739883786067, 3510225.501368251629174 ] } },
{ "type": "Feature", "properties": { "name": "GES MUGHLIA PARK SHAHDARA LAHORE", "school_type": "Elementary", "source": "PITB (Government)" }, "geometry": { "type": "Point", "coordinates": [ 1002673.136198808206245, 3510413.74794855248183 ] } },
{ "type": "Feature", "properties": { "name": "GMMS KASUR PURA LAL MASJID", "school_type": "Other Govt", "source": "PITB (Government)" }, "geometry": { "type": "Point", "coordinates": [ 1003263.019110234454274, 3507599.568165953271091 ] } },
{ "type": "Feature", "properties": { "name": "GHS CDG QILA LACHMAN SINGH", "school_type": "Secondary", "source": "PITB (Government)" }, "geometry": { "type": "Point", "coordinates": [ 1003833.992034505936317, 3507874.994263791944832 ] } },
{ "type": "Feature", "properties": { "name": "GGHS CDG QILA LACHMAN SINGH", "school_type": "Secondary", "source": "PITB (Government)" }, "geometry": { "type": "Point", "coordinates": [ 1003905.841560831759125, 3507894.353981533553451 ] } },
{ "type": "Feature", "properties": { "name": "GGHS NABI PARK REHMAN ROAD LHR", "school_type": "Secondary", "source": "PITB (Government)" }, "geometry": { "type": "Point", "coordinates": [ 1003909.206259879982099, 3507967.718194249551743 ] } },
{ "type": "Feature", "properties": { "name": "GPS CDG SIDDIQUE PURA", "school_type": "Primary", "source": "PITB (Government)" }, "geometry": { "type": "Point", "coordinates": [ 1004307.711587726837024, 3508520.373203272465616 ] } },
{ "type": "Feature", "properties": { "name": "GES AMRATSER LINK RAVI ROAD", "school_type": "Elementary", "source": "PITB (Government)" }, "geometry": { "type": "Point", "coordinates": [ 1003500.180871573509648, 3509224.011151564773172 ] } },
{ "type": "Feature", "properties": { "name": "GPS M.N ALI PURA BUND ROAD", "school_type": "Primary", "source": "PITB (Government)" }, "geometry": { "type": "Point", "coordinates": [ 1003762.647662490839139, 3509347.993836143054068 ] } },
{ "type": "Feature", "properties": { "name": "GGPS MUSTFA ABAD SHAHDRA", "school_type": "Primary", "source": "PITB (Government)" }, "geometry": { "type": "Point", "coordinates": [ 1003022.376608004327863, 3509768.96295935800299 ] } },
{ "type": "Feature", "properties": { "name": "GGHSS SHAHDRA TOWN LAHORE", "school_type": "Secondary", "source": "PITB (Government)" }, "geometry": { "type": "Point", "coordinates": [ 1003757.78036338055972, 3511245.108767149038613 ] } },
{ "type": "Feature", "properties": { "name": "GES KHAWAJA MODEL SHAHDARA", "school_type": "Elementary", "source": "PITB (Government)" }, "geometry": { "type": "Point", "coordinates": [ 1003584.992003400460817, 3511253.553288125433028 ] } },
{ "type": "Feature", "properties": { "name": "GHS SHAHDARA", "school_type": "Secondary", "source": "PITB (Government)" }, "geometry": { "type": "Point", "coordinates": [ 1002224.157814793055877, 3510801.277159637771547 ] } },
{ "type": "Feature", "properties": { "name": "GHS MPE SHAHDRA", "school_type": "Secondary", "source": "PITB (Government)" }, "geometry": { "type": "Point", "coordinates": [ 1002747.332560672075488, 3510962.580022813752294 ] } },
{ "type": "Feature", "properties": { "name": "GGHS CDG FACTORY AREA SHAHDARA", "school_type": "Secondary", "source": "PITB (Government)" }, "geometry": { "type": "Point", "coordinates": [ 1001989.35892008128576, 3511127.792530276812613 ] } },
{ "type": "Feature", "properties": { "name": "GHS CDG FACTORY AREA SHAHDARA", "school_type": "Secondary", "source": "PITB (Government)" }, "geometry": { "type": "Point", "coordinates": [ 1001953.620650985976681, 3511196.316225608810782 ] } },
{ "type": "Feature", "properties": { "name": "GPS MC RASOOL PARK SHAHDARA", "school_type": "Primary", "source": "PITB (Government)" }, "geometry": { "type": "Point", "coordinates": [ 1002515.162506743799895, 3511255.28458772553131 ] } },
{ "type": "Feature", "properties": { "name": "GMMS PARACHA COLONY", "school_type": "Other Govt", "source": "PITB (Government)" }, "geometry": { "type": "Point", "coordinates": [ 1002662.985611676704139, 3511932.425900521222502 ] } },
{ "type": "Feature", "properties": { "name": "GPS ABBAS NAGAR", "school_type": "Primary", "source": "PITB (Government)" }, "geometry": { "type": "Point", "coordinates": [ 1001940.140471595455892, 3512035.935958312824368 ] } },
{ "type": "Feature", "properties": { "name": "GMMS ALI HAJVAIRY KOT BARKAT", "school_type": "Other Govt", "source": "PITB (Government)" }, "geometry": { "type": "Point", "coordinates": [ 1002250.250319867627695, 3512073.518706884700805 ] } },
{ "type": "Feature", "properties": { "name": "GGPS KOT ILAM DIN SHAHDARA", "school_type": "Primary", "source": "PITB (Government)" }, "geometry": { "type": "Point", "coordinates": [ 1002299.798003745847382, 3512279.940051735844463 ] } },
{ "type": "Feature", "properties": { "name": "GGES CDG JUNIOR MODEL SHAHDARA TOWN LAHORE", "school_type": "Elementary", "source": "PITB (Government)" }, "geometry": { "type": "Point", "coordinates": [ 1003573.302398268133402, 3511280.149165592622012 ] } },
{ "type": "Feature", "properties": { "name": "GGPS JADDA MAIN BAZAR SHAHDARA", "school_type": "Primary", "source": "PITB (Government)" }, "geometry": { "type": "Point", "coordinates": [ 1003573.302398268133402, 3511280.149165592622012 ] } },
{ "type": "Feature", "properties": { "name": "GHS CDG SHAHDARA TOWN", "school_type": "Secondary", "source": "PITB (Government)" }, "geometry": { "type": "Point", "coordinates": [ 1003501.472102981526405, 3511365.588932139333338 ] } },
{ "type": "Feature", "properties": { "name": "GMMS PEELICHI PEER SHAHDARA", "school_type": "Other Govt", "source": "PITB (Government)" }, "geometry": { "type": "Point", "coordinates": [ 1003313.714435813482851, 3511468.878486984875053 ] } },
{ "type": "Feature", "properties": { "name": "GPS DAR-ULOOM AL-BAQUIAT", "school_type": "Primary", "source": "PITB (Government)" }, "geometry": { "type": "Point", "coordinates": [ 1003407.516723720473237, 3511840.219068681355566 ] } },
{ "type": "Feature", "properties": { "name": "GGPS MAJEED PARK SHAHDRA", "school_type": "Primary", "source": "PITB (Government)" }, "geometry": { "type": "Point", "coordinates": [ 1003148.00335379014723, 3511975.925564540084451 ] } },
{ "type": "Feature", "properties": { "name": "GPS JADAH", "school_type": "Primary", "source": "PITB (Government)" }, "geometry": { "type": "Point", "coordinates": [ 1004151.122877303510904, 3512056.750315008684993 ] } },
{ "type": "Feature", "properties": { "name": "GGES DHER SHAHDARA", "school_type": "Elementary", "source": "PITB (Government)" }, "geometry": { "type": "Point", "coordinates": [ 1003555.375082596903667, 3512306.261829682160169 ] } },
{ "type": "Feature", "properties": { "name": "GPS DHAIR SHAHDRA", "school_type": "Primary", "source": "PITB (Government)" }, "geometry": { "type": "Point", "coordinates": [ 1003628.781186467269436, 3512350.869341638870537 ] } },
{ "type": "Feature", "properties": { "name": "GGES HAJI KOT", "school_type": "Elementary", "source": "PITB (Government)" }, "geometry": { "type": "Point", "coordinates": [ 1003303.843239452922717, 3514939.262716053985059 ] } },
{ "type": "Feature", "properties": { "name": "GHS CDG HAJI KOT", "school_type": "Secondary", "source": "PITB (Government)" }, "geometry": { "type": "Point", "coordinates": [ 1003642.71156476973556, 3515124.752022103406489 ] } },
{ "type": "Feature", "properties": { "name": "GGES KIROL", "school_type": "Elementary", "source": "PITB (Government)" }, "geometry": { "type": "Point", "coordinates": [ 1004108.855203907005489, 3515946.169560756534338 ] } },
{ "type": "Feature", "properties": { "name": "GGES BHARTH", "school_type": "Elementary", "source": "PITB (Government)" }, "geometry": { "type": "Point", "coordinates": [ 1004285.442110039992258, 3516988.435767469927669 ] } },
{ "type": "Feature", "properties": { "name": "GGPS BASTI MOVATIAN", "school_type": "Primary", "source": "PITB (Government)" }, "geometry": { "type": "Point", "coordinates": [ 1024137.173249509767629, 3482112.73876237263903 ] } },
{ "type": "Feature", "properties": { "name": "GGHS JAHMAN", "school_type": "Secondary", "source": "PITB (Government)" }, "geometry": { "type": "Point", "coordinates": [ 1026169.141756173339672, 3482539.511069464497268 ] } },
{ "type": "Feature", "properties": { "name": "GPS NABI BUX WALA", "school_type": "Primary", "source": "PITB (Government)" }, "geometry": { "type": "Point", "coordinates": [ 1014154.118329785997048, 3473822.041894625406712 ] } },
{ "type": "Feature", "properties": { "name": "GGPS MELA RAM", "school_type": "Primary", "source": "PITB (Government)" }, "geometry": { "type": "Point", "coordinates": [ 1015088.924107941798866, 3474738.789945445489138 ] } },
{ "type": "Feature", "properties": { "name": "GPS KEET", "school_type": "Primary", "source": "PITB (Government)" }, "geometry": { "type": "Point", "coordinates": [ 1015277.784767540753819, 3475039.047315084375441 ] } },
{ "type": "Feature", "properties": { "name": "GGPS PERS RAM", "school_type": "Primary", "source": "PITB (Government)" }, "geometry": { "type": "Point", "coordinates": [ 1014048.511414996930398, 3475447.437320326454937 ] } },
{ "type": "Feature", "properties": { "name": "GPS ATTO ASIL", "school_type": "Primary", "source": "PITB (Government)" }, "geometry": { "type": "Point", "coordinates": [ 1014341.546546468161978, 3476403.017255574464798 ] } },
{ "type": "Feature", "properties": { "name": "GGPS ATTO ASAL", "school_type": "Primary", "source": "PITB (Government)" }, "geometry": { "type": "Point", "coordinates": [ 1014380.280999335809611, 3476457.495686578564346 ] } },
{ "type": "Feature", "properties": { "name": "GPS KHANO HARNI", "school_type": "Primary", "source": "PITB (Government)" }, "geometry": { "type": "Point", "coordinates": [ 1015392.813005019212142, 3477568.003348359372467 ] } },
{ "type": "Feature", "properties": { "name": "GPS MEHDI PUR", "school_type": "Primary", "source": "PITB (Government)" }, "geometry": { "type": "Point", "coordinates": [ 1016224.556205112254247, 3478392.04292938252911 ] } },
{ "type": "Feature", "properties": { "name": "GGPS SHAHZADA", "school_type": "Primary", "source": "PITB (Government)" }, "geometry": { "type": "Point", "coordinates": [ 1013914.051568589755334, 3481383.030434230342507 ] } },
{ "type": "Feature", "properties": { "name": "GGPS AHLO JHUGIAN", "school_type": "Primary", "source": "PITB (Government)" }, "geometry": { "type": "Point", "coordinates": [ 1014839.153192467754707, 3483787.545337634626776 ] } },
{ "type": "Feature", "properties": { "name": "GHS LAKHOKI", "school_type": "Secondary", "source": "PITB (Government)" }, "geometry": { "type": "Point", "coordinates": [ 1020548.927718413760886, 3481776.047627863008529 ] } },
{ "type": "Feature", "properties": { "name": "GGPS BAO BHOLA LAHORE CANTT", "school_type": "Primary", "source": "PITB (Government)" }, "geometry": { "type": "Point", "coordinates": [ 1018289.915643865126185, 3481781.336686606984586 ] } },
{ "type": "Feature", "properties": { "name": "GGPS LAKHOKY", "school_type": "Primary", "source": "PITB (Government)" }, "geometry": { "type": "Point", "coordinates": [ 1020334.035132967401296, 3482055.581371526233852 ] } },
{ "type": "Feature", "properties": { "name": "GGPS KUALIKI", "school_type": "Primary", "source": "PITB (Government)" }, "geometry": { "type": "Point", "coordinates": [ 1017670.521481978707016, 3482489.8356121936813 ] } },
{ "type": "Feature", "properties": { "name": "GPS KULAKI", "school_type": "Primary", "source": "PITB (Government)" }, "geometry": { "type": "Point", "coordinates": [ 1017680.839546856470406, 3482536.596440480556339 ] } },
{ "type": "Feature", "properties": { "name": "GPS BOHGUN", "school_type": "Primary", "source": "PITB (Government)" }, "geometry": { "type": "Point", "coordinates": [ 1020913.891881150892004, 3483337.829021510668099 ] } },
{ "type": "Feature", "properties": { "name": "GGHS BHOGAN", "school_type": "Secondary", "source": "PITB (Government)" }, "geometry": { "type": "Point", "coordinates": [ 1020334.877740300260484, 3483447.758513543289155 ] } },
{ "type": "Feature", "properties": { "name": "GPS TATLEY", "school_type": "Primary", "source": "PITB (Government)" }, "geometry": { "type": "Point", "coordinates": [ 1021219.26157479500398, 3485841.172868463210762 ] } },
{ "type": "Feature", "properties": { "name": "GPS KOTHA MALLIAN", "school_type": "Primary", "source": "PITB (Government)" }, "geometry": { "type": "Point", "coordinates": [ 1018921.039322645170614, 3485990.921454029623419 ] } },
{ "type": "Feature", "properties": { "name": "GGPS DHALLA", "school_type": "Primary", "source": "PITB (Government)" }, "geometry": { "type": "Point", "coordinates": [ 1018513.455101409927011, 3486103.359000195283443 ] } },
{ "type": "Feature", "properties": { "name": "GPS BASTI RAJPUTAN", "school_type": "Primary", "source": "PITB (Government)" }, "geometry": { "type": "Point", "coordinates": [ 1014838.609306271420792, 3483799.388452982995659 ] } },
{ "type": "Feature", "properties": { "name": "GGPS AHLLO", "school_type": "Primary", "source": "PITB (Government)" }, "geometry": { "type": "Point", "coordinates": [ 1014246.410724554676563, 3484764.349367195740342 ] } },
{ "type": "Feature", "properties": { "name": "GPS AHLOO", "school_type": "Primary", "source": "PITB (Government)" }, "geometry": { "type": "Point", "coordinates": [ 1014201.326501437230036, 3484852.44878511223942 ] } },
{ "type": "Feature", "properties": { "name": "GPS GURUMANGAT NAU ABAD", "school_type": "Primary", "source": "PITB (Government)" }, "geometry": { "type": "Point", "coordinates": [ 1014645.988809256115928, 3485877.021111669950187 ] } },
{ "type": "Feature", "properties": { "name": "GGES GURUMANGET NAU ABAD", "school_type": "Elementary", "source": "PITB (Government)" }, "geometry": { "type": "Point", "coordinates": [ 1014653.222140344791114, 3485957.858044720254838 ] } },
{ "type": "Feature", "properties": { "name": "GGPS THATHA QURESHIAN WALA", "school_type": "Primary", "source": "PITB (Government)" }, "geometry": { "type": "Point", "coordinates": [ 1016729.476074289646931, 3486471.291637324728072 ] } },
{ "type": "Feature", "properties": { "name": "GES RAJA BOLA", "school_type": "Elementary", "source": "PITB (Government)" }, "geometry": { "type": "Point", "coordinates": [ 1014816.266057901550084, 3486571.151036887429655 ] } },
{ "type": "Feature", "properties": { "name": "GPS DEV KHURD", "school_type": "Primary", "source": "PITB (Government)" }, "geometry": { "type": "Point", "coordinates": [ 1015199.708688143175095, 3487506.707759830635041 ] } },
{ "type": "Feature", "properties": { "name": "GPS MODEL THATHA KHURD NO 1", "school_type": "Primary", "source": "PITB (Government)" }, "geometry": { "type": "Point", "coordinates": [ 1016059.799526327522472, 3487624.987457518000156 ] } },
{ "type": "Feature", "properties": { "name": "GPS SORRAY", "school_type": "Primary", "source": "PITB (Government)" }, "geometry": { "type": "Point", "coordinates": [ 1017402.908716259757057, 3487966.439559292979538 ] } },
{ "type": "Feature", "properties": { "name": "GHS PANDOKI", "school_type": "Secondary", "source": "PITB (Government)" }, "geometry": { "type": "Point", "coordinates": [ 1010631.956536413403228, 3472921.48848026432097 ] } },
{ "type": "Feature", "properties": { "name": "GGPS LADHE KI BHULLAR", "school_type": "Primary", "source": "PITB (Government)" }, "geometry": { "type": "Point", "coordinates": [ 1012259.589206503354944, 3474804.394859244581312 ] } },
{ "type": "Feature", "properties": { "name": "GPS LADHAKI BHULLAR", "school_type": "Primary", "source": "PITB (Government)" }, "geometry": { "type": "Point", "coordinates": [ 1012264.167905733687803, 3474950.724712213501334 ] } },
{ "type": "Feature", "properties": { "name": "GGPS BADHOKI", "school_type": "Primary", "source": "PITB (Government)" }, "geometry": { "type": "Point", "coordinates": [ 1011329.034597041551024, 3477613.996499645523727 ] } },
{ "type": "Feature", "properties": { "name": "GES BADOKI", "school_type": "Elementary", "source": "PITB (Government)" }, "geometry": { "type": "Point", "coordinates": [ 1011483.019445293466561, 3478210.529101952910423 ] } },
{ "type": "Feature", "properties": { "name": "GPS JULKY", "school_type": "Primary", "source": "PITB (Government)" }, "geometry": { "type": "Point", "coordinates": [ 1013499.65592318889685, 3478992.925498922821134 ] } },
{ "type": "Feature", "properties": { "name": "GGES JULKAY", "school_type": "Elementary", "source": "PITB (Government)" }, "geometry": { "type": "Point", "coordinates": [ 1013414.796420537051745, 3479123.432898849714547 ] } },
{ "type": "Feature", "properties": { "name": "GPS LADHEKE NEVEN", "school_type": "Primary", "source": "PITB (Government)" }, "geometry": { "type": "Point", "coordinates": [ 1006974.869862514082342, 3471622.570740205701441 ] } },
{ "type": "Feature", "properties": { "name": "GGHS LADHE KAY NEEVAN", "school_type": "Secondary", "source": "PITB (Government)" }, "geometry": { "type": "Point", "coordinates": [ 1006208.351154324016534, 3471688.817466997075826 ] } },
{ "type": "Feature", "properties": { "name": "GHS LADHEKE UNCHEY", "school_type": "Secondary", "source": "PITB (Government)" }, "geometry": { "type": "Point", "coordinates": [ 1006697.080877770902589, 3472473.616193258669227 ] } },
{ "type": "Feature", "properties": { "name": "GGES LUDHE KAY UCCHAY", "school_type": "Elementary", "source": "PITB (Government)" }, "geometry": { "type": "Point", "coordinates": [ 1006560.090396960498765, 3472690.880798803642392 ] } },
{ "type": "Feature", "properties": { "name": "GGPS MODEL CHAK BOOTA", "school_type": "Primary", "source": "PITB (Government)" }, "geometry": { "type": "Point", "coordinates": [ 1007781.262018845533021, 3475655.188852744642645 ] } },
{ "type": "Feature", "properties": { "name": "GPS CHAH KHOKHRAN", "school_type": "Primary", "source": "PITB (Government)" }, "geometry": { "type": "Point", "coordinates": [ 1006770.867737825261429, 3476542.00828995462507 ] } },
{ "type": "Feature", "properties": { "name": "GGES GHANG SHARIF", "school_type": "Elementary", "source": "PITB (Government)" }, "geometry": { "type": "Point", "coordinates": [ 1006355.39531132299453, 3478534.914797057397664 ] } },
{ "type": "Feature", "properties": { "name": "GPS GHANG SHARIF", "school_type": "Primary", "source": "PITB (Government)" }, "geometry": { "type": "Point", "coordinates": [ 1006633.130742787616327, 3478582.023008736781776 ] } },
{ "type": "Feature", "properties": { "name": "GPS HAVELI CHAITU WALI", "school_type": "Primary", "source": "PITB (Government)" }, "geometry": { "type": "Point", "coordinates": [ 1007552.844122261507437, 3481670.406160916667432 ] } },
{ "type": "Feature", "properties": { "name": "GGPS PANDOKI", "school_type": "Primary", "source": "PITB (Government)" }, "geometry": { "type": "Point", "coordinates": [ 1010195.483445442281663, 3473016.676431997679174 ] } },
{ "type": "Feature", "properties": { "name": "GPS SULTAN PURA", "school_type": "Primary", "source": "PITB (Government)" }, "geometry": { "type": "Point", "coordinates": [ 1008279.705413846764714, 3474353.437255997210741 ] } },
{ "type": "Feature", "properties": { "name": "GPS NAWAN PIND PANDOKI", "school_type": "Primary", "source": "PITB (Government)" }, "geometry": { "type": "Point", "coordinates": [ 1009189.774996630614623, 3474450.692668938077986 ] } },
{ "type": "Feature", "properties": { "name": "GPS KHUND", "school_type": "Primary", "source": "PITB (Government)" }, "geometry": { "type": "Point", "coordinates": [ 1009313.841940474812873, 3476147.843875269405544 ] } },
{ "type": "Feature", "properties": { "name": "GPS ASIL SULEMAN", "school_type": "Primary", "source": "PITB (Government)" }, "geometry": { "type": "Point", "coordinates": [ 1010194.151357529917732, 3477222.394585591740906 ] } },
{ "type": "Feature", "properties": { "name": "GGES AHSAL SULEMAN", "school_type": "Elementary", "source": "PITB (Government)" }, "geometry": { "type": "Point", "coordinates": [ 1010231.488031644839793, 3477259.29271000623703 ] } },
{ "type": "Feature", "properties": { "name": "GPS KASHMIR PATTI", "school_type": "Primary", "source": "PITB (Government)" }, "geometry": { "type": "Point", "coordinates": [ 1010425.123928328161128, 3480241.718337455298752 ] } },
{ "type": "Feature", "properties": { "name": "GGPS THEH PANJOO", "school_type": "Primary", "source": "PITB (Government)" }, "geometry": { "type": "Point", "coordinates": [ 1009058.855420613661408, 3482610.130416285246611 ] } },
{ "type": "Feature", "properties": { "name": "GGPS HAVELI TARKANA WALI", "school_type": "Primary", "source": "PITB (Government)" }, "geometry": { "type": "Point", "coordinates": [ 1013581.150499469134957, 3480099.356157708447427 ] } },
{ "type": "Feature", "properties": { "name": "GGES KAHNA KOHNA", "school_type": "Elementary", "source": "PITB (Government)" }, "geometry": { "type": "Point", "coordinates": [ 1011459.364150791661814, 3480892.509635922964662 ] } },
{ "type": "Feature", "properties": { "name": "GPS KAHNA KOHNA", "school_type": "Primary", "source": "PITB (Government)" }, "geometry": { "type": "Point", "coordinates": [ 1011456.220251836581156, 3480896.214201676659286 ] } },
{ "type": "Feature", "properties": { "name": "GHS SHAHZADA", "school_type": "Secondary", "source": "PITB (Government)" }, "geometry": { "type": "Point", "coordinates": [ 1013533.538186787860468, 3481078.812643385957927 ] } },
{ "type": "Feature", "properties": { "name": "GPS NASIB ABAD", "school_type": "Primary", "source": "PITB (Government)" }, "geometry": { "type": "Point", "coordinates": [ 1011523.898768872604705, 3481222.157500366680324 ] } },
{ "type": "Feature", "properties": { "name": "GGPS THEH NASIB ABAD", "school_type": "Primary", "source": "PITB (Government)" }, "geometry": { "type": "Point", "coordinates": [ 1011636.931688764481805, 3481338.804482726380229 ] } },
{ "type": "Feature", "properties": { "name": "GPS MUHAMMADDIA GHOUSIA", "school_type": "Primary", "source": "PITB (Government)" }, "geometry": { "type": "Point", "coordinates": [ 1010801.831381139811128, 3481913.619442283641547 ] } },
{ "type": "Feature", "properties": { "name": "GPS KAHNA NAU NO.1", "school_type": "Primary", "source": "PITB (Government)" }, "geometry": { "type": "Point", "coordinates": [ 1010803.607570412917994, 3482670.730757873971015 ] } },
{ "type": "Feature", "properties": { "name": "GGES KAHNA NAU NO.2", "school_type": "Elementary", "source": "PITB (Government)" }, "geometry": { "type": "Point", "coordinates": [ 1010857.130108126439154, 3482678.424801911693066 ] } },
{ "type": "Feature", "properties": { "name": "GGPS MODEL THEH BHATTA (KACHWANA)", "school_type": "Primary", "source": "PITB (Government)" }, "geometry": { "type": "Point", "coordinates": [ 1012006.272240190999582, 3482944.508734293747693 ] } },
{ "type": "Feature", "properties": { "name": "GES THEH PANJOO", "school_type": "Elementary", "source": "PITB (Government)" }, "geometry": { "type": "Point", "coordinates": [ 1008902.358386471169069, 3482724.750798574648798 ] } },
{ "type": "Feature", "properties": { "name": "GGHS THEH PANJU KAHNA LAHORE CANTT", "school_type": "Secondary", "source": "PITB (Government)" }, "geometry": { "type": "Point", "coordinates": [ 1008790.973866946063936, 3482734.370740664657205 ] } },
{ "type": "Feature", "properties": { "name": "GGHS KAHNA NAU", "school_type": "Secondary", "source": "PITB (Government)" }, "geometry": { "type": "Point", "coordinates": [ 1010330.380208071437664, 3482920.233236419968307 ] } },
{ "type": "Feature", "properties": { "name": "GHS KAHNA NAU", "school_type": "Secondary", "source": "PITB (Government)" }, "geometry": { "type": "Point", "coordinates": [ 1010292.898964949534275, 3483021.91190992994234 ] } },
{ "type": "Feature", "properties": { "name": "GHS MODEL KAHNA NAU", "school_type": "Secondary", "source": "PITB (Government)" }, "geometry": { "type": "Point", "coordinates": [ 1010378.239269938785583, 3483081.614682949148118 ] } },
{ "type": "Feature", "properties": { "name": "GGPS GAJU MATTA SHARQI", "school_type": "Primary", "source": "PITB (Government)" }, "geometry": { "type": "Point", "coordinates": [ 1009877.423850658582523, 3484715.943904804997146 ] } },
{ "type": "Feature", "properties": { "name": "GHS GAJU MATTA", "school_type": "Secondary", "source": "PITB (Government)" }, "geometry": { "type": "Point", "coordinates": [ 1009902.109077377594076, 3484923.548593053594232 ] } },
{ "type": "Feature", "properties": { "name": "GGES GAJU MATTA", "school_type": "Elementary", "source": "PITB (Government)" }, "geometry": { "type": "Point", "coordinates": [ 1010128.281297566834837, 3485249.483469974249601 ] } },
{ "type": "Feature", "properties": { "name": "GES DULLO KHURD", "school_type": "Elementary", "source": "PITB (Government)" }, "geometry": { "type": "Point", "coordinates": [ 1010227.496412064996548, 3486983.540442349389195 ] } },
{ "type": "Feature", "properties": { "name": "GGHS DULLO KHURD", "school_type": "Secondary", "source": "PITB (Government)" }, "geometry": { "type": "Point", "coordinates": [ 1009949.007611592533067, 3487014.970095515716821 ] } },
{ "type": "Feature", "properties": { "name": "GGPS HAVELI CHATO WALI", "school_type": "Primary", "source": "PITB (Government)" }, "geometry": { "type": "Point", "coordinates": [ 1007890.9905069260858, 3482071.996399644762278 ] } },
{ "type": "Feature", "properties": { "name": "GGPS ISLAM PURA", "school_type": "Primary", "source": "PITB (Government)" }, "geometry": { "type": "Point", "coordinates": [ 1007462.461608935263939, 3483831.155669511761516 ] } },
{ "type": "Feature", "properties": { "name": "GPS ISLAM PURA", "school_type": "Primary", "source": "PITB (Government)" }, "geometry": { "type": "Point", "coordinates": [ 1007559.006310827797279, 3483841.910162746440619 ] } },
{ "type": "Feature", "properties": { "name": "GGES KACHA", "school_type": "Elementary", "source": "PITB (Government)" }, "geometry": { "type": "Point", "coordinates": [ 1006392.433456176891923, 3484761.569343781564385 ] } },
{ "type": "Feature", "properties": { "name": "GHS KACHA", "school_type": "Secondary", "source": "PITB (Government)" }, "geometry": { "type": "Point", "coordinates": [ 1006183.536935833981261, 3484907.2857860410586 ] } },
{ "type": "Feature", "properties": { "name": "GPS TIBBA KACHHA", "school_type": "Primary", "source": "PITB (Government)" }, "geometry": { "type": "Point", "coordinates": [ 1006630.034682280616835, 3485695.253182319458574 ] } },
{ "type": "Feature", "properties": { "name": "GGES TIBBA KACHHA", "school_type": "Elementary", "source": "PITB (Government)" }, "geometry": { "type": "Point", "coordinates": [ 1006964.996209738543257, 3485764.933587762061507 ] } },
{ "type": "Feature", "properties": { "name": "GES CDG GOWALA COLONY", "school_type": "Elementary", "source": "PITB (Government)" }, "geometry": { "type": "Point", "coordinates": [ 1006739.241926753660664, 3488065.525564529001713 ] } },
{ "type": "Feature", "properties": { "name": "GGES GAWALA COLONY", "school_type": "Elementary", "source": "PITB (Government)" }, "geometry": { "type": "Point", "coordinates": [ 1006696.022581794881262, 3488149.533382959663868 ] } },
{ "type": "Feature", "properties": { "name": "GES RAKH CHANDRAI", "school_type": "Elementary", "source": "PITB (Government)" }, "geometry": { "type": "Point", "coordinates": [ 1006770.316804522648454, 3489517.612068241462111 ] } },
{ "type": "Feature", "properties": { "name": "GPS KAHNA NAU NO.2", "school_type": "Primary", "source": "PITB (Government)" }, "geometry": { "type": "Point", "coordinates": [ 1010899.736488358699717, 3483130.354895611293614 ] } },
{ "type": "Feature", "properties": { "name": "GGPS KHALID ABAD", "school_type": "Primary", "source": "PITB (Government)" }, "geometry": { "type": "Point", "coordinates": [ 1010748.016572331776842, 3483773.857330886647105 ] } },
{ "type": "Feature", "properties": { "name": "GPS DHELUM", "school_type": "Primary", "source": "PITB (Government)" }, "geometry": { "type": "Point", "coordinates": [ 1011626.168999086832628, 3485401.616537066176534 ] } },
{ "type": "Feature", "properties": { "name": "GPS GHANAKKAR", "school_type": "Primary", "source": "PITB (Government)" }, "geometry": { "type": "Point", "coordinates": [ 1012764.703542346251197, 3485899.991600879933685 ] } },
{ "type": "Feature", "properties": { "name": "GGPS GHANAKAR", "school_type": "Primary", "source": "PITB (Government)" }, "geometry": { "type": "Point", "coordinates": [ 1012725.160329274833202, 3485913.551345110870898 ] } },
{ "type": "Feature", "properties": { "name": "GGPS BULAIR", "school_type": "Primary", "source": "PITB (Government)" }, "geometry": { "type": "Point", "coordinates": [ 1013353.866925353417173, 3487490.056371209677309 ] } },
{ "type": "Feature", "properties": { "name": "GPS BALHAR", "school_type": "Primary", "source": "PITB (Government)" }, "geometry": { "type": "Point", "coordinates": [ 1013330.353571327752434, 3487490.872570164501667 ] } },
{ "type": "Feature", "properties": { "name": "GPS DULLO KALAN LINK FEROZPUR ROAD LAHORE", "school_type": "Primary", "source": "PITB (Government)" }, "geometry": { "type": "Point", "coordinates": [ 1011142.432097857585177, 3487720.153444427996874 ] } },
{ "type": "Feature", "properties": { "name": "GGPS DULLO KALAN", "school_type": "Primary", "source": "PITB (Government)" }, "geometry": { "type": "Point", "coordinates": [ 1011095.775378034915775, 3487929.782014123164117 ] } },
{ "type": "Feature", "properties": { "name": "GGHS MODEL ASHIANA HOUSING SCHEME NO. 1 FEROZPUR ROAD", "school_type": "Secondary", "source": "PITB (Government)" }, "geometry": { "type": "Point", "coordinates": [ 1012287.234249124187045, 3489439.725072070024908 ] } },
{ "type": "Feature", "properties": { "name": "GPS HAJI DEI KHOUI", "school_type": "Primary", "source": "PITB (Government)" }, "geometry": { "type": "Point", "coordinates": [ 1010010.949844634858891, 3488232.606586189940572 ] } },
{ "type": "Feature", "properties": { "name": "GGPS NISHTAR COLONY", "school_type": "Primary", "source": "PITB (Government)" }, "geometry": { "type": "Point", "coordinates": [ 1009961.938714943593368, 3488816.264613894745708 ] } },
{ "type": "Feature", "properties": { "name": "GPS ATTARI SAROBA", "school_type": "Primary", "source": "PITB (Government)" }, "geometry": { "type": "Point", "coordinates": [ 1010042.148687235079706, 3489361.256750511936843 ] } },
{ "type": "Feature", "properties": { "name": "GGPS ATARI SAROBA", "school_type": "Primary", "source": "PITB (Government)" }, "geometry": { "type": "Point", "coordinates": [ 1010459.842299114796333, 3489739.330101681407541 ] } },
{ "type": "Feature", "properties": { "name": "GGPS YOUNAS ABAD", "school_type": "Primary", "source": "PITB (Government)" }, "geometry": { "type": "Point", "coordinates": [ 1009513.051050980808213, 3490126.103432056959718 ] } },
{ "type": "Feature", "properties": { "name": "GPS SITARA COLONY", "school_type": "Primary", "source": "PITB (Government)" }, "geometry": { "type": "Point", "coordinates": [ 1009626.274544769781642, 3490787.413129912223667 ] } },
{ "type": "Feature", "properties": { "name": "GPS MC SITARA COLONY", "school_type": "Primary", "source": "PITB (Government)" }, "geometry": { "type": "Point", "coordinates": [ 1010242.541584538994357, 3490801.180766372010112 ] } },
{ "type": "Feature", "properties": { "name": "GGPS TIDDIAN DE JALLAR FEROZ PUR ROAD LAHORE", "school_type": "Primary", "source": "PITB (Government)" }, "geometry": { "type": "Point", "coordinates": [ 1009158.332373065757565, 3490913.715128320734948 ] } },
{ "type": "Feature", "properties": { "name": "GGES JEHANGIR PARK LAHORE CANTT", "school_type": "Elementary", "source": "PITB (Government)" }, "geometry": { "type": "Point", "coordinates": [ 1008255.915930430521257, 3491046.952240343671292 ] } },
{ "type": "Feature", "properties": { "name": "GPS MC MAKHDOOM ABAD CHUNGI AMERSIDHU", "school_type": "Primary", "source": "PITB (Government)" }, "geometry": { "type": "Point", "coordinates": [ 1008249.037604731274769, 3491070.750382115133107 ] } },
{ "type": "Feature", "properties": { "name": "GPS TEHAIT", "school_type": "Primary", "source": "PITB (Government)" }, "geometry": { "type": "Point", "coordinates": [ 1006324.860227340832353, 3489619.953316782135516 ] } },
{ "type": "Feature", "properties": { "name": "GGPS TAHAYAT LAHORE CANTT", "school_type": "Primary", "source": "PITB (Government)" }, "geometry": { "type": "Point", "coordinates": [ 1006298.355377932544798, 3489625.433150443248451 ] } },
{ "type": "Feature", "properties": { "name": "GGHS CHANDRAI", "school_type": "Secondary", "source": "PITB (Government)" }, "geometry": { "type": "Point", "coordinates": [ 1006109.58320354600437, 3490294.465178686659783 ] } },
{ "type": "Feature", "properties": { "name": "GGES NISARAN-E-ISLAM CENTRAL JAIL", "school_type": "Elementary", "source": "PITB (Government)" }, "geometry": { "type": "Point", "coordinates": [ 1007539.741342927096412, 3491257.398059112485498 ] } },
{ "type": "Feature", "properties": { "name": "GPS CENTRAL JAIL KOT LAKHPAT LHR", "school_type": "Primary", "source": "PITB (Government)" }, "geometry": { "type": "Point", "coordinates": [ 1007522.485113060101867, 3491288.560640771873295 ] } },
{ "type": "Feature", "properties": { "name": "GHS AWAMI COLONY CHUNGI AMER SIDHU LAHORE", "school_type": "Secondary", "source": "PITB (Government)" }, "geometry": { "type": "Point", "coordinates": [ 1008103.987552491948009, 3492638.126747482921928 ] } },
{ "type": "Feature", "properties": { "name": "GGPS PINDI RAJPUTAN", "school_type": "Primary", "source": "PITB (Government)" }, "geometry": { "type": "Point", "coordinates": [ 1006201.766466114786454, 3493245.225810274947435 ] } },
{ "type": "Feature", "properties": { "name": "GHS CDG PINDI RAJPUTAN KOT LAKHPAT", "school_type": "Secondary", "source": "PITB (Government)" }, "geometry": { "type": "Point", "coordinates": [ 1006423.073111552977934, 3493272.447153022047132 ] } },
{ "type": "Feature", "properties": { "name": "GGHS CDG KOT LAKHPAT PEECO ROAD", "school_type": "Secondary", "source": "PITB (Government)" }, "geometry": { "type": "Point", "coordinates": [ 1007173.37416059221141, 3493481.890274635981768 ] } },
{ "type": "Feature", "properties": { "name": "GPS PUBLIC ISLAMIA LIAQAT ABAD KOT LAKHPAT", "school_type": "Primary", "source": "PITB (Government)" }, "geometry": { "type": "Point", "coordinates": [ 1007080.004529825528152, 3493554.45958878332749 ] } },
{ "type": "Feature", "properties": { "name": "GHSS ATTACHED WITH GCET KOT LAKHPAT", "school_type": "Secondary", "source": "PITB (Government)" }, "geometry": { "type": "Point", "coordinates": [ 1008628.739417868084274, 3491520.151413061190397 ] } },
{ "type": "Feature", "properties": { "name": "GHS BANDIAN WALA PUL CHUNGI AMER SIDHU", "school_type": "Secondary", "source": "PITB (Government)" }, "geometry": { "type": "Point", "coordinates": [ 1009935.708962391130626, 3491773.396439231000841 ] } },
{ "type": "Feature", "properties": { "name": "GGHS MC JUNIOR MODEL SITARA COLONY NO. 2 CHUNGI AMERSIDHU", "school_type": "Secondary", "source": "PITB (Government)" }, "geometry": { "type": "Point", "coordinates": [ 1010044.003965056035668, 3492116.719072114676237 ] } },
{ "type": "Feature", "properties": { "name": "GES MUFT PURA", "school_type": "Elementary", "source": "PITB (Government)" }, "geometry": { "type": "Point", "coordinates": [ 1009555.520353602711111, 3492201.791652621235698 ] } },
{ "type": "Feature", "properties": { "name": "GES GENERAL HOSPITAL", "school_type": "Elementary", "source": "PITB (Government)" }, "geometry": { "type": "Point", "coordinates": [ 1008529.429766506422311, 3492595.131254190579057 ] } },
{ "type": "Feature", "properties": { "name": "GGPS MK MEMORIAL SHOUKAT TOWN", "school_type": "Primary", "source": "PITB (Government)" }, "geometry": { "type": "Point", "coordinates": [ 1009554.992996357497759, 3492844.855097733903676 ] } },
{ "type": "Feature", "properties": { "name": "GGHS MUHAMMAD PURA", "school_type": "Secondary", "source": "PITB (Government)" }, "geometry": { "type": "Point", "coordinates": [ 1009680.078397378325462, 3493002.654157908633351 ] } },
{ "type": "Feature", "properties": { "name": "GES MADINA COLONY", "school_type": "Elementary", "source": "PITB (Government)" }, "geometry": { "type": "Point", "coordinates": [ 1008846.960531634395011, 3493613.029373019002378 ] } },
{ "type": "Feature", "properties": { "name": "GGES PACKAGES QUARTERS WALTON ROAD LAHORE", "school_type": "Elementary", "source": "PITB (Government)" }, "geometry": { "type": "Point", "coordinates": [ 1008720.697309650247917, 3494369.256511011626571 ] } },
{ "type": "Feature", "properties": { "name": "GGES FAROOQ COLONY", "school_type": "Elementary", "source": "PITB (Government)" }, "geometry": { "type": "Point", "coordinates": [ 1010066.455989525886253, 3495219.696097910404205 ] } },
{ "type": "Feature", "properties": { "name": "GHS JAHMAN", "school_type": "Secondary", "source": "PITB (Government)" }, "geometry": { "type": "Point", "coordinates": [ 1025546.231317889178172, 3482879.839873460121453 ] } },
{ "type": "Feature", "properties": { "name": "GPS KOT SAROOB KHAN LAHORE", "school_type": "Primary", "source": "PITB (Government)" }, "geometry": { "type": "Point", "coordinates": [ 1024059.442829986219294, 3483513.101249143946916 ] } },
{ "type": "Feature", "properties": { "name": "GPS RAKH BEKHANTH", "school_type": "Primary", "source": "PITB (Government)" }, "geometry": { "type": "Point", "coordinates": [ 1025541.872299141599797, 3485622.787371603772044 ] } },
{ "type": "Feature", "properties": { "name": "GGPS RAKH BAKHINTH", "school_type": "Primary", "source": "PITB (Government)" }, "geometry": { "type": "Point", "coordinates": [ 1024745.833181722438894, 3485816.516350768972188 ] } },
{ "type": "Feature", "properties": { "name": "GHS GHOWIND", "school_type": "Secondary", "source": "PITB (Government)" }, "geometry": { "type": "Point", "coordinates": [ 1030573.772580694407225, 3486024.126923189498484 ] } },
{ "type": "Feature", "properties": { "name": "GGHS GHOWIND LAHORE CANTT", "school_type": "Secondary", "source": "PITB (Government)" }, "geometry": { "type": "Point", "coordinates": [ 1030018.295977481757291, 3486620.231505390722305 ] } },
{ "type": "Feature", "properties": { "name": "GPS ASIL GURKE LHR CANTT", "school_type": "Primary", "source": "PITB (Government)" }, "geometry": { "type": "Point", "coordinates": [ 1026558.08723733201623, 3486714.622596804983914 ] } },
{ "type": "Feature", "properties": { "name": "GGPS GHOWINDI BORDER", "school_type": "Primary", "source": "PITB (Government)" }, "geometry": { "type": "Point", "coordinates": [ 1031217.037291227956302, 3488757.257520286366343 ] } },
{ "type": "Feature", "properties": { "name": "GPS GHOWINDI", "school_type": "Primary", "source": "PITB (Government)" }, "geometry": { "type": "Point", "coordinates": [ 1031193.384111185441725, 3488776.834615284577012 ] } },
{ "type": "Feature", "properties": { "name": "GGPS JHUGIAN NOOR PUR", "school_type": "Primary", "source": "PITB (Government)" }, "geometry": { "type": "Point", "coordinates": [ 1026938.142622007289901, 3490555.115992633160204 ] } },
{ "type": "Feature", "properties": { "name": "GPS THATA KHURD", "school_type": "Primary", "source": "PITB (Government)" }, "geometry": { "type": "Point", "coordinates": [ 1017699.932118176599033, 3486860.720395906828344 ] } },
{ "type": "Feature", "properties": { "name": "GGPS MALAKOKI", "school_type": "Primary", "source": "PITB (Government)" }, "geometry": { "type": "Point", "coordinates": [ 1018503.884333476657048, 3487427.331514817196876 ] } },
{ "type": "Feature", "properties": { "name": "GPS MALAKHO KE", "school_type": "Primary", "source": "PITB (Government)" }, "geometry": { "type": "Point", "coordinates": [ 1018496.238303478108719, 3487428.808426213916391 ] } },
{ "type": "Feature", "properties": { "name": "GGHS HAIR LAHORE CANTT", "school_type": "Secondary", "source": "PITB (Government)" }, "geometry": { "type": "Point", "coordinates": [ 1022036.232037947280332, 3487889.959254418499768 ] } },
{ "type": "Feature", "properties": { "name": "GHS HAIR LAHORE CANTT", "school_type": "Secondary", "source": "PITB (Government)" }, "geometry": { "type": "Point", "coordinates": [ 1022134.774806097499095, 3488552.524094324558973 ] } },
{ "type": "Feature", "properties": { "name": "GGPS THATAR", "school_type": "Primary", "source": "PITB (Government)" }, "geometry": { "type": "Point", "coordinates": [ 1018934.97998868022114, 3489193.263658592477441 ] } },
{ "type": "Feature", "properties": { "name": "GPS HAVELI KARBATH", "school_type": "Primary", "source": "PITB (Government)" }, "geometry": { "type": "Point", "coordinates": [ 1022592.16939510719385, 3490405.277679382357746 ] } },
{ "type": "Feature", "properties": { "name": "GGPS MOTA SINGH", "school_type": "Primary", "source": "PITB (Government)" }, "geometry": { "type": "Point", "coordinates": [ 1018325.376276368740946, 3491176.500715374946594 ] } },
{ "type": "Feature", "properties": { "name": "GGES KARBATH", "school_type": "Elementary", "source": "PITB (Government)" }, "geometry": { "type": "Point", "coordinates": [ 1022599.383397236932069, 3491407.045136425178498 ] } },
{ "type": "Feature", "properties": { "name": "GPS MOTHA SINGH WALA", "school_type": "Primary", "source": "PITB (Government)" }, "geometry": { "type": "Point", "coordinates": [ 1018514.900480621028692, 3491507.380743075162172 ] } },
{ "type": "Feature", "properties": { "name": "GGPS SORRAY", "school_type": "Primary", "source": "PITB (Government)" }, "geometry": { "type": "Point", "coordinates": [ 1017394.702884026104584, 3487976.978803724516183 ] } },
{ "type": "Feature", "properties": { "name": "GGES DEV KALAN LINK FEROZ PUR ROAD", "school_type": "Elementary", "source": "PITB (Government)" }, "geometry": { "type": "Point", "coordinates": [ 1015094.350407778052613, 3489013.526113653555512 ] } },
{ "type": "Feature", "properties": { "name": "GES DEV KALAN", "school_type": "Elementary", "source": "PITB (Government)" }, "geometry": { "type": "Point", "coordinates": [ 1014926.783902054768987, 3489164.291292027570307 ] } },
{ "type": "Feature", "properties": { "name": "GGPS HARPAL KEY", "school_type": "Primary", "source": "PITB (Government)" }, "geometry": { "type": "Point", "coordinates": [ 1015570.781245986232534, 3490437.482811980415136 ] } },
{ "type": "Feature", "properties": { "name": "GES HARPAL KAY", "school_type": "Elementary", "source": "PITB (Government)" }, "geometry": { "type": "Point", "coordinates": [ 1015538.129186563077383, 3490462.114391589071602 ] } },
{ "type": "Feature", "properties": { "name": "GGPS ROROAN WALA", "school_type": "Primary", "source": "PITB (Government)" }, "geometry": { "type": "Point", "coordinates": [ 1016581.726179587189108, 3491822.204340840689838 ] } },
{ "type": "Feature", "properties": { "name": "GPS KOT WADHAWA SIGH", "school_type": "Primary", "source": "PITB (Government)" }, "geometry": { "type": "Point", "coordinates": [ 1015338.083000764716417, 3492506.170283947139978 ] } },
{ "type": "Feature", "properties": { "name": "GGPS KOT WADAWA SINGH BADIAN ROAD", "school_type": "Primary", "source": "PITB (Government)" }, "geometry": { "type": "Point", "coordinates": [ 1015325.157735021668486, 3492522.300357262603939 ] } },
{ "type": "Feature", "properties": { "name": "GES LEEL", "school_type": "Elementary", "source": "PITB (Government)" }, "geometry": { "type": "Point", "coordinates": [ 1014875.510017979540862, 3492710.986861323006451 ] } },
{ "type": "Feature", "properties": { "name": "GPS NATHA SINGH WALA", "school_type": "Primary", "source": "PITB (Government)" }, "geometry": { "type": "Point", "coordinates": [ 1016591.106402603443712, 3492923.534694290254265 ] } },
{ "type": "Feature", "properties": { "name": "GGPS GAGA", "school_type": "Primary", "source": "PITB (Government)" }, "geometry": { "type": "Point", "coordinates": [ 1025381.499716297956184, 3490905.759155654348433 ] } },
{ "type": "Feature", "properties": { "name": "GPS GAGA", "school_type": "Primary", "source": "PITB (Government)" }, "geometry": { "type": "Point", "coordinates": [ 1025224.411075272015296, 3491029.119538403581828 ] } },
{ "type": "Feature", "properties": { "name": "GHS KARBATH", "school_type": "Secondary", "source": "PITB (Government)" }, "geometry": { "type": "Point", "coordinates": [ 1022894.60125133569818, 3491275.322697531897575 ] } },
{ "type": "Feature", "properties": { "name": "GGPS NOOR PUR", "school_type": "Primary", "source": "PITB (Government)" }, "geometry": { "type": "Point", "coordinates": [ 1027120.757516129524447, 3491614.907678401097655 ] } },
{ "type": "Feature", "properties": { "name": "GES NOOR PUR", "school_type": "Elementary", "source": "PITB (Government)" }, "geometry": { "type": "Point", "coordinates": [ 1027073.397244763677008, 3491620.785105069633573 ] } },
{ "type": "Feature", "properties": { "name": "GHS HADYARA", "school_type": "Secondary", "source": "PITB (Government)" }, "geometry": { "type": "Point", "coordinates": [ 1029769.856369056622498, 3492113.591419468168169 ] } },
{ "type": "Feature", "properties": { "name": "GPS BRAHMAN ABAD NEAR BARKI", "school_type": "Primary", "source": "PITB (Government)" }, "geometry": { "type": "Point", "coordinates": [ 1025348.403933002613485, 3492222.62841815315187 ] } },
{ "type": "Feature", "properties": { "name": "GGHS HADYARA LAHORE CANTT", "school_type": "Secondary", "source": "PITB (Government)" }, "geometry": { "type": "Point", "coordinates": [ 1029277.882308271247894, 3492427.14845077181235 ] } },
{ "type": "Feature", "properties": { "name": "GGPS BARKA KALAN", "school_type": "Primary", "source": "PITB (Government)" }, "geometry": { "type": "Point", "coordinates": [ 1025535.617531220195815, 3494235.650011202320457 ] } },
{ "type": "Feature", "properties": { "name": "GGPS DEVSANI", "school_type": "Primary", "source": "PITB (Government)" }, "geometry": { "type": "Point", "coordinates": [ 1031932.09007548505906, 3495410.779269268270582 ] } },
{ "type": "Feature", "properties": { "name": "GGPS DERA CHAHAL", "school_type": "Primary", "source": "PITB (Government)" }, "geometry": { "type": "Point", "coordinates": [ 1020464.2271709125489, 3491674.560983178671449 ] } },
{ "type": "Feature", "properties": { "name": "GPS DERA CHAHIL", "school_type": "Primary", "source": "PITB (Government)" }, "geometry": { "type": "Point", "coordinates": [ 1020342.427965552429669, 3491794.066011443734169 ] } },
{ "type": "Feature", "properties": { "name": "GGPS CHOTA MOTA SINGH", "school_type": "Primary", "source": "PITB (Government)" }, "geometry": { "type": "Point", "coordinates": [ 1019511.122667978634126, 3492410.860192009247839 ] } },
{ "type": "Feature", "properties": { "name": "GHS LIDHAR", "school_type": "Secondary", "source": "PITB (Government)" }, "geometry": { "type": "Point", "coordinates": [ 1017781.518000046373345, 3492905.712367001920938 ] } },
{ "type": "Feature", "properties": { "name": "GGHS LIDHAR", "school_type": "Secondary", "source": "PITB (Government)" }, "geometry": { "type": "Point", "coordinates": [ 1017688.024693776154891, 3492942.192596629727632 ] } },
{ "type": "Feature", "properties": { "name": "GGCMS LEHNA SINGH", "school_type": "Other Govt", "source": "PITB (Government)" }, "geometry": { "type": "Point", "coordinates": [ 1019224.079515812569298, 3493340.465311904903501 ] } },
{ "type": "Feature", "properties": { "name": "GPS SANGAT PURA", "school_type": "Primary", "source": "PITB (Government)" }, "geometry": { "type": "Point", "coordinates": [ 1021963.96227085380815, 3494198.381328775081784 ] } },
{ "type": "Feature", "properties": { "name": "GES CHAK DHEERRA", "school_type": "Elementary", "source": "PITB (Government)" }, "geometry": { "type": "Point", "coordinates": [ 1020824.502191419829614, 3495236.695555385202169 ] } },
{ "type": "Feature", "properties": { "name": "GGPS CHAK DHERA", "school_type": "Primary", "source": "PITB (Government)" }, "geometry": { "type": "Point", "coordinates": [ 1021039.62752315076068, 3495290.635896644089371 ] } },
{ "type": "Feature", "properties": { "name": "GGES BHANGALI", "school_type": "Elementary", "source": "PITB (Government)" }, "geometry": { "type": "Point", "coordinates": [ 1020526.444662949535996, 3496828.582741935737431 ] } },
{ "type": "Feature", "properties": { "name": "GPS LIDHER", "school_type": "Primary", "source": "PITB (Government)" }, "geometry": { "type": "Point", "coordinates": [ 1017125.528928074869327, 3493397.92370711825788 ] } },
{ "type": "Feature", "properties": { "name": "GPS MANAWALA LHR CANTT", "school_type": "Primary", "source": "PITB (Government)" }, "geometry": { "type": "Point", "coordinates": [ 1015252.568154584616423, 3494469.045368635095656 ] } },
{ "type": "Feature", "properties": { "name": "GES CHACHO WALI", "school_type": "Elementary", "source": "PITB (Government)" }, "geometry": { "type": "Point", "coordinates": [ 1016224.572276684688404, 3494568.573470776434988 ] } },
{ "type": "Feature", "properties": { "name": "GGPS MANAN WALA BADIAN ROAD", "school_type": "Primary", "source": "PITB (Government)" }, "geometry": { "type": "Point", "coordinates": [ 1015199.318690778687596, 3494644.9809455354698 ] } },
{ "type": "Feature", "properties": { "name": "GGES CHUNG KHURD (DEFENCE)", "school_type": "Elementary", "source": "PITB (Government)" }, "geometry": { "type": "Point", "coordinates": [ 1014554.723270747810602, 3495433.518045943230391 ] } },
{ "type": "Feature", "properties": { "name": "GHS CHUNG KHURD", "school_type": "Secondary", "source": "PITB (Government)" }, "geometry": { "type": "Point", "coordinates": [ 1014618.841631558723748, 3495438.506000742316246 ] } },
{ "type": "Feature", "properties": { "name": "GGHS CHACHO WALI", "school_type": "Secondary", "source": "PITB (Government)" }, "geometry": { "type": "Point", "coordinates": [ 1016140.385919613298029, 3495703.271653210744262 ] } },
{ "type": "Feature", "properties": { "name": "GGES RAHMAT PURA", "school_type": "Elementary", "source": "PITB (Government)" }, "geometry": { "type": "Point", "coordinates": [ 1015208.738992402795702, 3495792.687826236709952 ] } },
{ "type": "Feature", "properties": { "name": "GPS KOHAR LHR CANTT", "school_type": "Primary", "source": "PITB (Government)" }, "geometry": { "type": "Point", "coordinates": [ 1014788.524301181780174, 3496449.185811724048108 ] } },
{ "type": "Feature", "properties": { "name": "GGHS CDG HARBANS PURA", "school_type": "Secondary", "source": "PITB (Government)" }, "geometry": { "type": "Point", "coordinates": [ 1014712.154755039373413, 3496949.494307212065905 ] } },
{ "type": "Feature", "properties": { "name": "GPS DEVSANI", "school_type": "Primary", "source": "PITB (Government)" }, "geometry": { "type": "Point", "coordinates": [ 1031968.880289835738949, 3495477.80242869630456 ] } },
{ "type": "Feature", "properties": { "name": "GPS JALEEYAH", "school_type": "Primary", "source": "PITB (Government)" }, "geometry": { "type": "Point", "coordinates": [ 1029238.443210546276532, 3495556.876247876789421 ] } },
{ "type": "Feature", "properties": { "name": "GPS DHALWAN (DHALAM)", "school_type": "Primary", "source": "PITB (Government)" }, "geometry": { "type": "Point", "coordinates": [ 1029100.022445721668191, 3495623.660676002502441 ] } },
{ "type": "Feature", "properties": { "name": "GHS BARKI", "school_type": "Secondary", "source": "PITB (Government)" }, "geometry": { "type": "Point", "coordinates": [ 1023889.684028351679444, 3495661.90955853369087 ] } },
{ "type": "Feature", "properties": { "name": "GPS BARKA KHURD", "school_type": "Primary", "source": "PITB (Government)" }, "geometry": { "type": "Point", "coordinates": [ 1026171.876574263791554, 3495808.575355752836913 ] } },
{ "type": "Feature", "properties": { "name": "GGHSS BARKI", "school_type": "Secondary", "source": "PITB (Government)" }, "geometry": { "type": "Point", "coordinates": [ 1023903.583833518670872, 3495976.258430569898337 ] } },
{ "type": "Feature", "properties": { "name": "GPS CHINKOWINDI", "school_type": "Primary", "source": "PITB (Government)" }, "geometry": { "type": "Point", "coordinates": [ 1024744.705969153204933, 3496706.917404431849718 ] } },
{ "type": "Feature", "properties": { "name": "GPS DHEERKAY LHR CANTT", "school_type": "Primary", "source": "PITB (Government)" }, "geometry": { "type": "Point", "coordinates": [ 1028099.785277130431496, 3496861.468586184084415 ] } },
{ "type": "Feature", "properties": { "name": "GES KOHRIAN NEAR BARKI LHR CANTT", "school_type": "Elementary", "source": "PITB (Government)" }, "geometry": { "type": "Point", "coordinates": [ 1024912.576485780067742, 3497256.431288012769073 ] } },
{ "type": "Feature", "properties": { "name": "GGES DHEERKAY", "school_type": "Elementary", "source": "PITB (Government)" }, "geometry": { "type": "Point", "coordinates": [ 1028158.779076949344017, 3497306.668434201739728 ] } },
{ "type": "Feature", "properties": { "name": "GES GULBAHAR COLONY", "school_type": "Elementary", "source": "PITB (Government)" }, "geometry": { "type": "Point", "coordinates": [ 1014712.133633224992082, 3496950.305987672880292 ] } },
{ "type": "Feature", "properties": { "name": "GES GOHAWA", "school_type": "Elementary", "source": "PITB (Government)" }, "geometry": { "type": "Point", "coordinates": [ 1015733.568371805129573, 3497047.626111142802984 ] } },
{ "type": "Feature", "properties": { "name": "GGES GOHAWA", "school_type": "Elementary", "source": "PITB (Government)" }, "geometry": { "type": "Point", "coordinates": [ 1015688.110309954034165, 3497050.891267205122858 ] } },
{ "type": "Feature", "properties": { "name": "GHS CDG HANIF PARK", "school_type": "Secondary", "source": "PITB (Government)" }, "geometry": { "type": "Point", "coordinates": [ 1014198.747706210939214, 3497663.542449362110347 ] } },
{ "type": "Feature", "properties": { "name": "GPS SEHJPALL", "school_type": "Primary", "source": "PITB (Government)" }, "geometry": { "type": "Point", "coordinates": [ 1016616.071633579093032, 3498060.716568551491946 ] } },
{ "type": "Feature", "properties": { "name": "GGPS JHUGIAN ALPHA", "school_type": "Primary", "source": "PITB (Government)" }, "geometry": { "type": "Point", "coordinates": [ 1016982.993922225548886, 3498454.360253860708326 ] } },
{ "type": "Feature", "properties": { "name": "GGPS SEHJPAL BHATTA CHOWK BAIDIAN ROAD", "school_type": "Primary", "source": "PITB (Government)" }, "geometry": { "type": "Point", "coordinates": [ 1016501.57191722560674, 3498663.915304451715201 ] } },
{ "type": "Feature", "properties": { "name": "GGHS MALIK PUR NEAR AIRPORT", "school_type": "Secondary", "source": "PITB (Government)" }, "geometry": { "type": "Point", "coordinates": [ 1016204.467314628418535, 3499447.836499527096748 ] } },
{ "type": "Feature", "properties": { "name": "GPS MALIK PUR", "school_type": "Primary", "source": "PITB (Government)" }, "geometry": { "type": "Point", "coordinates": [ 1016027.930364495376125, 3499667.744715952780098 ] } },
{ "type": "Feature", "properties": { "name": "GPS CHAK BHARATH (BAO WALA)", "school_type": "Primary", "source": "PITB (Government)" }, "geometry": { "type": "Point", "coordinates": [ 1016360.893325161305256, 3500706.751598102971911 ] } },
{ "type": "Feature", "properties": { "name": "GGPS HASSAN ABAD", "school_type": "Primary", "source": "PITB (Government)" }, "geometry": { "type": "Point", "coordinates": [ 1022162.682884275214747, 3496877.920703178737313 ] } },
{ "type": "Feature", "properties": { "name": "GGPS JINDRA KALAN", "school_type": "Primary", "source": "PITB (Government)" }, "geometry": { "type": "Point", "coordinates": [ 1018586.806056541623548, 3497064.077800849452615 ] } },
{ "type": "Feature", "properties": { "name": "GPS HASSAN ABAD", "school_type": "Primary", "source": "PITB (Government)" }, "geometry": { "type": "Point", "coordinates": [ 1022413.785507023101673, 3497463.513410534709692 ] } },
{ "type": "Feature", "properties": { "name": "GGPS GHOWINDI KHUSHAL SINGH", "school_type": "Primary", "source": "PITB (Government)" }, "geometry": { "type": "Point", "coordinates": [ 1022401.82369875581935, 3498433.133940592873842 ] } },
{ "type": "Feature", "properties": { "name": "GGPS JINDRA DAIRY", "school_type": "Primary", "source": "PITB (Government)" }, "geometry": { "type": "Point", "coordinates": [ 1018597.490841334452853, 3498551.191364535596222 ] } },
{ "type": "Feature", "properties": { "name": "GES BHANGALI DAIRY FARM", "school_type": "Elementary", "source": "PITB (Government)" }, "geometry": { "type": "Point", "coordinates": [ 1019441.73525516607333, 3499227.224311587400734 ] } },
{ "type": "Feature", "properties": { "name": "GGPS RUKH BURJ", "school_type": "Primary", "source": "PITB (Government)" }, "geometry": { "type": "Point", "coordinates": [ 1021089.537980357883498, 3499586.529088273178786 ] } },
{ "type": "Feature", "properties": { "name": "GPS BHANGALI", "school_type": "Primary", "source": "PITB (Government)" }, "geometry": { "type": "Point", "coordinates": [ 1021096.048050730372779, 3499608.466852424666286 ] } },
{ "type": "Feature", "properties": { "name": "GPS KLAsSMARI", "school_type": "Primary", "source": "PITB (Government)" }, "geometry": { "type": "Point", "coordinates": [ 1018413.806003366829827, 3500279.794057185761631 ] } },
{ "type": "Feature", "properties": { "name": "GPS PHULARWAN LAHORE CANTT", "school_type": "Primary", "source": "PITB (Government)" }, "geometry": { "type": "Point", "coordinates": [ 1018453.600657125003636, 3501797.65060861594975 ] } },
{ "type": "Feature", "properties": { "name": "GGES KOHRIAN", "school_type": "Elementary", "source": "PITB (Government)" }, "geometry": { "type": "Point", "coordinates": [ 1024943.131292435107753, 3497347.720320552587509 ] } },
{ "type": "Feature", "properties": { "name": "GPS LALLOH", "school_type": "Primary", "source": "PITB (Government)" }, "geometry": { "type": "Point", "coordinates": [ 1030504.776384458178654, 3497699.653739219531417 ] } },
{ "type": "Feature", "properties": { "name": "GGPS LALLOH", "school_type": "Primary", "source": "PITB (Government)" }, "geometry": { "type": "Point", "coordinates": [ 1030566.166453113080934, 3497729.713713670615107 ] } },
{ "type": "Feature", "properties": { "name": "GGPS MODEL PADRI", "school_type": "Primary", "source": "PITB (Government)" }, "geometry": { "type": "Point", "coordinates": [ 1022648.803881922503933, 3499331.223810749128461 ] } },
{ "type": "Feature", "properties": { "name": "GPS SOYIAN KHURD", "school_type": "Primary", "source": "PITB (Government)" }, "geometry": { "type": "Point", "coordinates": [ 1027337.254898817976937, 3499408.903106041718274 ] } },
{ "type": "Feature", "properties": { "name": "GPS SOYIAN KALAN", "school_type": "Primary", "source": "PITB (Government)" }, "geometry": { "type": "Point", "coordinates": [ 1027337.254898817976937, 3499408.903106041718274 ] } },
{ "type": "Feature", "properties": { "name": "GPS MINHALA KHURD", "school_type": "Primary", "source": "PITB (Government)" }, "geometry": { "type": "Point", "coordinates": [ 1027373.955753215006553, 3499413.806992038153112 ] } },
{ "type": "Feature", "properties": { "name": "GGPS RUKH PUDRI", "school_type": "Primary", "source": "PITB (Government)" }, "geometry": { "type": "Point", "coordinates": [ 1023589.471658449154347, 3500588.588277610018849 ] } },
{ "type": "Feature", "properties": { "name": "GGPS MINHALA KHURD", "school_type": "Primary", "source": "PITB (Government)" }, "geometry": { "type": "Point", "coordinates": [ 1026761.603377458290197, 3501469.43417581776157 ] } },
{ "type": "Feature", "properties": { "name": "GPS JATHOL", "school_type": "Primary", "source": "PITB (Government)" }, "geometry": { "type": "Point", "coordinates": [ 1013428.322938941302709, 3490675.91310047544539 ] } },
{ "type": "Feature", "properties": { "name": "GGPS JATHOL LAHORE CANTT.", "school_type": "Primary", "source": "PITB (Government)" }, "geometry": { "type": "Point", "coordinates": [ 1013742.002187836915255, 3490798.544255001470447 ] } },
{ "type": "Feature", "properties": { "name": "GPS KAMAHAN", "school_type": "Primary", "source": "PITB (Government)" }, "geometry": { "type": "Point", "coordinates": [ 1012325.380424291477539, 3491461.20906080910936 ] } },
{ "type": "Feature", "properties": { "name": "GGHS KAMAHAN LAHORE CANTT", "school_type": "Secondary", "source": "PITB (Government)" }, "geometry": { "type": "Point", "coordinates": [ 1012649.503164263674989, 3491711.978115660138428 ] } },
{ "type": "Feature", "properties": { "name": "GHS KAMAHAN", "school_type": "Secondary", "source": "PITB (Government)" }, "geometry": { "type": "Point", "coordinates": [ 1011732.335598125122488, 3491783.657492477912456 ] } },
{ "type": "Feature", "properties": { "name": "GGHS CHARRAR", "school_type": "Secondary", "source": "PITB (Government)" }, "geometry": { "type": "Point", "coordinates": [ 1012174.504850567085668, 3494575.953582710120827 ] } },
{ "type": "Feature", "properties": { "name": "GES CHARAR", "school_type": "Elementary", "source": "PITB (Government)" }, "geometry": { "type": "Point", "coordinates": [ 1012431.14256979804486, 3494719.628275460097939 ] } },
{ "type": "Feature", "properties": { "name": "GES KOREY WALTON", "school_type": "Elementary", "source": "PITB (Government)" }, "geometry": { "type": "Point", "coordinates": [ 1010606.616505125537515, 3496285.270671823527664 ] } },
{ "type": "Feature", "properties": { "name": "GPS KEER KHURD", "school_type": "Primary", "source": "PITB (Government)" }, "geometry": { "type": "Point", "coordinates": [ 1013531.792835070751607, 3496763.882758449297398 ] } },
{ "type": "Feature", "properties": { "name": "GGHS NISHAT COLONY", "school_type": "Secondary", "source": "PITB (Government)" }, "geometry": { "type": "Point", "coordinates": [ 1012031.598364215344191, 3496774.079918689094484 ] } },
{ "type": "Feature", "properties": { "name": "GGES DHALLA KOT LAKHPAT", "school_type": "Elementary", "source": "PITB (Government)" }, "geometry": { "type": "Point", "coordinates": [ 1007472.658589493483305, 3493560.792006570380181 ] } },
{ "type": "Feature", "properties": { "name": "GGHS CDG BOSTAN COLONY QAINCHI AMER SIDHU", "school_type": "Secondary", "source": "PITB (Government)" }, "geometry": { "type": "Point", "coordinates": [ 1007901.411006492096931, 3493615.989058772101998 ] } },
{ "type": "Feature", "properties": { "name": "GPS PINDI RAJPUTAN", "school_type": "Primary", "source": "PITB (Government)" }, "geometry": { "type": "Point", "coordinates": [ 1006076.873615839402191, 3493960.260572070721537 ] } },
{ "type": "Feature", "properties": { "name": "GHS CDG AMER SIDHU", "school_type": "Secondary", "source": "PITB (Government)" }, "geometry": { "type": "Point", "coordinates": [ 1008171.859199080616236, 3493975.67175539303571 ] } },
{ "type": "Feature", "properties": { "name": "GGHS PROGRESSIVE 752/B R-BLOCK MODEL TOWN", "school_type": "Secondary", "source": "PITB (Government)" }, "geometry": { "type": "Point", "coordinates": [ 1006787.996158057590947, 3494128.015745744109154 ] } },
{ "type": "Feature", "properties": { "name": "GPS ST LAWARENCE NO II NAWAZ SHARIF COLONY", "school_type": "Primary", "source": "PITB (Government)" }, "geometry": { "type": "Point", "coordinates": [ 1008117.632336920127273, 3494626.649673015344888 ] } },
{ "type": "Feature", "properties": { "name": "GGPS BASTI SADAT", "school_type": "Primary", "source": "PITB (Government)" }, "geometry": { "type": "Point", "coordinates": [ 1007789.581224331399426, 3494719.328757255338132 ] } },
{ "type": "Feature", "properties": { "name": "GHS JUNIOR MODEL MODEL TOWN LAHORE", "school_type": "Secondary", "source": "PITB (Government)" }, "geometry": { "type": "Point", "coordinates": [ 1006703.086434668628499, 3495553.235972155816853 ] } },
{ "type": "Feature", "properties": { "name": "GPS GULAB DEVI HOSPITAL", "school_type": "Primary", "source": "PITB (Government)" }, "geometry": { "type": "Point", "coordinates": [ 1007886.432764927390963, 3495608.675925148651004 ] } },
{ "type": "Feature", "properties": { "name": "GHS MODEL APS MODEL TOWN", "school_type": "Secondary", "source": "PITB (Government)" }, "geometry": { "type": "Point", "coordinates": [ 1006611.53816514252685, 3495844.377968775574118 ] } },
{ "type": "Feature", "properties": { "name": "GPS FAROOQ COLONY", "school_type": "Primary", "source": "PITB (Government)" }, "geometry": { "type": "Point", "coordinates": [ 1010142.2838079421781, 3495298.530239878222346 ] } },
{ "type": "Feature", "properties": { "name": "GHS WALTON", "school_type": "Secondary", "source": "PITB (Government)" }, "geometry": { "type": "Point", "coordinates": [ 1009298.160757439211011, 3495447.723627102095634 ] } },
{ "type": "Feature", "properties": { "name": "GGHS WALTON LAHORE", "school_type": "Secondary", "source": "PITB (Government)" }, "geometry": { "type": "Point", "coordinates": [ 1009412.811974834417924, 3495452.011174294631928 ] } },
{ "type": "Feature", "properties": { "name": "GPS RAILWAY COLONY WALTON", "school_type": "Primary", "source": "PITB (Government)" }, "geometry": { "type": "Point", "coordinates": [ 1009482.352542042965069, 3495584.930590450298041 ] } },
{ "type": "Feature", "properties": { "name": "GES CUSTOM ACADAMY LHR CANTT", "school_type": "Elementary", "source": "PITB (Government)" }, "geometry": { "type": "Point", "coordinates": [ 1009341.949028540519066, 3496341.802577474620193 ] } },
{ "type": "Feature", "properties": { "name": "GGPS KOREY", "school_type": "Primary", "source": "PITB (Government)" }, "geometry": { "type": "Point", "coordinates": [ 1010563.314278362086043, 3496414.027545555960387 ] } },
{ "type": "Feature", "properties": { "name": "GGHS CUSTOM COLONY", "school_type": "Secondary", "source": "PITB (Government)" }, "geometry": { "type": "Point", "coordinates": [ 1009340.119724588468671, 3496415.45593595970422 ] } },
{ "type": "Feature", "properties": { "name": "GGPS APWA CANAL BANK WALTON LAHORE", "school_type": "Primary", "source": "PITB (Government)" }, "geometry": { "type": "Point", "coordinates": [ 1009675.810522840707563, 3496430.661723200697452 ] } },
{ "type": "Feature", "properties": { "name": "GPS THEH ZAIL DARAIN", "school_type": "Primary", "source": "PITB (Government)" }, "geometry": { "type": "Point", "coordinates": [ 1008380.461217014468275, 3497292.576246173121035 ] } },
{ "type": "Feature", "properties": { "name": "GPS LUCK LINE LHR", "school_type": "Primary", "source": "PITB (Government)" }, "geometry": { "type": "Point", "coordinates": [ 1010416.723879947792739, 3497693.546021271497011 ] } },
{ "type": "Feature", "properties": { "name": "GGHS MODEL APS MODEL TOWN", "school_type": "Secondary", "source": "PITB (Government)" }, "geometry": { "type": "Point", "coordinates": [ 1005772.537840356584638, 3495565.460612685419619 ] } },
{ "type": "Feature", "properties": { "name": "GGES APWA D BLOCK I.D.2 MODEL TOWN", "school_type": "Elementary", "source": "PITB (Government)" }, "geometry": { "type": "Point", "coordinates": [ 1005529.738651385065168, 3496188.797030251007527 ] } },
{ "type": "Feature", "properties": { "name": "GGHS BARKAT MARKET GARDEN TOWN LHR", "school_type": "Secondary", "source": "PITB (Government)" }, "geometry": { "type": "Point", "coordinates": [ 1005407.060341163072735, 3497462.068355531431735 ] } },
{ "type": "Feature", "properties": { "name": "GES CDG JEVAN HANA", "school_type": "Elementary", "source": "PITB (Government)" }, "geometry": { "type": "Point", "coordinates": [ 1006001.802432942902669, 3498168.27581553068012 ] } },
{ "type": "Feature", "properties": { "name": "GGPS CDG JEVEN HANA", "school_type": "Primary", "source": "PITB (Government)" }, "geometry": { "type": "Point", "coordinates": [ 1006021.712482268223539, 3498172.451658395584673 ] } },
{ "type": "Feature", "properties": { "name": "GGHS MODEL WAHDAT COLONY", "school_type": "Secondary", "source": "PITB (Government)" }, "geometry": { "type": "Point", "coordinates": [ 1004388.868260428658687, 3498873.972198243718594 ] } },
{ "type": "Feature", "properties": { "name": "GGHS CDG WAHDAT COLONY", "school_type": "Secondary", "source": "PITB (Government)" }, "geometry": { "type": "Point", "coordinates": [ 1004644.100665990728885, 3499196.592750062700361 ] } },
{ "type": "Feature", "properties": { "name": "GGHS SHAHAB-UD-DIN RAWAN SHAH KAMAL ROAD ICHHRA", "school_type": "Secondary", "source": "PITB (Government)" }, "geometry": { "type": "Point", "coordinates": [ 1004763.005687731318176, 3499638.411741968244314 ] } },
{ "type": "Feature", "properties": { "name": "GGHS CDG REHMAN PURA", "school_type": "Secondary", "source": "PITB (Government)" }, "geometry": { "type": "Point", "coordinates": [ 1005244.299827601993456, 3499682.798172450624406 ] } },
{ "type": "Feature", "properties": { "name": "GHS CDG REHMAN PURA", "school_type": "Secondary", "source": "PITB (Government)" }, "geometry": { "type": "Point", "coordinates": [ 1005249.244486773153767, 3499690.54590564314276 ] } },
{ "type": "Feature", "properties": { "name": "GGHS GOPAL NAGAR", "school_type": "Secondary", "source": "PITB (Government)" }, "geometry": { "type": "Point", "coordinates": [ 1007843.571192203322425, 3496207.55993541656062 ] } },
{ "type": "Feature", "properties": { "name": "GHS CDG WALTON AIRPORT GOPAL NAGAR", "school_type": "Secondary", "source": "PITB (Government)" }, "geometry": { "type": "Point", "coordinates": [ 1008040.846716336673126, 3496217.275988726876676 ] } },
{ "type": "Feature", "properties": { "name": "GGPS S-A MODEL BHABHARA", "school_type": "Primary", "source": "PITB (Government)" }, "geometry": { "type": "Point", "coordinates": [ 1007526.87594094639644, 3496358.5128174116835 ] } },
{ "type": "Feature", "properties": { "name": "GPS MC BHABHRA", "school_type": "Primary", "source": "PITB (Government)" }, "geometry": { "type": "Point", "coordinates": [ 1007130.249965842580423, 3496649.866594968829304 ] } },
{ "type": "Feature", "properties": { "name": "GHS F.D. MODEL GARDEN TOWN", "school_type": "Secondary", "source": "PITB (Government)" }, "geometry": { "type": "Point", "coordinates": [ 1006544.97481294895988, 3497581.404117646627128 ] } },
{ "type": "Feature", "properties": { "name": "GGHSS CENTRAL MODEL GULBERG-III", "school_type": "Secondary", "source": "PITB (Government)" }, "geometry": { "type": "Point", "coordinates": [ 1008203.024945910554379, 3498712.709681475535035 ] } },
{ "type": "Feature", "properties": { "name": "GGHS BASHIR MEMORIAL FEROZ PUR ROAD", "school_type": "Secondary", "source": "PITB (Government)" }, "geometry": { "type": "Point", "coordinates": [ 1006466.804960399866104, 3499009.458637760952115 ] } },
{ "type": "Feature", "properties": { "name": "GGHS CDG PUBLIC MODEL BLOCK-B GULBERG-II LHR", "school_type": "Secondary", "source": "PITB (Government)" }, "geometry": { "type": "Point", "coordinates": [ 1007645.219137329375371, 3499726.919387282803655 ] } },
{ "type": "Feature", "properties": { "name": "GPS CDG FAZALIA COLONY", "school_type": "Primary", "source": "PITB (Government)" }, "geometry": { "type": "Point", "coordinates": [ 1006058.732440796215087, 3500068.814508595969528 ] } },
{ "type": "Feature", "properties": { "name": "GGHS MODEL GULBERG", "school_type": "Secondary", "source": "PITB (Government)" }, "geometry": { "type": "Point", "coordinates": [ 1007752.932804504176602, 3500393.231048346497118 ] } },
{ "type": "Feature", "properties": { "name": "GGHS CDG A/3 KABUTAR PURA GULBERG III LAHORE", "school_type": "Secondary", "source": "PITB (Government)" }, "geometry": { "type": "Point", "coordinates": [ 1008921.175100354710594, 3498059.119461502879858 ] } },
{ "type": "Feature", "properties": { "name": "GPS GHOUSIA HUSNAIN ABAD", "school_type": "Primary", "source": "PITB (Government)" }, "geometry": { "type": "Point", "coordinates": [ 1009351.2408029390499, 3499017.953940050676465 ] } },
{ "type": "Feature", "properties": { "name": "GPS GURUMANGET", "school_type": "Primary", "source": "PITB (Government)" }, "geometry": { "type": "Point", "coordinates": [ 1009016.612915215315297, 3499127.760215891059488 ] } },
{ "type": "Feature", "properties": { "name": "GPS MC NABI PURA NO. 2 GULBERG III", "school_type": "Primary", "source": "PITB (Government)" }, "geometry": { "type": "Point", "coordinates": [ 1009205.112872926867567, 3499164.723839642014354 ] } },
{ "type": "Feature", "properties": { "name": "GPS MC NABI PURA GULBERG-III", "school_type": "Primary", "source": "PITB (Government)" }, "geometry": { "type": "Point", "coordinates": [ 1008791.436926655471325, 3499393.762710843235254 ] } },
{ "type": "Feature", "properties": { "name": "GGES KHANAM HUSAINABAD", "school_type": "Elementary", "source": "PITB (Government)" }, "geometry": { "type": "Point", "coordinates": [ 1009039.655193317681551, 3499508.209872520063072 ] } },
{ "type": "Feature", "properties": { "name": "GHS NAJAF H GULBERG NEAR RC COLA N-BLOCK", "school_type": "Secondary", "source": "PITB (Government)" }, "geometry": { "type": "Point", "coordinates": [ 1009081.480076078558341, 3499800.405427608639002 ] } },
{ "type": "Feature", "properties": { "name": "GHS GULBERG LAHORE CANTT (FATEH ABAD)", "school_type": "Secondary", "source": "PITB (Government)" }, "geometry": { "type": "Point", "coordinates": [ 1009294.309892295161262, 3499873.300991357769817 ] } },
{ "type": "Feature", "properties": { "name": "GGPS MUMTAZ NABI PURA GULBERG-III", "school_type": "Primary", "source": "PITB (Government)" }, "geometry": { "type": "Point", "coordinates": [ 1009000.291870312299579, 3500296.860075134318322 ] } },
{ "type": "Feature", "properties": { "name": "GGHS GANGA ICE FACTORY GULBERG", "school_type": "Secondary", "source": "PITB (Government)" }, "geometry": { "type": "Point", "coordinates": [ 1008891.941711904364638, 3500490.160319210030138 ] } },
{ "type": "Feature", "properties": { "name": "GHS PAKISTAN MODEL REHMAN PURA", "school_type": "Secondary", "source": "PITB (Government)" }, "geometry": { "type": "Point", "coordinates": [ 1005236.663411392364651, 3499783.453772280365229 ] } },
{ "type": "Feature", "properties": { "name": "GGES CDG JUNIOR MODEL SHAH KAMAL PARK", "school_type": "Elementary", "source": "PITB (Government)" }, "geometry": { "type": "Point", "coordinates": [ 1004502.715627546305768, 3499933.174092468805611 ] } },
{ "type": "Feature", "properties": { "name": "GPS NA REHMAN PURA", "school_type": "Primary", "source": "PITB (Government)" }, "geometry": { "type": "Point", "coordinates": [ 1005242.364119154866785, 3500116.774706829339266 ] } },
{ "type": "Feature", "properties": { "name": "GPS MC NAYA MADRASSA REHMAN PURA LAHORE", "school_type": "Primary", "source": "PITB (Government)" }, "geometry": { "type": "Point", "coordinates": [ 1005237.564293928910047, 3500117.242358042858541 ] } },
{ "type": "Feature", "properties": { "name": "GGHS CDG TAKIA LEHRI SHAH", "school_type": "Secondary", "source": "PITB (Government)" }, "geometry": { "type": "Point", "coordinates": [ 1004816.637210056884214, 3500581.7253601802513 ] } },
{ "type": "Feature", "properties": { "name": "GGHS SULTAN AHMED ROAD ICCHRA LAHORE", "school_type": "Secondary", "source": "PITB (Government)" }, "geometry": { "type": "Point", "coordinates": [ 1005366.17518076277338, 3500683.898405645508319 ] } },
{ "type": "Feature", "properties": { "name": "GHS CDG TAKIA LEHRI SHAH", "school_type": "Secondary", "source": "PITB (Government)" }, "geometry": { "type": "Point", "coordinates": [ 1004629.514144232030958, 3500774.826856143772602 ] } },
{ "type": "Feature", "properties": { "name": "GES CDG JR.MODEL ICHHRA NO. 2 LAHORE", "school_type": "Elementary", "source": "PITB (Government)" }, "geometry": { "type": "Point", "coordinates": [ 1005162.440866829128936, 3500990.475795145146549 ] } },
{ "type": "Feature", "properties": { "name": "GGES ANWAR UL TALEEM ICHARA", "school_type": "Elementary", "source": "PITB (Government)" }, "geometry": { "type": "Point", "coordinates": [ 1005660.167172641959041, 3501076.001460776198655 ] } },
{ "type": "Feature", "properties": { "name": "GHS N.D. ISLAMIA ICCHRA", "school_type": "Secondary", "source": "PITB (Government)" }, "geometry": { "type": "Point", "coordinates": [ 1005350.315613755839877, 3501186.530385613907129 ] } },
{ "type": "Feature", "properties": { "name": "GGPS QURBAN LINE", "school_type": "Primary", "source": "PITB (Government)" }, "geometry": { "type": "Point", "coordinates": [ 1009073.826557418564335, 3500921.483456832356751 ] } },
{ "type": "Feature", "properties": { "name": "GGHS BASTI SAIDAN SHAH UPPER MALL", "school_type": "Secondary", "source": "PITB (Government)" }, "geometry": { "type": "Point", "coordinates": [ 1009232.970167311723344, 3501564.526260409969836 ] } },
{ "type": "Feature", "properties": { "name": "GHS CDG SAIDAN SHAH COLONY UPPER MALL", "school_type": "Secondary", "source": "PITB (Government)" }, "geometry": { "type": "Point", "coordinates": [ 1009137.858461780939251, 3501775.757885417435318 ] } },
{ "type": "Feature", "properties": { "name": "GGHS TANVEER ISLAMIA MUSTAFA ABAD", "school_type": "Secondary", "source": "PITB (Government)" }, "geometry": { "type": "Point", "coordinates": [ 1009299.661696075927466, 3502685.109713660087436 ] } },
{ "type": "Feature", "properties": { "name": "GGHS CDG JUNIOR MODEL MIAN MIR SAHIB", "school_type": "Secondary", "source": "PITB (Government)" }, "geometry": { "type": "Point", "coordinates": [ 1008780.251155189122073, 3502862.996586897876114 ] } },
{ "type": "Feature", "properties": { "name": "GPS CDG JUNIOR MODEL NO. 2 MUSTAFA ABAD", "school_type": "Primary", "source": "PITB (Government)" }, "geometry": { "type": "Point", "coordinates": [ 1009549.429463057313114, 3502933.893102001864463 ] } },
{ "type": "Feature", "properties": { "name": "GHSS ARIF MUSTAFA ABAD", "school_type": "Secondary", "source": "PITB (Government)" }, "geometry": { "type": "Point", "coordinates": [ 1009605.48731936281547, 3502959.704138956964016 ] } },
{ "type": "Feature", "properties": { "name": "GPS SAINT QADAR MUSTAFABAD", "school_type": "Primary", "source": "PITB (Government)" }, "geometry": { "type": "Point", "coordinates": [ 1009636.646677442360669, 3503008.907814364414662 ] } },
{ "type": "Feature", "properties": { "name": "GGHS CDG PUBLIC MODEL NO.1 MUSTAFA ABAD", "school_type": "Secondary", "source": "PITB (Government)" }, "geometry": { "type": "Point", "coordinates": [ 1009634.764217149233446, 3503147.181246997788548 ] } },
{ "type": "Feature", "properties": { "name": "GGHS RAFIQ-E-NISWAN MUSTAFA ABAD", "school_type": "Secondary", "source": "PITB (Government)" }, "geometry": { "type": "Point", "coordinates": [ 1009562.608293414814398, 3503310.106889139395207 ] } },
{ "type": "Feature", "properties": { "name": "GHS F-BLOCK GULBERG-II LAHORE", "school_type": "Secondary", "source": "PITB (Government)" }, "geometry": { "type": "Point", "coordinates": [ 1007747.524594286456704, 3500415.407455450389534 ] } },
{ "type": "Feature", "properties": { "name": "GGES CDG PUBLIC CANAL PARK", "school_type": "Elementary", "source": "PITB (Government)" }, "geometry": { "type": "Point", "coordinates": [ 1007527.122722725383937, 3500609.799387135077268 ] } },
{ "type": "Feature", "properties": { "name": "GGHS CDG SHADMAN COLONY", "school_type": "Secondary", "source": "PITB (Government)" }, "geometry": { "type": "Point", "coordinates": [ 1006286.182538107037544, 3501204.923177779186517 ] } },
{ "type": "Feature", "properties": { "name": "GPS SERVICES HOSPITAL LHR", "school_type": "Primary", "source": "PITB (Government)" }, "geometry": { "type": "Point", "coordinates": [ 1006493.246444561518729, 3501659.544152647256851 ] } },
{ "type": "Feature", "properties": { "name": "GGHS DAR-UN-NISWAN 65 JAIL ROAD", "school_type": "Secondary", "source": "PITB (Government)" }, "geometry": { "type": "Point", "coordinates": [ 1006485.538714569644071, 3502086.964699437841773 ] } },
{ "type": "Feature", "properties": { "name": "GHS MAQBOOL-E-AAM G.O.R-1", "school_type": "Secondary", "source": "PITB (Government)" }, "geometry": { "type": "Point", "coordinates": [ 1007638.475964299635962, 3502178.862383629195392 ] } },
{ "type": "Feature", "properties": { "name": "GGHS MODEL SHAHRA-I-AIWAN-E-TIJARAT LAHORE", "school_type": "Secondary", "source": "PITB (Government)" }, "geometry": { "type": "Point", "coordinates": [ 1006824.527975234435871, 3502996.885314473416656 ] } },
{ "type": "Feature", "properties": { "name": "GHS GOVERNOR HOUSE LAHORE", "school_type": "Secondary", "source": "PITB (Government)" }, "geometry": { "type": "Point", "coordinates": [ 1006875.23397352383472, 3503625.878168948926032 ] } },
{ "type": "Feature", "properties": { "name": "GGHS GOVERNOR HOUSE LAHORE", "school_type": "Secondary", "source": "PITB (Government)" }, "geometry": { "type": "Point", "coordinates": [ 1006888.730348119628616, 3503676.162991099525243 ] } },
{ "type": "Feature", "properties": { "name": "GGES MALIK GARHI SHAHU LAHORE", "school_type": "Elementary", "source": "PITB (Government)" }, "geometry": { "type": "Point", "coordinates": [ 1008050.859455158584751, 3503831.64902410749346 ] } },
{ "type": "Feature", "properties": { "name": "GGHS ISLAMIA MUSTAFABAD", "school_type": "Secondary", "source": "PITB (Government)" }, "geometry": { "type": "Point", "coordinates": [ 1009507.981193907558918, 3503340.59914470417425 ] } },
{ "type": "Feature", "properties": { "name": "GGHS CDG GULISTAN COLONY MUSTAFA ABAD", "school_type": "Secondary", "source": "PITB (Government)" }, "geometry": { "type": "Point", "coordinates": [ 1009788.247790870023891, 3503350.535856735892594 ] } },
{ "type": "Feature", "properties": { "name": "GHS CDG GULISTAN COLONY MUSTAFA ABAD", "school_type": "Secondary", "source": "PITB (Government)" }, "geometry": { "type": "Point", "coordinates": [ 1009782.408769434317946, 3503383.807551130186766 ] } },
{ "type": "Feature", "properties": { "name": "GGPS STANDARD CHILDREN DHARAM PURA", "school_type": "Primary", "source": "PITB (Government)" }, "geometry": { "type": "Point", "coordinates": [ 1009700.603115674457513, 3503526.484528610482812 ] } },
{ "type": "Feature", "properties": { "name": "GGES CDG NEW BASTI SCHEME NO.1 MUSTAFA ABAD", "school_type": "Elementary", "source": "PITB (Government)" }, "geometry": { "type": "Point", "coordinates": [ 1009469.877421443467028, 3503655.866525586694479 ] } },
{ "type": "Feature", "properties": { "name": "GGHS CDG ALLAMA IQBAL ROAD GHARI SHAHU", "school_type": "Secondary", "source": "PITB (Government)" }, "geometry": { "type": "Point", "coordinates": [ 1008628.162225034204312, 3503679.994464069139212 ] } },
{ "type": "Feature", "properties": { "name": "GGHSS SHEIKH SARDAR MUHAMMAD GARHI SHAHU", "school_type": "Secondary", "source": "PITB (Government)" }, "geometry": { "type": "Point", "coordinates": [ 1008206.735587984672748, 3503972.920097949914634 ] } },
{ "type": "Feature", "properties": { "name": "GGHS MUSLIM DRY PORT MUGHALPURA", "school_type": "Secondary", "source": "PITB (Government)" }, "geometry": { "type": "Point", "coordinates": [ 1010458.557858736487105, 3504021.32821667380631 ] } },
{ "type": "Feature", "properties": { "name": "GPS MASJID TAJDAIN MUGHAL PURA", "school_type": "Primary", "source": "PITB (Government)" }, "geometry": { "type": "Point", "coordinates": [ 1009063.851133067626506, 3504266.362024351023138 ] } },
{ "type": "Feature", "properties": { "name": "GPS CITY BAJA LINE", "school_type": "Primary", "source": "PITB (Government)" }, "geometry": { "type": "Point", "coordinates": [ 1008520.584674085723236, 3504742.821545441169292 ] } },
{ "type": "Feature", "properties": { "name": "GGHS KEER KHURD BAIDIAN ROAD", "school_type": "Secondary", "source": "PITB (Government)" }, "geometry": { "type": "Point", "coordinates": [ 1013651.949633039534092, 3496887.552539019379765 ] } },
{ "type": "Feature", "properties": { "name": "GPS REHNUMA ARIF ABAD", "school_type": "Primary", "source": "PITB (Government)" }, "geometry": { "type": "Point", "coordinates": [ 1013819.984370008111, 3496900.969301045872271 ] } },
{ "type": "Feature", "properties": { "name": "GGHS R.A. BAZAR", "school_type": "Secondary", "source": "PITB (Government)" }, "geometry": { "type": "Point", "coordinates": [ 1011597.82594042411074, 3497885.539317070040852 ] } },
{ "type": "Feature", "properties": { "name": "GGHS PAF BASE IQBAL CAMP LAHORE", "school_type": "Secondary", "source": "PITB (Government)" }, "geometry": { "type": "Point", "coordinates": [ 1012679.020084546296857, 3499428.593605452682823 ] } },
{ "type": "Feature", "properties": { "name": "GES ORDINANCE DEPOT", "school_type": "Elementary", "source": "PITB (Government)" }, "geometry": { "type": "Point", "coordinates": [ 1011248.363746228860691, 3502366.163632370065898 ] } },
{ "type": "Feature", "properties": { "name": "GHS MUSLIM LAHORE CANTT", "school_type": "Secondary", "source": "PITB (Government)" }, "geometry": { "type": "Point", "coordinates": [ 1010708.69054005225189, 3502518.880772276781499 ] } },
{ "type": "Feature", "properties": { "name": "GGHS ISLAMIA LAHORE CANTT", "school_type": "Secondary", "source": "PITB (Government)" }, "geometry": { "type": "Point", "coordinates": [ 1010877.059310069540516, 3502730.763405328150839 ] } },
{ "type": "Feature", "properties": { "name": "GHS ISLAMIA LAHORE CANTT", "school_type": "Secondary", "source": "PITB (Government)" }, "geometry": { "type": "Point", "coordinates": [ 1011021.38178803329356, 3502793.343644805252552 ] } },
{ "type": "Feature", "properties": { "name": "GHS CDG GUJAR COLONY JORAY PULL", "school_type": "Secondary", "source": "PITB (Government)" }, "geometry": { "type": "Point", "coordinates": [ 1013763.122313075466082, 3503212.422003850806504 ] } },
{ "type": "Feature", "properties": { "name": "GHS TARIQ LAHORE CANTT", "school_type": "Secondary", "source": "PITB (Government)" }, "geometry": { "type": "Point", "coordinates": [ 1011257.019376462558284, 3503250.534072750713676 ] } },
{ "type": "Feature", "properties": { "name": "GPS DHER PINDI", "school_type": "Primary", "source": "PITB (Government)" }, "geometry": { "type": "Point", "coordinates": [ 1015559.328174513764679, 3500931.792113855946809 ] } },
{ "type": "Feature", "properties": { "name": "GGPS DOGRAI KHURD", "school_type": "Primary", "source": "PITB (Government)" }, "geometry": { "type": "Point", "coordinates": [ 1017371.121314996969886, 3501103.34212668100372 ] } },
{ "type": "Feature", "properties": { "name": "GPS DOGRAI KHURD", "school_type": "Primary", "source": "PITB (Government)" }, "geometry": { "type": "Point", "coordinates": [ 1017369.873220997629687, 3501140.043909925501794 ] } },
{ "type": "Feature", "properties": { "name": "GHS QURBAN LINE LAHORE CANTT", "school_type": "Secondary", "source": "PITB (Government)" }, "geometry": { "type": "Point", "coordinates": [ 1014683.112709626904689, 3503047.340846065897495 ] } },
{ "type": "Feature", "properties": { "name": "GPS RAMPURA JAGIR", "school_type": "Primary", "source": "PITB (Government)" }, "geometry": { "type": "Point", "coordinates": [ 1014689.935773844597861, 3503050.351508081424981 ] } },
{ "type": "Feature", "properties": { "name": "GGHSS RANGERS COLONY", "school_type": "Secondary", "source": "PITB (Government)" }, "geometry": { "type": "Point", "coordinates": [ 1013854.859419499058276, 3503068.49939481029287 ] } },
{ "type": "Feature", "properties": { "name": "GGES DOGACH BARKI ROAD LAHORE", "school_type": "Elementary", "source": "PITB (Government)" }, "geometry": { "type": "Point", "coordinates": [ 1014750.699739651638083, 3503110.577705158852041 ] } },
{ "type": "Feature", "properties": { "name": "GES ITTEHAD TOWN DOGACH", "school_type": "Elementary", "source": "PITB (Government)" }, "geometry": { "type": "Point", "coordinates": [ 1014752.144765992183238, 3503561.824186209123582 ] } },
{ "type": "Feature", "properties": { "name": "GHS MODEL CHUNGI GUJJAR PURA", "school_type": "Secondary", "source": "PITB (Government)" }, "geometry": { "type": "Point", "coordinates": [ 1015995.164089443860576, 3503787.509052442852408 ] } },
{ "type": "Feature", "properties": { "name": "GGPS MODEL CHUNGI GUJJAR PURA", "school_type": "Primary", "source": "PITB (Government)" }, "geometry": { "type": "Point", "coordinates": [ 1016021.799484494142234, 3503836.787475942168385 ] } },
{ "type": "Feature", "properties": { "name": "GGHSS MINHALA KALAN", "school_type": "Secondary", "source": "PITB (Government)" }, "geometry": { "type": "Point", "coordinates": [ 1026602.303670033579692, 3501591.680726223159581 ] } },
{ "type": "Feature", "properties": { "name": "GGPS NAWAN PIND GUJRAN", "school_type": "Primary", "source": "PITB (Government)" }, "geometry": { "type": "Point", "coordinates": [ 1024839.397926032776013, 3501610.822669653687626 ] } },
{ "type": "Feature", "properties": { "name": "GPS BHANI SINDHWAN", "school_type": "Primary", "source": "PITB (Government)" }, "geometry": { "type": "Point", "coordinates": [ 1030322.57724020536989, 3501698.351904135197401 ] } },
{ "type": "Feature", "properties": { "name": "GHS MINHALA KALAN", "school_type": "Secondary", "source": "PITB (Government)" }, "geometry": { "type": "Point", "coordinates": [ 1026670.825090270722285, 3501927.681598583236337 ] } },
{ "type": "Feature", "properties": { "name": "GPS MINHALA KALAN", "school_type": "Primary", "source": "PITB (Government)" }, "geometry": { "type": "Point", "coordinates": [ 1026448.592049240134656, 3501986.574050583876669 ] } },
{ "type": "Feature", "properties": { "name": "GPS QILA JIWAN SINGH MINHALA / NARWAR", "school_type": "Primary", "source": "PITB (Government)" }, "geometry": { "type": "Point", "coordinates": [ 1031846.651803620508872, 3502669.50913569657132 ] } },
{ "type": "Feature", "properties": { "name": "GGPS QILA JEWAN SINGH", "school_type": "Primary", "source": "PITB (Government)" }, "geometry": { "type": "Point", "coordinates": [ 1031933.886895327013917, 3502823.818684833589941 ] } },
{ "type": "Feature", "properties": { "name": "GGPS PUDHAY", "school_type": "Primary", "source": "PITB (Government)" }, "geometry": { "type": "Point", "coordinates": [ 1029235.818287047091872, 3503480.65030280360952 ] } },
{ "type": "Feature", "properties": { "name": "GPS NATHOKI", "school_type": "Primary", "source": "PITB (Government)" }, "geometry": { "type": "Point", "coordinates": [ 1024773.403961328207515, 3503717.963986750692129 ] } },
{ "type": "Feature", "properties": { "name": "GGES NATHOKI", "school_type": "Elementary", "source": "PITB (Government)" }, "geometry": { "type": "Point", "coordinates": [ 1024516.985152461216785, 3503976.405927340500057 ] } },
{ "type": "Feature", "properties": { "name": "GGPS BHUTTO COLONY NIZAM ABAD LAHORE", "school_type": "Primary", "source": "PITB (Government)" }, "geometry": { "type": "Point", "coordinates": [ 1012888.557194914668798, 3503672.079241161234677 ] } },
{ "type": "Feature", "properties": { "name": "GGHS TAJ PURA SCHEME LAHORE CANTT", "school_type": "Secondary", "source": "PITB (Government)" }, "geometry": { "type": "Point", "coordinates": [ 1013095.656818805960938, 3504065.482548046391457 ] } },
{ "type": "Feature", "properties": { "name": "GGHS GHAZI ABAD", "school_type": "Secondary", "source": "PITB (Government)" }, "geometry": { "type": "Point", "coordinates": [ 1011818.783317275578156, 3504098.132849009241909 ] } },
{ "type": "Feature", "properties": { "name": "GHS TAJPURA SCHEME LAHORE CANTT", "school_type": "Secondary", "source": "PITB (Government)" }, "geometry": { "type": "Point", "coordinates": [ 1013294.742978036985733, 3504157.126251643523574 ] } },
{ "type": "Feature", "properties": { "name": "GPS DAR-UL-ALOOM LARKES COLONY GHAZI ABAD", "school_type": "Primary", "source": "PITB (Government)" }, "geometry": { "type": "Point", "coordinates": [ 1011533.699142277240753, 3504285.545490389689803 ] } },
{ "type": "Feature", "properties": { "name": "GHS CDG GHAZI ABAD", "school_type": "Secondary", "source": "PITB (Government)" }, "geometry": { "type": "Point", "coordinates": [ 1012495.203006485127844, 3504344.776262070052326 ] } },
{ "type": "Feature", "properties": { "name": "GGHS CITY NISBAT ROAD", "school_type": "Secondary", "source": "PITB (Government)" }, "geometry": { "type": "Point", "coordinates": [ 1011121.362393998075277, 3504498.649933459237218 ] } },
{ "type": "Feature", "properties": { "name": "GPS PAK MASKEEN PURA", "school_type": "Primary", "source": "PITB (Government)" }, "geometry": { "type": "Point", "coordinates": [ 1012919.230658240616322, 3504509.289886658079922 ] } },
{ "type": "Feature", "properties": { "name": "GGES CDG JUNIOR MODEL TAJPURA", "school_type": "Elementary", "source": "PITB (Government)" }, "geometry": { "type": "Point", "coordinates": [ 1013589.258505556965247, 3504683.595071126706898 ] } },
{ "type": "Feature", "properties": { "name": "GGHS YASMIN ISLAMIA FIAZ PARK MUGHAL PURA", "school_type": "Secondary", "source": "PITB (Government)" }, "geometry": { "type": "Point", "coordinates": [ 1011808.401330329710618, 3504685.063875969965011 ] } },
{ "type": "Feature", "properties": { "name": "GGPS PHULAR WAN", "school_type": "Primary", "source": "PITB (Government)" }, "geometry": { "type": "Point", "coordinates": [ 1018469.512175648706034, 3501822.186985113658011 ] } },
{ "type": "Feature", "properties": { "name": "GPS DHOORI", "school_type": "Primary", "source": "PITB (Government)" }, "geometry": { "type": "Point", "coordinates": [ 1021740.227394620655105, 3502461.298051938414574 ] } },
{ "type": "Feature", "properties": { "name": "GGPS DHOORI", "school_type": "Primary", "source": "PITB (Government)" }, "geometry": { "type": "Point", "coordinates": [ 1022061.838552868226543, 3502734.806677813176066 ] } },
{ "type": "Feature", "properties": { "name": "GGES MANDIAN WALA", "school_type": "Elementary", "source": "PITB (Government)" }, "geometry": { "type": "Point", "coordinates": [ 1021353.347314639366232, 3503168.196166357491165 ] } },
{ "type": "Feature", "properties": { "name": "GGPS BARHAMAN ABAD", "school_type": "Primary", "source": "PITB (Government)" }, "geometry": { "type": "Point", "coordinates": [ 1020388.40147177875042, 3503731.004077843856066 ] } },
{ "type": "Feature", "properties": { "name": "GPS BRAHMAN ABAD", "school_type": "Primary", "source": "PITB (Government)" }, "geometry": { "type": "Point", "coordinates": [ 1020605.702276270836592, 3503762.011091163381934 ] } },
{ "type": "Feature", "properties": { "name": "GGPS WARA MOHLAY WASIAN", "school_type": "Primary", "source": "PITB (Government)" }, "geometry": { "type": "Point", "coordinates": [ 1022591.553905065869913, 3506437.015523027162999 ] } },
{ "type": "Feature", "properties": { "name": "GGPS REHMAN PURA", "school_type": "Primary", "source": "PITB (Government)" }, "geometry": { "type": "Point", "coordinates": [ 1018283.132369697093964, 3506461.970850341022015 ] } },
{ "type": "Feature", "properties": { "name": "GGPS JALWANA", "school_type": "Primary", "source": "PITB (Government)" }, "geometry": { "type": "Point", "coordinates": [ 1020932.804373455001041, 3506580.509291051421314 ] } },
{ "type": "Feature", "properties": { "name": "GGHS JALLO STATION", "school_type": "Secondary", "source": "PITB (Government)" }, "geometry": { "type": "Point", "coordinates": [ 1021905.685632226988673, 3506597.128359867725521 ] } },
{ "type": "Feature", "properties": { "name": "GGPS RAKH TARAH", "school_type": "Primary", "source": "PITB (Government)" }, "geometry": { "type": "Point", "coordinates": [ 1017420.012463473482057, 3504278.517823595553637 ] } },
{ "type": "Feature", "properties": { "name": "GPS CDG JUNIOR MODEL CHANDIAN", "school_type": "Primary", "source": "PITB (Government)" }, "geometry": { "type": "Point", "coordinates": [ 1015213.331173527054489, 3504475.6956558637321 ] } },
{ "type": "Feature", "properties": { "name": "GGPS MC JUNIOR MODEL PIR NASEER", "school_type": "Primary", "source": "PITB (Government)" }, "geometry": { "type": "Point", "coordinates": [ 1015977.71886796457693, 3504622.617884668987244 ] } },
{ "type": "Feature", "properties": { "name": "GPS CDG PIR NASEER", "school_type": "Primary", "source": "PITB (Government)" }, "geometry": { "type": "Point", "coordinates": [ 1015979.581715617328882, 3504761.595509177073836 ] } },
{ "type": "Feature", "properties": { "name": "GPS CDG AL-MADINA TOWN", "school_type": "Primary", "source": "PITB (Government)" }, "geometry": { "type": "Point", "coordinates": [ 1016176.513145498582162, 3505759.037730699405074 ] } },
{ "type": "Feature", "properties": { "name": "GHS CDG HARBANS PURA", "school_type": "Secondary", "source": "PITB (Government)" }, "geometry": { "type": "Point", "coordinates": [ 1015296.646547708543949, 3506055.750005834270269 ] } },
{ "type": "Feature", "properties": { "name": "GGHS MODEL QALANDER PURA", "school_type": "Secondary", "source": "PITB (Government)" }, "geometry": { "type": "Point", "coordinates": [ 1015929.574119233526289, 3506111.11559977196157 ] } },
{ "type": "Feature", "properties": { "name": "GES MUSLIM HARBANS PURA", "school_type": "Elementary", "source": "PITB (Government)" }, "geometry": { "type": "Point", "coordinates": [ 1016365.858724837540649, 3506391.941152099985629 ] } },
{ "type": "Feature", "properties": { "name": "GGES NAWAB PURA", "school_type": "Elementary", "source": "PITB (Government)" }, "geometry": { "type": "Point", "coordinates": [ 1017173.652428837842308, 3506538.286703791469336 ] } },
{ "type": "Feature", "properties": { "name": "GHS CDG NAWAB PURA", "school_type": "Secondary", "source": "PITB (Government)" }, "geometry": { "type": "Point", "coordinates": [ 1017216.098853344563395, 3506553.182496214285493 ] } },
{ "type": "Feature", "properties": { "name": "GPS BARA DARI JALLO MORE", "school_type": "Primary", "source": "PITB (Government)" }, "geometry": { "type": "Point", "coordinates": [ 1029923.07202661188785, 3505040.093878611922264 ] } },
{ "type": "Feature", "properties": { "name": "GPS CHAPPA", "school_type": "Primary", "source": "PITB (Government)" }, "geometry": { "type": "Point", "coordinates": [ 1024715.841630013659596, 3505100.104012797120959 ] } },
{ "type": "Feature", "properties": { "name": "GGPS CHAPPA", "school_type": "Primary", "source": "PITB (Government)" }, "geometry": { "type": "Point", "coordinates": [ 1025146.490319724194705, 3505368.741402012296021 ] } },
{ "type": "Feature", "properties": { "name": "GHS NARWAR", "school_type": "Secondary", "source": "PITB (Government)" }, "geometry": { "type": "Point", "coordinates": [ 1028621.504850316676311, 3505392.13470028154552 ] } },
{ "type": "Feature", "properties": { "name": "GGPS WARA ALLAH DAD", "school_type": "Primary", "source": "PITB (Government)" }, "geometry": { "type": "Point", "coordinates": [ 1023173.724215127527714, 3505492.531720840837806 ] } },
{ "type": "Feature", "properties": { "name": "GGES NARWAR", "school_type": "Elementary", "source": "PITB (Government)" }, "geometry": { "type": "Point", "coordinates": [ 1028762.380826671374962, 3505602.743941892869771 ] } },
{ "type": "Feature", "properties": { "name": "GPS KHAWAJA FAIQ", "school_type": "Primary", "source": "PITB (Government)" }, "geometry": { "type": "Point", "coordinates": [ 1026645.511419172165915, 3505685.554243168327957 ] } },
{ "type": "Feature", "properties": { "name": "GPS KHARAK", "school_type": "Primary", "source": "PITB (Government)" }, "geometry": { "type": "Point", "coordinates": [ 1031573.220842706854455, 3505907.350497559178621 ] } },
{ "type": "Feature", "properties": { "name": "GPS WARA MALIKAN", "school_type": "Primary", "source": "PITB (Government)" }, "geometry": { "type": "Point", "coordinates": [ 1023451.805349408648908, 3506175.449029024224728 ] } },
{ "type": "Feature", "properties": { "name": "GPS SANKEA", "school_type": "Primary", "source": "PITB (Government)" }, "geometry": { "type": "Point", "coordinates": [ 1030377.790923512191512, 3506336.501024603378028 ] } },
{ "type": "Feature", "properties": { "name": "GHS CDG SALAMAT PURA", "school_type": "Secondary", "source": "PITB (Government)" }, "geometry": { "type": "Point", "coordinates": [ 1014149.185026679420844, 3506798.630357570480555 ] } },
{ "type": "Feature", "properties": { "name": "GGHS SALAMAT PURA LAHORE CANTT", "school_type": "Secondary", "source": "PITB (Government)" }, "geometry": { "type": "Point", "coordinates": [ 1014130.582471404224634, 3506808.387066259980202 ] } },
{ "type": "Feature", "properties": { "name": "GGPS KOTLI GHASI", "school_type": "Primary", "source": "PITB (Government)" }, "geometry": { "type": "Point", "coordinates": [ 1016488.634438130771741, 3506823.646515568252653 ] } },
{ "type": "Feature", "properties": { "name": "GPS MC KOTLI GHASI", "school_type": "Primary", "source": "PITB (Government)" }, "geometry": { "type": "Point", "coordinates": [ 1016300.65764920017682, 3506892.108698370400816 ] } },
{ "type": "Feature", "properties": { "name": "GGHS SALAMAT PURA (newly upgraded)", "school_type": "Secondary", "source": "PITB (Government)" }, "geometry": { "type": "Point", "coordinates": [ 1013851.864529546699487, 3507193.177085586823523 ] } },
{ "type": "Feature", "properties": { "name": "GPS MC WARA SATTAR SHAH", "school_type": "Primary", "source": "PITB (Government)" }, "geometry": { "type": "Point", "coordinates": [ 1015538.183999425033107, 3507329.90369711490348 ] } },
{ "type": "Feature", "properties": { "name": "GGPS WARA SATAR SHAH", "school_type": "Primary", "source": "PITB (Government)" }, "geometry": { "type": "Point", "coordinates": [ 1015561.703980147838593, 3507341.423518622294068 ] } },
{ "type": "Feature", "properties": { "name": "GPS KOT DHOON CHAND", "school_type": "Primary", "source": "PITB (Government)" }, "geometry": { "type": "Point", "coordinates": [ 1017346.792735437047668, 3507586.649410630576313 ] } },
{ "type": "Feature", "properties": { "name": "GGES KOT DUNI CHAND GT ROAD", "school_type": "Elementary", "source": "PITB (Government)" }, "geometry": { "type": "Point", "coordinates": [ 1017409.006055818172172, 3507610.531040915753692 ] } },
{ "type": "Feature", "properties": { "name": "GGPS ADDA CHABIL", "school_type": "Primary", "source": "PITB (Government)" }, "geometry": { "type": "Point", "coordinates": [ 1016705.315341731067747, 3507755.376876247115433 ] } },
{ "type": "Feature", "properties": { "name": "GGPS SANKAY", "school_type": "Primary", "source": "PITB (Government)" }, "geometry": { "type": "Point", "coordinates": [ 1030437.659982515964657, 3506416.38086637435481 ] } },
{ "type": "Feature", "properties": { "name": "GPS LEELA PUR", "school_type": "Primary", "source": "PITB (Government)" }, "geometry": { "type": "Point", "coordinates": [ 1028181.990154842264019, 3506681.328517390415072 ] } },
{ "type": "Feature", "properties": { "name": "GPS TAQI PUR", "school_type": "Primary", "source": "PITB (Government)" }, "geometry": { "type": "Point", "coordinates": [ 1025034.409091145149432, 3506712.284175476059318 ] } },
{ "type": "Feature", "properties": { "name": "GGES TAQI PUR", "school_type": "Elementary", "source": "PITB (Government)" }, "geometry": { "type": "Point", "coordinates": [ 1025038.366393334814347, 3506778.14194338163361 ] } },
{ "type": "Feature", "properties": { "name": "GGPS BHATTA", "school_type": "Primary", "source": "PITB (Government)" }, "geometry": { "type": "Point", "coordinates": [ 1024056.843227233039215, 3507182.265320033300668 ] } },
{ "type": "Feature", "properties": { "name": "GPS BHATTE SULTAN PURA", "school_type": "Primary", "source": "PITB (Government)" }, "geometry": { "type": "Point", "coordinates": [ 1024295.33681012573652, 3507203.679876755923033 ] } },
{ "type": "Feature", "properties": { "name": "GGPS JHUGIAN MUHAMMAD BAKHSH", "school_type": "Primary", "source": "PITB (Government)" }, "geometry": { "type": "Point", "coordinates": [ 1022953.569941815454513, 3507709.94741948088631 ] } },
{ "type": "Feature", "properties": { "name": "GGPS BHAMMA NEAR WARA RAILWAY PHATAK", "school_type": "Primary", "source": "PITB (Government)" }, "geometry": { "type": "Point", "coordinates": [ 1024650.023198163835332, 3507727.525780993979424 ] } },
{ "type": "Feature", "properties": { "name": "GPS BHAMMAN", "school_type": "Primary", "source": "PITB (Government)" }, "geometry": { "type": "Point", "coordinates": [ 1025008.663761161966249, 3508075.600963168777525 ] } },
{ "type": "Feature", "properties": { "name": "GGPS RAKH SULTAN PURA", "school_type": "Primary", "source": "PITB (Government)" }, "geometry": { "type": "Point", "coordinates": [ 1023785.260339993285015, 3508863.02576637128368 ] } },
{ "type": "Feature", "properties": { "name": "GHS JALLO STATION", "school_type": "Secondary", "source": "PITB (Government)" }, "geometry": { "type": "Point", "coordinates": [ 1021672.351188179338351, 3506672.325505927205086 ] } },
{ "type": "Feature", "properties": { "name": "GGPS TULS PURA", "school_type": "Primary", "source": "PITB (Government)" }, "geometry": { "type": "Point", "coordinates": [ 1018383.043072444270365, 3507032.620374329388142 ] } },
{ "type": "Feature", "properties": { "name": "GGPS KHAIRAY", "school_type": "Primary", "source": "PITB (Government)" }, "geometry": { "type": "Point", "coordinates": [ 1022177.502691498491913, 3507614.544175200164318 ] } },
{ "type": "Feature", "properties": { "name": "GGCMES MANAWAN", "school_type": "Other Govt", "source": "PITB (Government)" }, "geometry": { "type": "Point", "coordinates": [ 1019775.942522347904742, 3508001.842177500016987 ] } },
{ "type": "Feature", "properties": { "name": "GPS MANAWAN", "school_type": "Primary", "source": "PITB (Government)" }, "geometry": { "type": "Point", "coordinates": [ 1020386.383841957664117, 3508002.980867206584662 ] } },
{ "type": "Feature", "properties": { "name": "GGHS SUTAR MILLS", "school_type": "Secondary", "source": "PITB (Government)" }, "geometry": { "type": "Point", "coordinates": [ 1017783.541555680567399, 3508224.907869345974177 ] } },
{ "type": "Feature", "properties": { "name": "GES SUTAR MILLS", "school_type": "Elementary", "source": "PITB (Government)" }, "geometry": { "type": "Point", "coordinates": [ 1017783.541555680567399, 3508224.907869345974177 ] } },
{ "type": "Feature", "properties": { "name": "GGHS AV BATA PUR", "school_type": "Secondary", "source": "PITB (Government)" }, "geometry": { "type": "Point", "coordinates": [ 1021630.435990389785729, 3508552.025298953521997 ] } },
{ "type": "Feature", "properties": { "name": "GGHS RAM PURA JAGIR", "school_type": "Secondary", "source": "PITB (Government)" }, "geometry": { "type": "Point", "coordinates": [ 1020796.024716590764001, 3508626.434052944649011 ] } },
{ "type": "Feature", "properties": { "name": "GHSS JALLO MORE LAHORE CANTT", "school_type": "Secondary", "source": "PITB (Government)" }, "geometry": { "type": "Point", "coordinates": [ 1022010.079028761480004, 3508717.491898667532951 ] } },
{ "type": "Feature", "properties": { "name": "GGES MOHSIN HABIB ULLAH ROAD GHARHI SHAHO", "school_type": "Elementary", "source": "PITB (Government)" }, "geometry": { "type": "Point", "coordinates": [ 1007443.234023350989446, 3503853.929866692982614 ] } },
{ "type": "Feature", "properties": { "name": "GGPS NEW ISLAMIA GARHI SHAHU", "school_type": "Primary", "source": "PITB (Government)" }, "geometry": { "type": "Point", "coordinates": [ 1008103.49662900750991, 3504138.616333859041333 ] } },
{ "type": "Feature", "properties": { "name": "GHS IQBAL GARHI SHAHU", "school_type": "Secondary", "source": "PITB (Government)" }, "geometry": { "type": "Point", "coordinates": [ 1007988.915802216972224, 3504274.789131445810199 ] } },
{ "type": "Feature", "properties": { "name": "GES MC NEW GARHI SHAHU", "school_type": "Elementary", "source": "PITB (Government)" }, "geometry": { "type": "Point", "coordinates": [ 1008139.987851579207927, 3504337.211795871146023 ] } },
{ "type": "Feature", "properties": { "name": "GGES ABUAL KHAIR GHARI SHAHU", "school_type": "Elementary", "source": "PITB (Government)" }, "geometry": { "type": "Point", "coordinates": [ 1007626.795346021885052, 3504487.04729473637417 ] } },
{ "type": "Feature", "properties": { "name": "GGHS CDG MODEL QILA GUJAR SINGH", "school_type": "Secondary", "source": "PITB (Government)" }, "geometry": { "type": "Point", "coordinates": [ 1006270.200688371434808, 3504716.551056862808764 ] } },
{ "type": "Feature", "properties": { "name": "GGHS CHUGHTAI GARHI SHAHU", "school_type": "Secondary", "source": "PITB (Government)" }, "geometry": { "type": "Point", "coordinates": [ 1007936.872909744270146, 3504817.757561004720628 ] } },
{ "type": "Feature", "properties": { "name": "GGHS CDG GARHI SHAHU", "school_type": "Secondary", "source": "PITB (Government)" }, "geometry": { "type": "Point", "coordinates": [ 1007800.024307402549312, 3504822.375496807508171 ] } },
{ "type": "Feature", "properties": { "name": "GGHS MODERN QILA GUJAR SINGH", "school_type": "Secondary", "source": "PITB (Government)" }, "geometry": { "type": "Point", "coordinates": [ 1006264.477545953704976, 3504869.848265978042036 ] } },
{ "type": "Feature", "properties": { "name": "GHS MUSLIM LEAGUE EMPRESS ROAD", "school_type": "Secondary", "source": "PITB (Government)" }, "geometry": { "type": "Point", "coordinates": [ 1006626.118604889139533, 3505181.147590544074774 ] } },
{ "type": "Feature", "properties": { "name": "GGPS ISLAMIA PUNJ PEER MUGHAL PURA", "school_type": "Primary", "source": "PITB (Government)" }, "geometry": { "type": "Point", "coordinates": [ 1012258.69964507734403, 3504759.84812872717157 ] } },
{ "type": "Feature", "properties": { "name": "GGPS CH MODEL MUSLIM ABAD", "school_type": "Primary", "source": "PITB (Government)" }, "geometry": { "type": "Point", "coordinates": [ 1012917.610366877634078, 3504761.723733885213733 ] } },
{ "type": "Feature", "properties": { "name": "GHS CDG GUNJ MUGHAL PURA", "school_type": "Secondary", "source": "PITB (Government)" }, "geometry": { "type": "Point", "coordinates": [ 1011082.126190209295601, 3504781.308959984686226 ] } },
{ "type": "Feature", "properties": { "name": "GES CDG RAM GARH COLONY", "school_type": "Elementary", "source": "PITB (Government)" }, "geometry": { "type": "Point", "coordinates": [ 1011510.395758002297953, 3504921.394090270623565 ] } },
{ "type": "Feature", "properties": { "name": "GHS CDG MUJAHID ABAD RAM GHAR", "school_type": "Secondary", "source": "PITB (Government)" }, "geometry": { "type": "Point", "coordinates": [ 1011519.100892730406485, 3504927.138594674877822 ] } },
{ "type": "Feature", "properties": { "name": "GPS ZUFAR-UL-ISLAM PUNJ PEER", "school_type": "Primary", "source": "PITB (Government)" }, "geometry": { "type": "Point", "coordinates": [ 1012713.361609770334326, 3504952.951510708779097 ] } },
{ "type": "Feature", "properties": { "name": "GHS MILLAT MUGHAL PURA", "school_type": "Secondary", "source": "PITB (Government)" }, "geometry": { "type": "Point", "coordinates": [ 1011057.860046007088386, 3505051.424874322488904 ] } },
{ "type": "Feature", "properties": { "name": "GGHS MILLAT MUGHAL PURA LAHORE", "school_type": "Secondary", "source": "PITB (Government)" }, "geometry": { "type": "Point", "coordinates": [ 1011145.404983728425577, 3505062.67080855416134 ] } },
{ "type": "Feature", "properties": { "name": "GGHS CDG FATEH GARH MUGHAL PURA", "school_type": "Secondary", "source": "PITB (Government)" }, "geometry": { "type": "Point", "coordinates": [ 1013328.10187734127976, 3505217.801957843825221 ] } },
{ "type": "Feature", "properties": { "name": "GGES MC NO.2 RAM GARH COLONY", "school_type": "Elementary", "source": "PITB (Government)" }, "geometry": { "type": "Point", "coordinates": [ 1011502.799902613973245, 3505275.319180680438876 ] } },
{ "type": "Feature", "properties": { "name": "GGHS REHMAN BEADON ROAD", "school_type": "Secondary", "source": "PITB (Government)" }, "geometry": { "type": "Point", "coordinates": [ 1005440.324944010470062, 3504440.798033094964921 ] } },
{ "type": "Feature", "properties": { "name": "GGHS NAPIER ROAD", "school_type": "Secondary", "source": "PITB (Government)" }, "geometry": { "type": "Point", "coordinates": [ 1004820.062589521287009, 3504851.067850385792553 ] } },
{ "type": "Feature", "properties": { "name": "GHS CDG GOWALMANDI", "school_type": "Secondary", "source": "PITB (Government)" }, "geometry": { "type": "Point", "coordinates": [ 1005402.367135439068079, 3505008.408944143913686 ] } },
{ "type": "Feature", "properties": { "name": "GGES JUNIOR MODEL GOWALMANDI", "school_type": "Elementary", "source": "PITB (Government)" }, "geometry": { "type": "Point", "coordinates": [ 1005209.300528528401628, 3505345.276619012001902 ] } },
{ "type": "Feature", "properties": { "name": "GES GOWALMANDI", "school_type": "Elementary", "source": "PITB (Government)" }, "geometry": { "type": "Point", "coordinates": [ 1005014.615001763566397, 3505501.328711635898799 ] } },
{ "type": "Feature", "properties": { "name": "GGHS ISLAMIA BRANDRATH ROAD", "school_type": "Secondary", "source": "PITB (Government)" }, "geometry": { "type": "Point", "coordinates": [ 1005528.36840859754011, 3505679.773150853347033 ] } },
{ "type": "Feature", "properties": { "name": "GGES ISLAMIA MODEL MIDDLE SCHOOL RAILWAY ROAD LAHORE", "school_type": "Elementary", "source": "PITB (Government)" }, "geometry": { "type": "Point", "coordinates": [ 1005717.216527913813479, 3505738.96968215983361 ] } },
{ "type": "Feature", "properties": { "name": "GHS WATAN ISLAMIA BRANDRATH ROAD", "school_type": "Secondary", "source": "PITB (Government)" }, "geometry": { "type": "Point", "coordinates": [ 1005748.466283872374333, 3505741.278947921935469 ] } },
{ "type": "Feature", "properties": { "name": "GGHS MADRISA-TUL-BINAT AUSTRAILA BUILDING", "school_type": "Secondary", "source": "PITB (Government)" }, "geometry": { "type": "Point", "coordinates": [ 1005728.12706298509147, 3505853.975586263462901 ] } },
{ "type": "Feature", "properties": { "name": "GPS CDG JUNIOR MODEL RAM GHALI NO. 4", "school_type": "Primary", "source": "PITB (Government)" }, "geometry": { "type": "Point", "coordinates": [ 1005728.12706298509147, 3505853.975586263462901 ] } },
{ "type": "Feature", "properties": { "name": "GHS ISLAMIA MUGHAL PURA", "school_type": "Secondary", "source": "PITB (Government)" }, "geometry": { "type": "Point", "coordinates": [ 1010387.37014946679119, 3505065.962759691290557 ] } },
{ "type": "Feature", "properties": { "name": "GGHS CDG BAJA LINE", "school_type": "Secondary", "source": "PITB (Government)" }, "geometry": { "type": "Point", "coordinates": [ 1008794.886456765118055, 3505070.58243364142254 ] } },
{ "type": "Feature", "properties": { "name": "GGHS ANJUMAN-E-ISLAMIA GOWALMANDI NEAR FOOD STREET", "school_type": "Secondary", "source": "PITB (Government)" }, "geometry": { "type": "Point", "coordinates": [ 1008961.140518460888416, 3505087.793332814238966 ] } },
{ "type": "Feature", "properties": { "name": "GHS CDG RAILWAY PAKKAY QUARTERS MUGHAL PURA", "school_type": "Secondary", "source": "PITB (Government)" }, "geometry": { "type": "Point", "coordinates": [ 1010278.963470464106649, 3505226.677530454006046 ] } },
{ "type": "Feature", "properties": { "name": "GGHS CDG JUNIOR MODEL DARAS BARAY MIAN MUGHALPURA", "school_type": "Secondary", "source": "PITB (Government)" }, "geometry": { "type": "Point", "coordinates": [ 1010477.308739383588545, 3505567.84381588222459 ] } },
{ "type": "Feature", "properties": { "name": "GHS MUGHAL PURA LAHORE", "school_type": "Secondary", "source": "PITB (Government)" }, "geometry": { "type": "Point", "coordinates": [ 1010059.650512370280921, 3505853.040322690270841 ] } },
{ "type": "Feature", "properties": { "name": "GGHS CDG RAILWAY COLONY MUGHAL PURA", "school_type": "Secondary", "source": "PITB (Government)" }, "geometry": { "type": "Point", "coordinates": [ 1010239.573834052775055, 3505902.997933187056333 ] } },
{ "type": "Feature", "properties": { "name": "GPS GULISTAN JUNIOR MODEL MUGHALPURA (JAMIL ABAD)", "school_type": "Primary", "source": "PITB (Government)" }, "geometry": { "type": "Point", "coordinates": [ 1009409.273395117372274, 3505903.280158759094775 ] } },
{ "type": "Feature", "properties": { "name": "GPS MOHALLAH QURESHAN USMAN ABAD", "school_type": "Primary", "source": "PITB (Government)" }, "geometry": { "type": "Point", "coordinates": [ 1009979.464083023369312, 3505950.83513540122658 ] } },
{ "type": "Feature", "properties": { "name": "GHS DAR-UL-FURQAN BEGUM PURA", "school_type": "Secondary", "source": "PITB (Government)" }, "geometry": { "type": "Point", "coordinates": [ 1009093.804155386984348, 3506417.748094031121582 ] } },
{ "type": "Feature", "properties": { "name": "GGHS MODEL MUGALPURA", "school_type": "Secondary", "source": "PITB (Government)" }, "geometry": { "type": "Point", "coordinates": [ 1011415.27413981850259, 3505296.950474780984223 ] } },
{ "type": "Feature", "properties": { "name": "GGHS CDG GULSHAN PARK", "school_type": "Secondary", "source": "PITB (Government)" }, "geometry": { "type": "Point", "coordinates": [ 1012333.939247818780132, 3505635.344059279188514 ] } },
{ "type": "Feature", "properties": { "name": "GES MC FATEH GARH", "school_type": "Elementary", "source": "PITB (Government)" }, "geometry": { "type": "Point", "coordinates": [ 1013181.860589252319187, 3505707.180603388231248 ] } },
{ "type": "Feature", "properties": { "name": "GGHS JORAY PEER COLONY BAGHBAN PURA", "school_type": "Secondary", "source": "PITB (Government)" }, "geometry": { "type": "Point", "coordinates": [ 1011817.369008088833652, 3505722.777133378665894 ] } },
{ "type": "Feature", "properties": { "name": "GGHS CDG SAHWARI MUGHAL PURA", "school_type": "Secondary", "source": "PITB (Government)" }, "geometry": { "type": "Point", "coordinates": [ 1011372.737950474140234, 3505798.532982279080898 ] } },
{ "type": "Feature", "properties": { "name": "GGPS WAHID FATEH GARH", "school_type": "Primary", "source": "PITB (Government)" }, "geometry": { "type": "Point", "coordinates": [ 1013097.230123771354556, 3505989.088583127595484 ] } },
{ "type": "Feature", "properties": { "name": "GPS DARAS BARY MIAN", "school_type": "Primary", "source": "PITB (Government)" }, "geometry": { "type": "Point", "coordinates": [ 1010750.049533392651938, 3505997.504292287863791 ] } },
{ "type": "Feature", "properties": { "name": "GPS KHALID MODEL KOTLI PIR ABDUL", "school_type": "Primary", "source": "PITB (Government)" }, "geometry": { "type": "Point", "coordinates": [ 1011570.304073831764981, 3506196.657168701291084 ] } },
{ "type": "Feature", "properties": { "name": "GGHS MODERN MUGHALPURA SHALIMAR LINK ROAD", "school_type": "Secondary", "source": "PITB (Government)" }, "geometry": { "type": "Point", "coordinates": [ 1011107.72331030969508, 3506332.926699141971767 ] } },
{ "type": "Feature", "properties": { "name": "GES CDG KOTLI PIR ABDUL REHMAN", "school_type": "Elementary", "source": "PITB (Government)" }, "geometry": { "type": "Point", "coordinates": [ 1011750.519228387391195, 3506360.658456408884376 ] } },
{ "type": "Feature", "properties": { "name": "GHS CDG ENGIN SHED HOPE ROAD", "school_type": "Secondary", "source": "PITB (Government)" }, "geometry": { "type": "Point", "coordinates": [ 1007890.806519618490711, 3505456.017288130242378 ] } },
{ "type": "Feature", "properties": { "name": "GGHS KINNAIRD 4-EMPRESS ROAD LAHORE", "school_type": "Secondary", "source": "PITB (Government)" }, "geometry": { "type": "Point", "coordinates": [ 1006607.360177135095, 3505513.708675397094339 ] } },
{ "type": "Feature", "properties": { "name": "GES MODEL PATHI GROUND LAHORE", "school_type": "Elementary", "source": "PITB (Government)" }, "geometry": { "type": "Point", "coordinates": [ 1006038.055825757328421, 3505545.270489042624831 ] } },
{ "type": "Feature", "properties": { "name": "GGES CDG JUNIOR MODEL CHOWK DALGIRAN", "school_type": "Elementary", "source": "PITB (Government)" }, "geometry": { "type": "Point", "coordinates": [ 1006049.798417213140056, 3505653.546441480517387 ] } },
{ "type": "Feature", "properties": { "name": "GPS ENGINEERING UNIVERSITY LHR", "school_type": "Primary", "source": "PITB (Government)" }, "geometry": { "type": "Point", "coordinates": [ 1008126.105260381475091, 3505966.240429376251996 ] } },
{ "type": "Feature", "properties": { "name": "GHS CDG TEZAB AHATA", "school_type": "Secondary", "source": "PITB (Government)" }, "geometry": { "type": "Point", "coordinates": [ 1007808.011086270678788, 3506385.524682580959052 ] } },
{ "type": "Feature", "properties": { "name": "GHS CHAMRA MANDI LAHORE", "school_type": "Secondary", "source": "PITB (Government)" }, "geometry": { "type": "Point", "coordinates": [ 1006787.000227343174629, 3506400.983322410378605 ] } },
{ "type": "Feature", "properties": { "name": "GGHS CHAMRA MANDI FAIZ BAGH", "school_type": "Secondary", "source": "PITB (Government)" }, "geometry": { "type": "Point", "coordinates": [ 1006400.579223526176065, 3506406.860670448746532 ] } },
{ "type": "Feature", "properties": { "name": "GGHS CDG DODI PIR JINNAH PARK SULTAN PURA", "school_type": "Secondary", "source": "PITB (Government)" }, "geometry": { "type": "Point", "coordinates": [ 1007315.416563974693418, 3506411.784980776719749 ] } },
{ "type": "Feature", "properties": { "name": "GGES MODEL OLD FRUIT MARKET 2-MORIA PUL LUNDA BAZAR", "school_type": "Elementary", "source": "PITB (Government)" }, "geometry": { "type": "Point", "coordinates": [ 1006187.094471047632396, 3506414.119733359199017 ] } },
{ "type": "Feature", "properties": { "name": "GHS MUSLIM NO. 1 RAM GHALI", "school_type": "Secondary", "source": "PITB (Government)" }, "geometry": { "type": "Point", "coordinates": [ 1005674.823457466787659, 3505880.480656710918993 ] } },
{ "type": "Feature", "properties": { "name": "GHS MODEL SHAHALAM GATE LHR", "school_type": "Secondary", "source": "PITB (Government)" }, "geometry": { "type": "Point", "coordinates": [ 1004806.770539859076962, 3505890.672080822754651 ] } },
{ "type": "Feature", "properties": { "name": "GGPS JUNIOR MODEL JORAY MORI", "school_type": "Primary", "source": "PITB (Government)" }, "geometry": { "type": "Point", "coordinates": [ 1004794.398250209866092, 3506014.569069128017873 ] } },
{ "type": "Feature", "properties": { "name": "GGHS FOREMAN SHAHALAM MARKET", "school_type": "Secondary", "source": "PITB (Government)" }, "geometry": { "type": "Point", "coordinates": [ 1004828.083508596988395, 3506131.729800306726247 ] } },
{ "type": "Feature", "properties": { "name": "GPS CDG WACHO WAL", "school_type": "Primary", "source": "PITB (Government)" }, "geometry": { "type": "Point", "coordinates": [ 1004769.710081586265005, 3506167.032787799369544 ] } },
{ "type": "Feature", "properties": { "name": "GGES MC JUNIOR MODEL SUTAR MANDI", "school_type": "Elementary", "source": "PITB (Government)" }, "geometry": { "type": "Point", "coordinates": [ 1004696.341759826522321, 3506191.126109936740249 ] } },
{ "type": "Feature", "properties": { "name": "GGHS TALIM UL BINAT SHESHA MOTI BAZAR LAHORE", "school_type": "Secondary", "source": "PITB (Government)" }, "geometry": { "type": "Point", "coordinates": [ 1004696.341759826522321, 3506191.126109936740249 ] } },
{ "type": "Feature", "properties": { "name": "GES MODEL SHAH MUHAMMAD GHOUS", "school_type": "Elementary", "source": "PITB (Government)" }, "geometry": { "type": "Point", "coordinates": [ 1005695.179093282902613, 3506269.180717635434121 ] } },
{ "type": "Feature", "properties": { "name": "GGHS TEHZEEB-UL-BINAT TAKIA SADHUAN LAHORE", "school_type": "Secondary", "source": "PITB (Government)" }, "geometry": { "type": "Point", "coordinates": [ 1005211.450659431051463, 3506319.233419687487185 ] } },
{ "type": "Feature", "properties": { "name": "GES MODREN TAKIA SADUAN", "school_type": "Elementary", "source": "PITB (Government)" }, "geometry": { "type": "Point", "coordinates": [ 1005239.398034935817122, 3506337.060434709303081 ] } },
{ "type": "Feature", "properties": { "name": "GPS FARRUKH MODEL SWAMI NAGAR", "school_type": "Primary", "source": "PITB (Government)" }, "geometry": { "type": "Point", "coordinates": [ 1007808.051136991241947, 3506417.76981483027339 ] } },
{ "type": "Feature", "properties": { "name": "GGES CDG JUNIOR MODEL KUCHA MUHAMMADI", "school_type": "Elementary", "source": "PITB (Government)" }, "geometry": { "type": "Point", "coordinates": [ 1007515.249645878793672, 3506530.088818530552089 ] } },
{ "type": "Feature", "properties": { "name": "GGES CDG JUNIOR MODEL CHAH MIRAN SULTAN PURA", "school_type": "Elementary", "source": "PITB (Government)" }, "geometry": { "type": "Point", "coordinates": [ 1007186.447432566899806, 3506723.628839157056063 ] } },
{ "type": "Feature", "properties": { "name": "GES CDG NAULAKHA PARK", "school_type": "Elementary", "source": "PITB (Government)" }, "geometry": { "type": "Point", "coordinates": [ 1007132.790303768124431, 3506770.846973087172955 ] } },
{ "type": "Feature", "properties": { "name": "GGES GHORAY SHAH", "school_type": "Elementary", "source": "PITB (Government)" }, "geometry": { "type": "Point", "coordinates": [ 1007915.58134413138032, 3506823.687537984456867 ] } },
{ "type": "Feature", "properties": { "name": "GPS PUNJ PEER ROAD MISRI SHAH", "school_type": "Primary", "source": "PITB (Government)" }, "geometry": { "type": "Point", "coordinates": [ 1007016.471188249066472, 3506848.782762638758868 ] } },
{ "type": "Feature", "properties": { "name": "GHS CDG JAHANGIR ABAD MISRI SHAH LAHORE", "school_type": "Secondary", "source": "PITB (Government)" }, "geometry": { "type": "Point", "coordinates": [ 1006203.63958135782741, 3506852.983510255347937 ] } },
{ "type": "Feature", "properties": { "name": "GGHS PAK MODEL SULTAN PURA", "school_type": "Secondary", "source": "PITB (Government)" }, "geometry": { "type": "Point", "coordinates": [ 1007131.526746027171612, 3506857.495851231273264 ] } },
{ "type": "Feature", "properties": { "name": "GHS ISLAMIA MISRI SHAH", "school_type": "Secondary", "source": "PITB (Government)" }, "geometry": { "type": "Point", "coordinates": [ 1006205.872946842922829, 3506858.369186974596232 ] } },
{ "type": "Feature", "properties": { "name": "GGHS MADRISA TUL BINAT KACHO PURA", "school_type": "Secondary", "source": "PITB (Government)" }, "geometry": { "type": "Point", "coordinates": [ 1006853.005206612986512, 3506871.720704726874828 ] } },
{ "type": "Feature", "properties": { "name": "GGHS CDG JUNIOR MODEL KOTLI PIR ABDUL REHMAN", "school_type": "Secondary", "source": "PITB (Government)" }, "geometry": { "type": "Point", "coordinates": [ 1011778.010494976071641, 3506366.584630036260933 ] } },
{ "type": "Feature", "properties": { "name": "GPS BOHAR WARI SHALIMAR TOWN SALAMAT PURA", "school_type": "Primary", "source": "PITB (Government)" }, "geometry": { "type": "Point", "coordinates": [ 1013542.855273463530466, 3506433.249984335154295 ] } },
{ "type": "Feature", "properties": { "name": "GGPS SOHARWARDIA", "school_type": "Primary", "source": "PITB (Government)" }, "geometry": { "type": "Point", "coordinates": [ 1012339.067396400962025, 3506454.341666239313781 ] } },
{ "type": "Feature", "properties": { "name": "GGPS KACHA BAGH", "school_type": "Primary", "source": "PITB (Government)" }, "geometry": { "type": "Point", "coordinates": [ 1010727.183194726123475, 3506760.014057651627809 ] } },
{ "type": "Feature", "properties": { "name": "GHS CDG G.T. ROAD BAGHBAN PURA", "school_type": "Secondary", "source": "PITB (Government)" }, "geometry": { "type": "Point", "coordinates": [ 1010752.766140986699611, 3506824.49295259732753 ] } },
{ "type": "Feature", "properties": { "name": "GGPS MC NO.1 BAGHBAN PURA", "school_type": "Primary", "source": "PITB (Government)" }, "geometry": { "type": "Point", "coordinates": [ 1010810.936617400147952, 3506838.801011311355978 ] } },
{ "type": "Feature", "properties": { "name": "GHS MUSLIM BAGHBAN PURA", "school_type": "Secondary", "source": "PITB (Government)" }, "geometry": { "type": "Point", "coordinates": [ 1010723.084734007366933, 3506872.875852536410093 ] } },
{ "type": "Feature", "properties": { "name": "GHS FAROOQI ISLAMIA BAGHBAN PURA", "school_type": "Secondary", "source": "PITB (Government)" }, "geometry": { "type": "Point", "coordinates": [ 1010856.884639366413467, 3506916.202488704584539 ] } },
{ "type": "Feature", "properties": { "name": "GGES ASHRAF DAROGAWALA", "school_type": "Elementary", "source": "PITB (Government)" }, "geometry": { "type": "Point", "coordinates": [ 1013059.205659396480769, 3506930.406700609251857 ] } },
{ "type": "Feature", "properties": { "name": "GHS BAGHBAN PURA", "school_type": "Secondary", "source": "PITB (Government)" }, "geometry": { "type": "Point", "coordinates": [ 1010809.702801971929148, 3506948.590236264746636 ] } },
{ "type": "Feature", "properties": { "name": "GGES CDG BEGUM PURA", "school_type": "Elementary", "source": "PITB (Government)" }, "geometry": { "type": "Point", "coordinates": [ 1009093.006439993623644, 3506420.172483006492257 ] } },
{ "type": "Feature", "properties": { "name": "GGHS MUSLIM BAGHBAN PURA", "school_type": "Secondary", "source": "PITB (Government)" }, "geometry": { "type": "Point", "coordinates": [ 1010569.58044248551596, 3506608.430686473846436 ] } },
{ "type": "Feature", "properties": { "name": "GGHSS SINGH PURA", "school_type": "Secondary", "source": "PITB (Government)" }, "geometry": { "type": "Point", "coordinates": [ 1009089.572412524838001, 3506698.017614201642573 ] } },
{ "type": "Feature", "properties": { "name": "GGHS CHIRAGH BEGUM PURA", "school_type": "Secondary", "source": "PITB (Government)" }, "geometry": { "type": "Point", "coordinates": [ 1009117.251510998466983, 3506710.143356574699283 ] } },
{ "type": "Feature", "properties": { "name": "GHSS COMPRESHENSIVE GHORAY SHAH", "school_type": "Secondary", "source": "PITB (Government)" }, "geometry": { "type": "Point", "coordinates": [ 1008423.096106760436669, 3506834.320936011150479 ] } },
{ "type": "Feature", "properties": { "name": "GGPS CDG JUNIOR MODEL SINGH PURA", "school_type": "Primary", "source": "PITB (Government)" }, "geometry": { "type": "Point", "coordinates": [ 1009541.04709253506735, 3506836.711749040987343 ] } },
{ "type": "Feature", "properties": { "name": "GGES CDG BHAGBAN PURA BHOGIWAL", "school_type": "Elementary", "source": "PITB (Government)" }, "geometry": { "type": "Point", "coordinates": [ 1009990.251092136022635, 3506918.506100749131292 ] } },
{ "type": "Feature", "properties": { "name": "GPS CDG MADHO LAL HUSSAIN BAGHBAN PURA", "school_type": "Primary", "source": "PITB (Government)" }, "geometry": { "type": "Point", "coordinates": [ 1010039.086138408863917, 3506932.184155128430575 ] } },
{ "type": "Feature", "properties": { "name": "GGPS MODERN BHOGIWAL BAGHBAN PURA", "school_type": "Primary", "source": "PITB (Government)" }, "geometry": { "type": "Point", "coordinates": [ 1009585.908910823054612, 3507044.115829769521952 ] } },
{ "type": "Feature", "properties": { "name": "GGES MADHU LAL HUSSAIN (OLD NAME SAEEDA MODEL)", "school_type": "Elementary", "source": "PITB (Government)" }, "geometry": { "type": "Point", "coordinates": [ 1010323.893074434250593, 3507154.583535020705312 ] } },
{ "type": "Feature", "properties": { "name": "GGHS MADRASA-TUL-BINAT MISRI SHAH AZIZ ROAD", "school_type": "Secondary", "source": "PITB (Government)" }, "geometry": { "type": "Point", "coordinates": [ 1006260.327041503973305, 3506969.199656936805695 ] } },
{ "type": "Feature", "properties": { "name": "GGHS MODEL ELAHI PARK WASSAN PURA LHR", "school_type": "Secondary", "source": "PITB (Government)" }, "geometry": { "type": "Point", "coordinates": [ 1006543.958046133047901, 3507129.404257502872497 ] } },
{ "type": "Feature", "properties": { "name": "GGES CDG JUNIOR MODEL MISRI SHAH", "school_type": "Elementary", "source": "PITB (Government)" }, "geometry": { "type": "Point", "coordinates": [ 1006559.541952681494877, 3507291.662093359977007 ] } },
{ "type": "Feature", "properties": { "name": "GGHS NEW FATIMA JINNAH MISRISHAH LAHORE", "school_type": "Secondary", "source": "PITB (Government)" }, "geometry": { "type": "Point", "coordinates": [ 1006365.708042540587485, 3507304.204967287369072 ] } },
{ "type": "Feature", "properties": { "name": "GGES CDG JUNIOR MODEL CENTRAL ROAD CHAH MIRAN", "school_type": "Elementary", "source": "PITB (Government)" }, "geometry": { "type": "Point", "coordinates": [ 1007976.615410908125341, 3507415.22865249728784 ] } },
{ "type": "Feature", "properties": { "name": "GES MUNAWAR WASAN PURA", "school_type": "Elementary", "source": "PITB (Government)" }, "geometry": { "type": "Point", "coordinates": [ 1006767.970185343641788, 3507473.434397701639682 ] } },
{ "type": "Feature", "properties": { "name": "GHS ISLAMIA CHAH MIRAN", "school_type": "Secondary", "source": "PITB (Government)" }, "geometry": { "type": "Point", "coordinates": [ 1007136.823061776580289, 3507518.238375848159194 ] } },
{ "type": "Feature", "properties": { "name": "GES CDG CHAH MIRAN", "school_type": "Elementary", "source": "PITB (Government)" }, "geometry": { "type": "Point", "coordinates": [ 1007595.563305136049166, 3507650.310303922742605 ] } },
{ "type": "Feature", "properties": { "name": "GGHS SAEEDA ISLAMIA WASSAN PURA SCHEME NO 2. LHR CANTT.", "school_type": "Secondary", "source": "PITB (Government)" }, "geometry": { "type": "Point", "coordinates": [ 1007810.44946805620566, 3507655.135653647594154 ] } },
{ "type": "Feature", "properties": { "name": "GGPS CDG SHAD BAGH", "school_type": "Primary", "source": "PITB (Government)" }, "geometry": { "type": "Point", "coordinates": [ 1006656.050247791223228, 3507900.677333494182676 ] } },
{ "type": "Feature", "properties": { "name": "GPS CDG SHERANWALA GATE", "school_type": "Primary", "source": "PITB (Government)" }, "geometry": { "type": "Point", "coordinates": [ 1005475.308567760512233, 3506960.047609162051231 ] } },
{ "type": "Feature", "properties": { "name": "GGES CDG JUNIOR MODEL MASTI GATE", "school_type": "Elementary", "source": "PITB (Government)" }, "geometry": { "type": "Point", "coordinates": [ 1004834.55040284153074, 3507074.241913036443293 ] } },
{ "type": "Feature", "properties": { "name": "GGES KASHMIR BADAMI BAGH", "school_type": "Elementary", "source": "PITB (Government)" }, "geometry": { "type": "Point", "coordinates": [ 1005724.528110316954553, 3507210.711307283956558 ] } },
{ "type": "Feature", "properties": { "name": "GGPS JUNIOR MODEL IQBAL PARK", "school_type": "Primary", "source": "PITB (Government)" }, "geometry": { "type": "Point", "coordinates": [ 1004552.049905463820323, 3508063.636442420072854 ] } },
{ "type": "Feature", "properties": { "name": "GGPS CDG JUNIOR MODEL DATA NAGAR BADAMI BAGH", "school_type": "Primary", "source": "PITB (Government)" }, "geometry": { "type": "Point", "coordinates": [ 1005023.694372521014884, 3508238.478228592779487 ] } },
{ "type": "Feature", "properties": { "name": "GES MC BADAMI BAGH NO. 1", "school_type": "Elementary", "source": "PITB (Government)" }, "geometry": { "type": "Point", "coordinates": [ 1005019.907890221453272, 3508262.382402923889458 ] } },
{ "type": "Feature", "properties": { "name": "GGHS MUHAMMADIA DATA NAGAR", "school_type": "Secondary", "source": "PITB (Government)" }, "geometry": { "type": "Point", "coordinates": [ 1004875.045932599343359, 3508328.872914362233132 ] } },
{ "type": "Feature", "properties": { "name": "GGPS JUNIOR MODEL HAVELI PATHRANWALI MOCHI GATE LHR", "school_type": "Primary", "source": "PITB (Government)" }, "geometry": { "type": "Point", "coordinates": [ 1004430.307936537195928, 3508733.174773376900703 ] } },
{ "type": "Feature", "properties": { "name": "GGES CDG JUNIOR MODEL MOCHI GATE", "school_type": "Elementary", "source": "PITB (Government)" }, "geometry": { "type": "Point", "coordinates": [ 1004430.307936537195928, 3508733.174773376900703 ] } },
{ "type": "Feature", "properties": { "name": "GGES CDG JUNIOR MODEL SADDIQUE PURA WAPDA COLONY", "school_type": "Elementary", "source": "PITB (Government)" }, "geometry": { "type": "Point", "coordinates": [ 1004435.360145131475292, 3508753.442288483958691 ] } },
{ "type": "Feature", "properties": { "name": "GPS ASLAM BAGHBAN PURA LHR", "school_type": "Primary", "source": "PITB (Government)" }, "geometry": { "type": "Point", "coordinates": [ 1011193.432005929411389, 3507214.237131464295089 ] } },
{ "type": "Feature", "properties": { "name": "GGES NEW ISLAMIA NAFEER ABAD", "school_type": "Elementary", "source": "PITB (Government)" }, "geometry": { "type": "Point", "coordinates": [ 1012465.807347301742993, 3507512.711693243589252 ] } },
{ "type": "Feature", "properties": { "name": "GGHS SHALIMAR TOWN LAHORE", "school_type": "Secondary", "source": "PITB (Government)" }, "geometry": { "type": "Point", "coordinates": [ 1012165.008862099261023, 3507528.540008176583797 ] } },
{ "type": "Feature", "properties": { "name": "GMMS USMANIA DAROGAWALA", "school_type": "Other Govt", "source": "PITB (Government)" }, "geometry": { "type": "Point", "coordinates": [ 1012955.115244878688827, 3507541.221227831672877 ] } },
{ "type": "Feature", "properties": { "name": "GGES MC SHALIMAR TOWN", "school_type": "Elementary", "source": "PITB (Government)" }, "geometry": { "type": "Point", "coordinates": [ 1011683.254127861466259, 3507602.344106242060661 ] } },
{ "type": "Feature", "properties": { "name": "GHS CDG NIM PIR SHALIMAR TOWN", "school_type": "Secondary", "source": "PITB (Government)" }, "geometry": { "type": "Point", "coordinates": [ 1012659.787257494172081, 3507880.109977543354034 ] } },
{ "type": "Feature", "properties": { "name": "GPS NAWAB BAGHBAN PURA LAHORE", "school_type": "Primary", "source": "PITB (Government)" }, "geometry": { "type": "Point", "coordinates": [ 1011009.032242795452476, 3508126.92619094485417 ] } },
{ "type": "Feature", "properties": { "name": "GGES KHIZAR ABAD", "school_type": "Elementary", "source": "PITB (Government)" }, "geometry": { "type": "Point", "coordinates": [ 1011375.411532815429382, 3508233.107889864128083 ] } },
{ "type": "Feature", "properties": { "name": "GPS QADRIA SHALIMAR TOWN", "school_type": "Primary", "source": "PITB (Government)" }, "geometry": { "type": "Point", "coordinates": [ 1012351.109351677936502, 3508359.507031242363155 ] } },
{ "type": "Feature", "properties": { "name": "GGHS TAHIR MODEL GULSHAN-E-SHALIMAR HOUSING SCHEME", "school_type": "Secondary", "source": "PITB (Government)" }, "geometry": { "type": "Point", "coordinates": [ 1010874.883426700020209, 3508505.536737866234034 ] } },
{ "type": "Feature", "properties": { "name": "GHS CDG WASAN PURA SCHEME NO. 2", "school_type": "Secondary", "source": "PITB (Government)" }, "geometry": { "type": "Point", "coordinates": [ 1007677.763171963044442, 3507953.736079617869109 ] } },
{ "type": "Feature", "properties": { "name": "GGHS WASAN PURA SCHEME NO. 2", "school_type": "Secondary", "source": "PITB (Government)" }, "geometry": { "type": "Point", "coordinates": [ 1007805.26895716204308, 3508066.282722558360547 ] } },
{ "type": "Feature", "properties": { "name": "GGHS CDG JUNIOR MODEL SHAD BAGH", "school_type": "Secondary", "source": "PITB (Government)" }, "geometry": { "type": "Point", "coordinates": [ 1006717.832197947660461, 3508265.976397227495909 ] } },
{ "type": "Feature", "properties": { "name": "GGHS PAK STANDARD SHAD BAGH LAHORE", "school_type": "Secondary", "source": "PITB (Government)" }, "geometry": { "type": "Point", "coordinates": [ 1006650.79173321207054, 3508288.23792427033186 ] } },
{ "type": "Feature", "properties": { "name": "GPS CDG BADAMI BAGH NO. 2", "school_type": "Primary", "source": "PITB (Government)" }, "geometry": { "type": "Point", "coordinates": [ 1006134.904649133561179, 3508300.90706871682778 ] } },
{ "type": "Feature", "properties": { "name": "GGPS HAMMAD COLONY NEW SHAD BAGH", "school_type": "Primary", "source": "PITB (Government)" }, "geometry": { "type": "Point", "coordinates": [ 1007591.034439394949004, 3508301.489413295872509 ] } },
{ "type": "Feature", "properties": { "name": "GGHS SHAD BAGH", "school_type": "Secondary", "source": "PITB (Government)" }, "geometry": { "type": "Point", "coordinates": [ 1006752.687722632428631, 3508604.518376295920461 ] } },
{ "type": "Feature", "properties": { "name": "GHS ISLAH-E-MOASHIRA SHAD BAGH LAHORE", "school_type": "Secondary", "source": "PITB (Government)" }, "geometry": { "type": "Point", "coordinates": [ 1006283.802598409820348, 3508809.637866608332843 ] } },
{ "type": "Feature", "properties": { "name": "GHS SHAD BAGH", "school_type": "Secondary", "source": "PITB (Government)" }, "geometry": { "type": "Point", "coordinates": [ 1007104.293528637848794, 3508850.63688152609393 ] } },
{ "type": "Feature", "properties": { "name": "GPS CDG JUNIOR MODEL BHUMA BUND ROAD LAHORE", "school_type": "Primary", "source": "PITB (Government)" }, "geometry": { "type": "Point", "coordinates": [ 1006939.417495465604588, 3509670.631171735003591 ] } },
{ "type": "Feature", "properties": { "name": "GGHS CDG KOT KHAWAJA SAEED", "school_type": "Secondary", "source": "PITB (Government)" }, "geometry": { "type": "Point", "coordinates": [ 1008803.165273007005453, 3507170.014315539505333 ] } },
{ "type": "Feature", "properties": { "name": "GHS CDG KOT KHAWAJA SAEED", "school_type": "Secondary", "source": "PITB (Government)" }, "geometry": { "type": "Point", "coordinates": [ 1008754.590447561000474, 3507195.10326594254002 ] } },
{ "type": "Feature", "properties": { "name": "GGPS RASHID MODEL", "school_type": "Primary", "source": "PITB (Government)" }, "geometry": { "type": "Point", "coordinates": [ 1009990.048612075624987, 3507461.209899242036045 ] } },
{ "type": "Feature", "properties": { "name": "GGHS SHAHEEN FAZAL PURA KOT KHAWAJA SAEED", "school_type": "Secondary", "source": "PITB (Government)" }, "geometry": { "type": "Point", "coordinates": [ 1008426.715634578606114, 3507507.889787143096328 ] } },
{ "type": "Feature", "properties": { "name": "GPS PAK WELFARE SOCIETY FAZAL PURA", "school_type": "Primary", "source": "PITB (Government)" }, "geometry": { "type": "Point", "coordinates": [ 1008433.813137968769297, 3507560.894123147241771 ] } },
{ "type": "Feature", "properties": { "name": "GPS ZARYAB BAGHBANPURA LAHORE", "school_type": "Primary", "source": "PITB (Government)" }, "geometry": { "type": "Point", "coordinates": [ 1010199.001829120446928, 3507647.7210299144499 ] } },
{ "type": "Feature", "properties": { "name": "GPS AUQAF PILOT MADHU LAL HUSSAIN", "school_type": "Primary", "source": "PITB (Government)" }, "geometry": { "type": "Point", "coordinates": [ 1010199.286082103615627, 3507649.900337205734104 ] } },
{ "type": "Feature", "properties": { "name": "GES TALEEM-O-TARBIAT BHAGAT PURA", "school_type": "Elementary", "source": "PITB (Government)" }, "geometry": { "type": "Point", "coordinates": [ 1008462.043485170230269, 3508509.151085744146258 ] } },
{ "type": "Feature", "properties": { "name": "GMMS KHOSHBOI PIR SHAHBAZ ROAD", "school_type": "Other Govt", "source": "PITB (Government)" }, "geometry": { "type": "Point", "coordinates": [ 1008428.146485009929165, 3509018.715821445919573 ] } },
{ "type": "Feature", "properties": { "name": "GGES KROLL WAR", "school_type": "Elementary", "source": "PITB (Government)" }, "geometry": { "type": "Point", "coordinates": [ 1009654.386566677130759, 3512836.37299202894792 ] } },
{ "type": "Feature", "properties": { "name": "GPS FAIZ-E-AM QAZAFI COLONY BADAMI BAGH", "school_type": "Primary", "source": "PITB (Government)" }, "geometry": { "type": "Point", "coordinates": [ 1005016.132897189352661, 3509071.938758673612028 ] } },
{ "type": "Feature", "properties": { "name": "GGES CDG JUNIOR MODEL KHOKHAR PIND BADAMI BAGH", "school_type": "Elementary", "source": "PITB (Government)" }, "geometry": { "type": "Point", "coordinates": [ 1005881.339246558956802, 3509694.273865044116974 ] } },
{ "type": "Feature", "properties": { "name": "GPS NATHU KOT", "school_type": "Primary", "source": "PITB (Government)" }, "geometry": { "type": "Point", "coordinates": [ 1004950.659848634968512, 3514682.404950124677271 ] } },
{ "type": "Feature", "properties": { "name": "GPS KAROWL WAR", "school_type": "Primary", "source": "PITB (Government)" }, "geometry": { "type": "Point", "coordinates": [ 1009637.763781719608232, 3512847.08662386983633 ] } },
{ "type": "Feature", "properties": { "name": "GGPS ENO BHATTI", "school_type": "Primary", "source": "PITB (Government)" }, "geometry": { "type": "Point", "coordinates": [ 1010162.659408420324326, 3513698.338439204730093 ] } },
{ "type": "Feature", "properties": { "name": "GMMS ALI PUR", "school_type": "Other Govt", "source": "PITB (Government)" }, "geometry": { "type": "Point", "coordinates": [ 1009243.792258127126843, 3514670.389934982173145 ] } },
{ "type": "Feature", "properties": { "name": "GES WASAN PURA BHAMMAN JHUGIAN", "school_type": "Elementary", "source": "PITB (Government)" }, "geometry": { "type": "Point", "coordinates": [ 1007649.022474824101664, 3510301.566174085717648 ] } },
{ "type": "Feature", "properties": { "name": "GMMS KOT HADAYAT ALI", "school_type": "Other Govt", "source": "PITB (Government)" }, "geometry": { "type": "Point", "coordinates": [ 1007151.302004081197083, 3518319.301303082145751 ] } },
{ "type": "Feature", "properties": { "name": "GGPS DANDIAN", "school_type": "Primary", "source": "PITB (Government)" }, "geometry": { "type": "Point", "coordinates": [ 1007152.457612456521019, 3518325.379602733999491 ] } },
{ "type": "Feature", "properties": { "name": "GES BHENI PAR", "school_type": "Elementary", "source": "PITB (Government)" }, "geometry": { "type": "Point", "coordinates": [ 1012828.893090760684572, 3514260.668955677188933 ] } },
{ "type": "Feature", "properties": { "name": "GGCMS BHENI PAR", "school_type": "Other Govt", "source": "PITB (Government)" }, "geometry": { "type": "Point", "coordinates": [ 1012492.168189798248932, 3514275.023443095386028 ] } },
{ "type": "Feature", "properties": { "name": "GPS BUKAN WAL", "school_type": "Primary", "source": "PITB (Government)" }, "geometry": { "type": "Point", "coordinates": [ 1010639.752089566900395, 3515031.087104727514088 ] } },
{ "type": "Feature", "properties": { "name": "GPS JALLO MORE", "school_type": "Primary", "source": "PITB (Government)" }, "geometry": { "type": "Point", "coordinates": [ 1022015.154283604351804, 3508724.084784299600869 ] } },
{ "type": "Feature", "properties": { "name": "GGHSS JALLO MORE", "school_type": "Secondary", "source": "PITB (Government)" }, "geometry": { "type": "Point", "coordinates": [ 1022000.913997438037768, 3508763.774206367786974 ] } },
{ "type": "Feature", "properties": { "name": "GPS GOPAL PURA", "school_type": "Primary", "source": "PITB (Government)" }, "geometry": { "type": "Point", "coordinates": [ 1018269.010546065401286, 3508785.879324963316321 ] } },
{ "type": "Feature", "properties": { "name": "GGPS GOPAL PURA", "school_type": "Primary", "source": "PITB (Government)" }, "geometry": { "type": "Point", "coordinates": [ 1018272.948640809743665, 3508793.542038857005537 ] } },
{ "type": "Feature", "properties": { "name": "GHS ATTO KAY AWAN", "school_type": "Secondary", "source": "PITB (Government)" }, "geometry": { "type": "Point", "coordinates": [ 1021345.556422647787258, 3508949.038420524913818 ] } },
{ "type": "Feature", "properties": { "name": "GGCMES ATTO KAY AWAN BATA PUR", "school_type": "Other Govt", "source": "PITB (Government)" }, "geometry": { "type": "Point", "coordinates": [ 1021420.578519674600102, 3509060.426377733703703 ] } },
{ "type": "Feature", "properties": { "name": "GPS SHAH SHAHEED", "school_type": "Primary", "source": "PITB (Government)" }, "geometry": { "type": "Point", "coordinates": [ 1020657.166098120855168, 3509229.441262470558286 ] } },
{ "type": "Feature", "properties": { "name": "GGES DOGRAI KALAN", "school_type": "Elementary", "source": "PITB (Government)" }, "geometry": { "type": "Point", "coordinates": [ 1022121.417981002945453, 3509412.371757840272039 ] } },
{ "type": "Feature", "properties": { "name": "GGPS TEJ GARH", "school_type": "Primary", "source": "PITB (Government)" }, "geometry": { "type": "Point", "coordinates": [ 1017612.429902516072616, 3509487.925976018887013 ] } },
{ "type": "Feature", "properties": { "name": "GPS DOGRAI KALAN", "school_type": "Primary", "source": "PITB (Government)" }, "geometry": { "type": "Point", "coordinates": [ 1022105.239789215149358, 3509539.701434578280896 ] } },
{ "type": "Feature", "properties": { "name": "GGES WAHGA", "school_type": "Elementary", "source": "PITB (Government)" }, "geometry": { "type": "Point", "coordinates": [ 1027426.075543591054156, 3508871.515632925089449 ] } },
{ "type": "Feature", "properties": { "name": "GHS WAHGA", "school_type": "Secondary", "source": "PITB (Government)" }, "geometry": { "type": "Point", "coordinates": [ 1027708.878554737428203, 3508945.823333390522748 ] } },
{ "type": "Feature", "properties": { "name": "GPS JUGGIAN DARS", "school_type": "Primary", "source": "PITB (Government)" }, "geometry": { "type": "Point", "coordinates": [ 1023711.501631951658055, 3509009.968192841857672 ] } },
{ "type": "Feature", "properties": { "name": "GPS BHANO CHAK", "school_type": "Primary", "source": "PITB (Government)" }, "geometry": { "type": "Point", "coordinates": [ 1028753.002075886586681, 3509142.466845241375268 ] } },
{ "type": "Feature", "properties": { "name": "GES DIYAL", "school_type": "Elementary", "source": "PITB (Government)" }, "geometry": { "type": "Point", "coordinates": [ 1025355.535790481837466, 3509206.393185314256698 ] } },
{ "type": "Feature", "properties": { "name": "GGPS BHANO CHAK", "school_type": "Primary", "source": "PITB (Government)" }, "geometry": { "type": "Point", "coordinates": [ 1028742.894724876270629, 3509411.900008162949234 ] } },
{ "type": "Feature", "properties": { "name": "GGPS DIAL", "school_type": "Primary", "source": "PITB (Government)" }, "geometry": { "type": "Point", "coordinates": [ 1025071.590175517136231, 3509638.353976893238723 ] } },
{ "type": "Feature", "properties": { "name": "GPS CUSTOM COLONY WAHGA", "school_type": "Primary", "source": "PITB (Government)" }, "geometry": { "type": "Point", "coordinates": [ 1027546.238629654166289, 3509811.927012169267982 ] } },
{ "type": "Feature", "properties": { "name": "GGPS SANT PUR WAGHA", "school_type": "Primary", "source": "PITB (Government)" }, "geometry": { "type": "Point", "coordinates": [ 1026775.054642599774525, 3509825.562222722452134 ] } },
{ "type": "Feature", "properties": { "name": "GGCMS DAYAL", "school_type": "Other Govt", "source": "PITB (Government)" }, "geometry": { "type": "Point", "coordinates": [ 1024786.164361306466162, 3509862.279482684098184 ] } },
{ "type": "Feature", "properties": { "name": "GGES MOMAN PURA", "school_type": "Elementary", "source": "PITB (Government)" }, "geometry": { "type": "Point", "coordinates": [ 1014727.165561599307694, 3508167.579992887098342 ] } },
{ "type": "Feature", "properties": { "name": "GES MOMAN PURA WAHGA TOWN GT ROAD LAHORE", "school_type": "Elementary", "source": "PITB (Government)" }, "geometry": { "type": "Point", "coordinates": [ 1014743.718079547979869, 3508186.814620329067111 ] } },
{ "type": "Feature", "properties": { "name": "GPS SHARIF PURA", "school_type": "Primary", "source": "PITB (Government)" }, "geometry": { "type": "Point", "coordinates": [ 1014208.613010090077296, 3509044.028830152004957 ] } },
{ "type": "Feature", "properties": { "name": "GGES HUNDO GUJAR", "school_type": "Elementary", "source": "PITB (Government)" }, "geometry": { "type": "Point", "coordinates": [ 1016284.260772835463285, 3509701.65743543067947 ] } },
{ "type": "Feature", "properties": { "name": "GGHS LAKHODHER", "school_type": "Secondary", "source": "PITB (Government)" }, "geometry": { "type": "Point", "coordinates": [ 1014175.216425468330272, 3509717.522957867011428 ] } },
{ "type": "Feature", "properties": { "name": "GPS JHUGIAN LAKHODHER", "school_type": "Primary", "source": "PITB (Government)" }, "geometry": { "type": "Point", "coordinates": [ 1014719.168061008676887, 3510259.564128520898521 ] } },
{ "type": "Feature", "properties": { "name": "GGPS JHUGIAN LAKHODHER", "school_type": "Primary", "source": "PITB (Government)" }, "geometry": { "type": "Point", "coordinates": [ 1014806.031912780483253, 3510314.807635907549411 ] } },
{ "type": "Feature", "properties": { "name": "GPS GANJAY SINDHU", "school_type": "Primary", "source": "PITB (Government)" }, "geometry": { "type": "Point", "coordinates": [ 1016993.354663808597252, 3511972.992270269431174 ] } },
{ "type": "Feature", "properties": { "name": "GGPS GANJAY SINDHU", "school_type": "Primary", "source": "PITB (Government)" }, "geometry": { "type": "Point", "coordinates": [ 1016976.444544923724607, 3511974.041607048828155 ] } },
{ "type": "Feature", "properties": { "name": "GPS MARL MARY", "school_type": "Primary", "source": "PITB (Government)" }, "geometry": { "type": "Point", "coordinates": [ 1016528.354318546364084, 3512988.922484416980296 ] } },
{ "type": "Feature", "properties": { "name": "GHS NEW KROLE SHALIMAR TOWN", "school_type": "Secondary", "source": "PITB (Government)" }, "geometry": { "type": "Point", "coordinates": [ 1011859.209417911944911, 3508536.600449663121253 ] } },
{ "type": "Feature", "properties": { "name": "GPS NEW BUKEN WALI", "school_type": "Primary", "source": "PITB (Government)" }, "geometry": { "type": "Point", "coordinates": [ 1012048.801454582833685, 3508776.533688019961119 ] } },
{ "type": "Feature", "properties": { "name": "GPS SHADI PURA", "school_type": "Primary", "source": "PITB (Government)" }, "geometry": { "type": "Point", "coordinates": [ 1013117.300635964144021, 3508785.015982559882104 ] } },
{ "type": "Feature", "properties": { "name": "GPS ALIA TOWN BAGHBANPURA", "school_type": "Primary", "source": "PITB (Government)" }, "geometry": { "type": "Point", "coordinates": [ 1010773.795251284725964, 3509055.906111195683479 ] } },
{ "type": "Feature", "properties": { "name": "GES CDG MEHMOOD BOOTI", "school_type": "Elementary", "source": "PITB (Government)" }, "geometry": { "type": "Point", "coordinates": [ 1012156.14468912454322, 3509239.96168938325718 ] } },
{ "type": "Feature", "properties": { "name": "GGPS MC JUNIOR MODEL MEHMOOD BOOTI", "school_type": "Primary", "source": "PITB (Government)" }, "geometry": { "type": "Point", "coordinates": [ 1012122.896725951693952, 3509258.522536559496075 ] } },
{ "type": "Feature", "properties": { "name": "GPS CDG JUNIOR MODEL DAROGHA WALA", "school_type": "Primary", "source": "PITB (Government)" }, "geometry": { "type": "Point", "coordinates": [ 1012767.091807755641639, 3509308.122025029733777 ] } },
{ "type": "Feature", "properties": { "name": "GPS MOHALLAH ISLAM ABAD", "school_type": "Primary", "source": "PITB (Government)" }, "geometry": { "type": "Point", "coordinates": [ 1012807.838696805061772, 3509326.558418673463166 ] } },
{ "type": "Feature", "properties": { "name": "GHS LAKHODHER", "school_type": "Secondary", "source": "PITB (Government)" }, "geometry": { "type": "Point", "coordinates": [ 1013822.935839049052447, 3510056.741210231091827 ] } },
{ "type": "Feature", "properties": { "name": "GGPS SAGGIAN WASAU PURA", "school_type": "Primary", "source": "PITB (Government)" }, "geometry": { "type": "Point", "coordinates": [ 1011180.985041128937155, 3513299.726246942300349 ] } },
{ "type": "Feature", "properties": { "name": "GPS TEJ GARH", "school_type": "Primary", "source": "PITB (Government)" }, "geometry": { "type": "Point", "coordinates": [ 1017539.973560421494767, 3509739.312637340743095 ] } },
{ "type": "Feature", "properties": { "name": "GHS WAHGRAIN BATA PUR", "school_type": "Secondary", "source": "PITB (Government)" }, "geometry": { "type": "Point", "coordinates": [ 1021614.836956538376398, 3512369.506863610818982 ] } },
{ "type": "Feature", "properties": { "name": "GGES DOGACH", "school_type": "Elementary", "source": "PITB (Government)" }, "geometry": { "type": "Point", "coordinates": [ 1022206.043010742869228, 3512517.818724473938346 ] } },
{ "type": "Feature", "properties": { "name": "GGES BHASEEN", "school_type": "Elementary", "source": "PITB (Government)" }, "geometry": { "type": "Point", "coordinates": [ 1022308.77422359213233, 3513430.03465954400599 ] } },
{ "type": "Feature", "properties": { "name": "GPS BHASEEN", "school_type": "Primary", "source": "PITB (Government)" }, "geometry": { "type": "Point", "coordinates": [ 1022374.274603267433122, 3513490.990299157332629 ] } },
{ "type": "Feature", "properties": { "name": "GES AWAN DHAI WALA", "school_type": "Elementary", "source": "PITB (Government)" }, "geometry": { "type": "Point", "coordinates": [ 1018325.39678715239279, 3514004.288901838939637 ] } },
{ "type": "Feature", "properties": { "name": "GGPS AWAN DHAI WALA", "school_type": "Primary", "source": "PITB (Government)" }, "geometry": { "type": "Point", "coordinates": [ 1018180.703165286686271, 3514273.215181497856975 ] } },
{ "type": "Feature", "properties": { "name": "GGES JANDYALA", "school_type": "Elementary", "source": "PITB (Government)" }, "geometry": { "type": "Point", "coordinates": [ 1019351.394842396257445, 3514590.330935456324369 ] } },
{ "type": "Feature", "properties": { "name": "GPS JANDILA", "school_type": "Primary", "source": "PITB (Government)" }, "geometry": { "type": "Point", "coordinates": [ 1019406.359707054216415, 3514649.491712159942836 ] } },
{ "type": "Feature", "properties": { "name": "GPS DERA PIR MANADYNA", "school_type": "Primary", "source": "PITB (Government)" }, "geometry": { "type": "Point", "coordinates": [ 1021555.832975278724916, 3515083.656212083529681 ] } },
{ "type": "Feature", "properties": { "name": "GGPS LAKHAN KAY SHARIF", "school_type": "Primary", "source": "PITB (Government)" }, "geometry": { "type": "Point", "coordinates": [ 1023267.342183153727092, 3510036.943725928664207 ] } },
{ "type": "Feature", "properties": { "name": "GGPS MANA", "school_type": "Primary", "source": "PITB (Government)" }, "geometry": { "type": "Point", "coordinates": [ 1024864.969995703198947, 3510465.716485065873712 ] } },
{ "type": "Feature", "properties": { "name": "GPS THATHA THARRAN", "school_type": "Primary", "source": "PITB (Government)" }, "geometry": { "type": "Point", "coordinates": [ 1026013.544544768985361, 3512670.228824343532324 ] } },
{ "type": "Feature", "properties": { "name": "GGPS THATTA TARRAR", "school_type": "Primary", "source": "PITB (Government)" }, "geometry": { "type": "Point", "coordinates": [ 1026012.342291373875923, 3512672.677659520413727 ] } },
{ "type": "Feature", "properties": { "name": "GHS BHASIN LAHORE CANTT", "school_type": "Secondary", "source": "PITB (Government)" }, "geometry": { "type": "Point", "coordinates": [ 1022745.168822110863402, 3513110.907779957167804 ] } },
{ "type": "Feature", "properties": { "name": "GPS DERA MANGLI", "school_type": "Primary", "source": "PITB (Government)" }, "geometry": { "type": "Point", "coordinates": [ 1024358.81495915283449, 3513399.107352877501398 ] } },
{ "type": "Feature", "properties": { "name": "GPS THATHI KODA", "school_type": "Primary", "source": "PITB (Government)" }, "geometry": { "type": "Point", "coordinates": [ 1025530.612636105855927, 3514197.508442835882306 ] } },
{ "type": "Feature", "properties": { "name": "GGPS WISWIAN", "school_type": "Primary", "source": "PITB (Government)" }, "geometry": { "type": "Point", "coordinates": [ 1024165.498344117775559, 3515602.212133171036839 ] } },
{ "type": "Feature", "properties": { "name": "GGPS MODEL THATA DILWAN", "school_type": "Primary", "source": "PITB (Government)" }, "geometry": { "type": "Point", "coordinates": [ 1023706.731819549575448, 3517047.183205496985465 ] } },
{ "type": "Feature", "properties": { "name": "GGES MURL MARI LAHORE CANTT", "school_type": "Elementary", "source": "PITB (Government)" }, "geometry": { "type": "Point", "coordinates": [ 1016835.506957098958082, 3513292.654272303916514 ] } },
{ "type": "Feature", "properties": { "name": "GPS RAT GARH", "school_type": "Primary", "source": "PITB (Government)" }, "geometry": { "type": "Point", "coordinates": [ 1014109.287863423116505, 3514628.965723156929016 ] } },
{ "type": "Feature", "properties": { "name": "GPS MARAL PAR", "school_type": "Primary", "source": "PITB (Government)" }, "geometry": { "type": "Point", "coordinates": [ 1014657.276596802519634, 3515550.296514188870788 ] } },
{ "type": "Feature", "properties": { "name": "GPS ABADI HAYAT SHAH", "school_type": "Primary", "source": "PITB (Government)" }, "geometry": { "type": "Point", "coordinates": [ 1018213.710068903397769, 3515925.913642453961074 ] } },
{ "type": "Feature", "properties": { "name": "GGPS ARAZI TALWARA", "school_type": "Primary", "source": "PITB (Government)" }, "geometry": { "type": "Point", "coordinates": [ 1018179.856042236322537, 3516939.273598037194461 ] } },
{ "type": "Feature", "properties": { "name": "GGPS BHANI DHILWAN", "school_type": "Primary", "source": "PITB (Government)" }, "geometry": { "type": "Point", "coordinates": [ 1019775.381345715723, 3517431.510020576417446 ] } }
]
}
